p_id,unique_team_id,player_team_id,team_id_impute,player,numeric_id,position,team_name,player_game_count,avg_depth_of_target,avoided_tackles,caught_percent,contested_catch_rate,contested_receptions,contested_targets,declined_penalties,drop_rate,drops,first_downs,franchise_id,fumbles,grades_hands_drop,grades_hands_fumble,grades_offense,grades_pass_block,grades_pass_route,inline_rate,inline_snaps,interceptions,longest,pass_block_rate,pass_blocks,pass_plays,penalties,receptions,route_rate,routes,slot_rate,slot_snaps,targeted_qb_rating,targets,touchdowns,wide_rate,wide_snaps,yards,yards_after_catch,yards_after_catch_per_reception,yards_per_reception,yprr,week,year,plyr_number
brandonjohnson_den_2022_18,den_2022_18,brandonjohnson_den_2022,den_2022,brandonjohnson,40666,wr,den,1,13.3,1,75.0,0,0,0,0,0,0,0,0,0,0,0,0,0,0,0,0,0,0,0,0,0,0,0,0,0,0,0,0,0,0,0,0,0,0,0,0,0,18,2022,18
travishomer_sea_2022_18,sea_2022_18,travishomer_sea_2022,sea_2022,travishomer,45859,hb,sea,1,1.5,1,100.0,0,0,0,0,0,0,0,0,0,0,0,0,0,0,0,0,0,0,0,0,0,0,0,0,0,0,0,0,0,0,0,0,0,0,0,0,0,18,2022,18
cameronbrate_tb_2022_18,tb_2022_18,cameronbrate_tb_2022,tb_2022,cameronbrate,9207,te,tb,1,9.5,0,50.0,0,0,0,0,0,0,0,0,0,0,0,0,0,0,0,0,0,0,0,0,0,0,0,0,0,0,0,0,0,0,0,0,0,0,0,0,0,18,2022,18
nsimbawebster_chi_2022_18,chi_2022_18,nsimbawebster_chi_2022,chi_2022,nsimbawebster,48107,wr,chi,1,7.0,0,66.7,0,0,0,0,0,0,0,0,0,0,0,0,0,0,0,0,0,0,0,0,0,0,0,0,0,0,0,0,0,0,0,0,0,0,0,0,0,18,2022,18
erictomlinson_den_2022_18,den_2022_18,erictomlinson_den_2022,den_2022,erictomlinson,9786,te,den,1,4.0,0,100.0,0,0,0,0,0,0,0,0,0,0,0,0,0,0,0,0,0,0,0,0,0,0,0,0,0,0,0,0,0,0,0,0,0,0,0,0,0,18,2022,18
chrisconley_ten_2022_18,ten_2022_18,chrisconley_ten_2022,ten_2022,chrisconley,9509,wr,ten,1,5.7,0,100.0,0,0,0,0,0,0,0,0,0,0,0,0,0,0,0,0,0,0,0,0,0,0,0,0,0,0,0,0,0,0,0,0,0,0,0,0,0,18,2022,18
bennettskowronek_lar_2022_18,lar_2022_18,bennettskowronek_lar_2022,lar_2022,bennettskowronek,27948,wr,lar,1,8.0,1,33.3,0,0,0,0,0,0,0,0,0,0,0,0,0,0,0,0,0,0,0,0,0,0,0,0,0,0,0,0,0,0,0,0,0,0,0,0,0,18,2022,18
maxxwilliams_ari_2022_18,ari_2022_18,maxxwilliams_ari_2022,ari_2022,maxxwilliams,9488,te,ari,1,4.5,0,100.0,0,0,0,0,0,0,0,0,0,0,0,0,0,0,0,0,0,0,0,0,0,0,0,0,0,0,0,0,0,0,0,0,0,0,0,0,0,18,2022,18
kylengranson_ind_2022_18,ind_2022_18,kylengranson_ind_2022,ind_2022,kylengranson,40630,te,ind,1,16.0,0,100.0,0,0,0,0,0,0,0,0,0,0,0,0,0,0,0,0,0,0,0,0,0,0,0,0,0,0,0,0,0,0,0,0,0,0,0,0,0,18,2022,18
jamesproche_bal_2022_18,bal_2022_18,jamesproche_bal_2022,bal_2022,jamesproche,48037,wr,bal,1,15.0,0,0.0,0,0,0,0,0,0,0,0,0,0,0,0,0,0,0,0,0,0,0,0,0,0,0,0,0,0,0,0,0,0,0,0,0,0,0,0,0,18,2022,18
cedrickwilson_mia_2022_18,mia_2022_18,cedrickwilson_mia_2022,mia_2022,cedrickwilson,48170,wr,mia,1,15.0,0,50.0,0,0,0,0,0,0,0,0,0,0,0,0,0,0,0,0,0,0,0,0,0,0,0,0,0,0,0,0,0,0,0,0,0,0,0,0,0,18,2022,18
jalenreagor_min_2022_18,min_2022_18,jalenreagor_min_2022,min_2022,jalenreagor,61697,wr,min,1,22.5,0,0.0,0,0,0,0,0,0,0,0,0,0,0,0,0,0,0,0,0,0,0,0,0,0,0,0,0,0,0,0,0,0,0,0,0,0,0,0,0,18,2022,18
daylenbaldwin_cle_2022_18,cle_2022_18,daylenbaldwin_cle_2022,cle_2022,daylenbaldwin,64309,wr,cle,1,12.5,0,100.0,0,0,0,0,0,0,0,0,0,0,0,0,0,0,0,0,0,0,0,0,0,0,0,0,0,0,0,0,0,0,0,0,0,0,0,0,0,18,2022,18
dyamibrown_was_2022_18,was_2022_18,dyamibrown_was_2022,was_2022,dyamibrown,77986,wr,was,1,46.5,0,0.0,0,0,0,0,0,0,0,0,0,0,0,0,0,0,0,0,0,0,0,0,0,0,0,0,0,0,0,0,0,0,0,0,0,0,0,0,0,18,2022,18
ashtondulin_ind_2022_18,ind_2022_18,ashtondulin_ind_2022,ind_2022,ashtondulin,91479,wr,ind,1,10.5,0,100.0,0,0,0,0,0,0,0,0,0,0,0,0,0,0,0,0,0,0,0,0,0,0,0,0,0,0,0,0,0,0,0,0,0,0,0,0,0,18,2022,18
quintinmorris_buf_2022_18,buf_2022_18,quintinmorris_buf_2022,buf_2022,quintinmorris,61182,te,buf,1,16.0,0,100.0,0,0,0,0,0,0,0,0,0,0,0,0,0,0,0,0,0,0,0,0,0,0,0,0,0,0,0,0,0,0,0,0,0,0,0,0,0,18,2022,18
milesboykin_pit_2022_18,pit_2022_18,milesboykin_pit_2022,pit_2022,milesboykin,48209,wr,pit,1,0.0,0,100.0,0,0,0,0,0,0,0,0,0,0,0,0,0,0,0,0,0,0,0,0,0,0,0,0,0,0,0,0,0,0,0,0,0,0,0,0,0,18,2022,18
gunnerolszewski_pit_2022_18,pit_2022_18,gunnerolszewski_pit_2022,pit_2022,gunnerolszewski,95015,wr,pit,1,3.0,0,100.0,0,0,0,0,0,0,0,0,0,0,0,0,0,0,0,0,0,0,0,0,0,0,0,0,0,0,0,0,0,0,0,0,0,0,0,0,0,18,2022,18
braylonsanders_mia_2022_18,mia_2022_18,braylonsanders_mia_2022,mia_2022,braylonsanders,61457,wr,mia,1,27.0,0,0.0,0,0,0,0,0,0,0,0,0,0,0,0,0,0,0,0,0,0,0,0,0,0,0,0,0,0,0,0,0,0,0,0,0,0,0,0,0,18,2022,18
jackstoll_phi_2022_18,phi_2022_18,jackstoll_phi_2022,phi_2022,jackstoll,42058,te,phi,1,5.0,0,100.0,0,0,0,0,0,0,0,0,0,0,0,0,0,0,0,0,0,0,0,0,0,0,0,0,0,0,0,0,0,0,0,0,0,0,0,0,0,18,2022,18
demetricfelton_cle_2022_18,cle_2022_18,demetricfelton_cle_2022,cle_2022,demetricfelton,40568,wr,cle,1,-1.0,0,100.0,0,0,0,0,0,0,0,0,0,0,0,0,0,0,0,0,0,0,0,0,0,0,0,0,0,0,0,0,0,0,0,0,0,0,0,0,0,18,2022,18
teaganquitoriano_hou_2022_18,hou_2022_18,teaganquitoriano_hou_2022,hou_2022,teaganquitoriano,84036,te,hou,1,13.0,0,100.0,0,0,0,0,0,0,0,0,0,0,0,0,0,0,0,0,0,0,0,0,0,0,0,0,0,0,0,0,0,0,0,0,0,0,0,0,0,18,2022,18
nickvannett_nyg_2022_18,nyg_2022_18,nickvannett_nyg_2022,nyg_2022,nickvannett,10728,te,nyg,1,2.0,0,100.0,0,0,0,0,0,0,0,0,0,0,0,0,0,0,0,0,0,0,0,0,0,0,0,0,0,0,0,0,0,0,0,0,0,0,0,0,0,18,2022,18
deventhompkins_tb_2022_18,tb_2022_18,deventhompkins_tb_2022,tb_2022,deventhompkins,84480,wr,tb,1,3.0,2,100.0,0,0,0,0,0,0,0,0,0,0,0,0,0,0,0,0,0,0,0,0,0,0,0,0,0,0,0,0,0,0,0,0,0,0,0,0,0,18,2022,18
tylerkroft_sf_2022_18,sf_2022_18,tylerkroft_sf_2022,sf_2022,tylerkroft,9518,te,sf,1,18.0,0,100.0,0,0,0,0,0,0,0,0,0,0,0,0,0,0,0,0,0,0,0,0,0,0,0,0,0,0,0,0,0,0,0,0,0,0,0,0,0,18,2022,18
trestanebner_chi_2022_18,chi_2022_18,trestanebner_chi_2022,chi_2022,trestanebner,57159,hb,chi,1,-3.0,0,0.0,0,0,0,0,0,0,0,0,0,0,0,0,0,0,0,0,0,0,0,0,0,0,0,0,0,0,0,0,0,0,0,0,0,0,0,0,0,18,2022,18
joefortson_kc_2022_18,kc_2022_18,joefortson_kc_2022,kc_2022,joefortson,94384,te,kc,1,10.0,0,0.0,0,0,0,0,0,0,0,0,0,0,0,0,0,0,0,0,0,0,0,0,0,0,0,0,0,0,0,0,0,0,0,0,0,0,0,0,0,18,2022,18
grantcalcaterra_phi_2022_18,phi_2022_18,grantcalcaterra_phi_2022,phi_2022,grantcalcaterra,60997,te,phi,1,20.0,0,0.0,0,0,0,0,0,0,0,0,0,0,0,0,0,0,0,0,0,0,0,0,0,0,0,0,0,0,0,0,0,0,0,0,0,0,0,0,0,18,2022,18
jamarrchase_cin_2022_18,cin_2022_18,jamarrchase_cin_2022,cin_2022,jamarrchase,84270,wr,cin,1,10.0,3,72.7,0,0,0,0,0,0,0,0,0,0,0,0,0,0,0,0,0,0,0,0,0,0,0,0,0,0,0,0,0,0,0,0,0,0,0,0,0,18,2022,18
teehiggins_cin_2022_18,cin_2022_18,teehiggins_cin_2022,cin_2022,teehiggins,61211,wr,cin,1,11.7,0,88.9,0,0,0,0,0,0,0,0,0,0,0,0,0,0,0,0,0,0,0,0,0,0,0,0,0,0,0,0,0,0,0,0,0,0,0,0,0,18,2022,18
joemixon_cin_2022_18,cin_2022_18,joemixon_cin_2022,cin_2022,joemixon,11803,hb,cin,1,1.4,0,77.8,0,0,0,0,0,0,0,0,0,0,0,0,0,0,0,0,0,0,0,0,0,0,0,0,0,0,0,0,0,0,0,0,0,0,0,0,0,18,2022,18
tonypollard_dal_2022_18,dal_2022_18,tonypollard_dal_2022,dal_2022,tonypollard,27126,hb,dal,1,4.5,1,75.0,0,0,0,0,0,0,0,0,0,0,0,0,0,0,0,0,0,0,0,0,0,0,0,0,0,0,0,0,0,0,0,0,0,0,0,0,0,18,2022,18
olamidezaccheaus_atl_2022_18,atl_2022_18,olamidezaccheaus_atl_2022,atl_2022,olamidezaccheaus,44920,wr,atl,1,5.7,1,57.1,0,0,0,0,0,0,0,0,0,0,0,0,0,0,0,0,0,0,0,0,0,0,0,0,0,0,0,0,0,0,0,0,0,0,0,0,0,18,2022,18
mitchellwilcox_cin_2022_18,cin_2022_18,mitchellwilcox_cin_2022,cin_2022,mitchellwilcox,47234,te,cin,1,2.7,0,100.0,0,0,0,0,0,0,0,0,0,0,0,0,0,0,0,0,0,0,0,0,0,0,0,0,0,0,0,0,0,0,0,0,0,0,0,0,0,18,2022,18
gabrieldavis_buf_2022_18,buf_2022_18,gabrieldavis_buf_2022,buf_2022,gabrieldavis,55410,wr,buf,1,18.2,1,50.0,0,0,0,0,0,0,0,0,0,0,0,0,0,0,0,0,0,0,0,0,0,0,0,0,0,0,0,0,0,0,0,0,0,0,0,0,0,18,2022,18
dawsonknox_buf_2022_18,buf_2022_18,dawsonknox_buf_2022,buf_2022,dawsonknox,35883,te,buf,1,10.4,0,60.0,0,0,0,0,0,0,0,0,0,0,0,0,0,0,0,0,0,0,0,0,0,0,0,0,0,0,0,0,0,0,0,0,0,0,0,0,0,18,2022,18
tylerboyd_cin_2022_18,cin_2022_18,tylerboyd_cin_2022,cin_2022,tylerboyd,10689,wr,cin,1,4.3,0,75.0,0,0,0,0,0,0,0,0,0,0,0,0,0,0,0,0,0,0,0,0,0,0,0,0,0,0,0,0,0,0,0,0,0,0,0,0,0,18,2022,18
samajeperine_cin_2022_18,cin_2022_18,samajeperine_cin_2022,cin_2022,samajeperine,11869,hb,cin,1,1.5,0,75.0,0,0,0,0,0,0,0,0,0,0,0,0,0,0,0,0,0,0,0,0,0,0,0,0,0,0,0,0,0,0,0,0,0,0,0,0,0,18,2022,18
trentonirwin_cin_2022_18,cin_2022_18,trentonirwin_cin_2022,cin_2022,trentonirwin,48080,wr,cin,1,19.5,0,75.0,0,0,0,0,0,0,0,0,0,0,0,0,0,0,0,0,0,0,0,0,0,0,0,0,0,0,0,0,0,0,0,0,0,0,0,0,0,18,2022,18
jonnusmith_ne_2022_18,ne_2022_18,jonnusmith_ne_2022,ne_2022,jonnusmith,11855,te,ne,1,3.3,0,75.0,0,0,0,0,0,0,0,0,0,0,0,0,0,0,0,0,0,0,0,0,0,0,0,0,0,0,0,0,0,0,0,0,0,0,0,0,0,18,2022,18
deonjackson_ind_2022_18,ind_2022_18,deonjackson_ind_2022,ind_2022,deonjackson,57189,hb,ind,1,-3.3,0,100.0,0,0,0,0,0,0,0,0,0,0,0,0,0,0,0,0,0,0,0,0,0,0,0,0,0,0,0,0,0,0,0,0,0,0,0,0,0,18,2022,18
devinsingletary_buf_2022_18,buf_2022_18,devinsingletary_buf_2022,buf_2022,devinsingletary,40485,hb,buf,1,2.3,1,66.7,0,0,0,0,0,0,0,0,0,0,0,0,0,0,0,0,0,0,0,0,0,0,0,0,0,0,0,0,0,0,0,0,0,0,0,0,0,18,2022,18
khalilherbert_chi_2022_18,chi_2022_18,khalilherbert_chi_2022,chi_2022,khalilherbert,41668,hb,chi,1,-3.0,0,66.7,0,0,0,0,0,0,0,0,0,0,0,0,0,0,0,0,0,0,0,0,0,0,0,0,0,0,0,0,0,0,0,0,0,0,0,0,0,18,2022,18
anthonyfirkser_atl_2022_18,atl_2022_18,anthonyfirkser_atl_2022,atl_2022,anthonyfirkser,51837,te,atl,1,4.0,0,66.7,0,0,0,0,0,0,0,0,0,0,0,0,0,0,0,0,0,0,0,0,0,0,0,0,0,0,0,0,0,0,0,0,0,0,0,0,0,18,2022,18
ajdillon_gb_2022_18,gb_2022_18,ajdillon_gb_2022,gb_2022,ajdillon,57165,hb,gb,1,0.3,0,66.7,0,0,0,0,0,0,0,0,0,0,0,0,0,0,0,0,0,0,0,0,0,0,0,0,0,0,0,0,0,0,0,0,0,0,0,0,0,18,2022,18
ameerabdullah_lv_2022_18,lv_2022_18,ameerabdullah_lv_2022,lv_2022,ameerabdullah,9487,hb,lv,1,2.0,0,100.0,0,0,0,0,0,0,0,0,0,0,0,0,0,0,0,0,0,0,0,0,0,0,0,0,0,0,0,0,0,0,0,0,0,0,0,0,0,18,2022,18
stefondiggs_buf_2022_18,buf_2022_18,stefondiggs_buf_2022,buf_2022,stefondiggs,9579,wr,buf,1,12.5,1,100.0,0,0,0,0,0,0,0,0,0,0,0,0,0,0,0,0,0,0,0,0,0,0,0,0,0,0,0,0,0,0,0,0,0,0,0,0,0,18,2022,18
derrickhenry_ten_2022_18,ten_2022_18,derrickhenry_ten_2022,ten_2022,derrickhenry,10679,hb,ten,1,-0.5,0,100.0,0,0,0,0,0,0,0,0,0,0,0,0,0,0,0,0,0,0,0,0,0,0,0,0,0,0,0,0,0,0,0,0,0,0,0,0,0,18,2022,18
stephenanderson_ari_2022_18,ari_2022_18,stephenanderson_ari_2022,ari_2022,stephenanderson,11160,te,ari,1,5.5,0,0.0,0,0,0,0,0,0,0,0,0,0,0,0,0,0,0,0,0,0,0,0,0,0,0,0,0,0,0,0,0,0,0,0,0,0,0,0,0,18,2022,18
isaiahmckenzie_buf_2022_18,buf_2022_18,isaiahmckenzie_buf_2022,buf_2022,isaiahmckenzie,11927,wr,buf,1,27.5,0,0.0,0,0,0,0,0,0,0,0,0,0,0,0,0,0,0,0,0,0,0,0,0,0,0,0,0,0,0,0,0,0,0,0,0,0,0,0,0,18,2022,18
pennyhart_sea_2022_18,sea_2022_18,pennyhart_sea_2022,sea_2022,pennyhart,13534,wr,sea,1,10.5,0,50.0,0,0,0,0,0,0,0,0,0,0,0,0,0,0,0,0,0,0,0,0,0,0,0,0,0,0,0,0,0,0,0,0,0,0,0,0,0,18,2022,18
freddieswain_den_2022_18,den_2022_18,freddieswain_den_2022,den_2022,freddieswain,26448,wr,den,1,8.5,0,50.0,0,0,0,0,0,0,0,0,0,0,0,0,0,0,0,0,0,0,0,0,0,0,0,0,0,0,0,0,0,0,0,0,0,0,0,0,0,18,2022,18
marcedeslewis_gb_2022_18,gb_2022_18,marcedeslewis_gb_2022,gb_2022,marcedeslewis,2973,te,gb,1,17.5,0,100.0,0,0,0,0,0,0,0,0,0,0,0,0,0,0,0,0,0,0,0,0,0,0,0,0,0,0,0,0,0,0,0,0,0,0,0,0,0,18,2022,18
devinasiasi_cin_2022_18,cin_2022_18,devinasiasi_cin_2022,cin_2022,devinasiasi,40294,te,cin,1,2.5,0,100.0,0,0,0,0,0,0,0,0,0,0,0,0,0,0,0,0,0,0,0,0,0,0,0,0,0,0,0,0,0,0,0,0,0,0,0,0,0,18,2022,18
keithkirkwood_no_2022_18,no_2022_18,keithkirkwood_no_2022,no_2022,keithkirkwood,48017,wr,no,1,20.0,0,0.0,0,0,0,0,0,0,0,0,0,0,0,0,0,0,0,0,0,0,0,0,0,0,0,0,0,0,0,0,0,0,0,0,0,0,0,0,0,18,2022,18
nyheimhines_buf_2022_18,buf_2022_18,nyheimhines_buf_2022,buf_2022,nyheimhines,48103,hb,buf,1,13.0,1,50.0,0,0,0,0,0,0,0,0,0,0,0,0,0,0,0,0,0,0,0,0,0,0,0,0,0,0,0,0,0,0,0,0,0,0,0,0,0,18,2022,18
connorheyward_pit_2022_18,pit_2022_18,connorheyward_pit_2022,pit_2022,connorheyward,57301,te,pit,1,2.0,0,0.0,0,0,0,0,0,0,0,0,0,0,0,0,0,0,0,0,0,0,0,0,0,0,0,0,0,0,0,0,0,0,0,0,0,0,0,0,0,18,2022,18
pierrestrongjr_ne_2022_18,ne_2022_18,pierrestrongjr_ne_2022,ne_2022,pierrestrongjr,66619,hb,ne,1,2.5,0,100.0,0,0,0,0,0,0,0,0,0,0,0,0,0,0,0,0,0,0,0,0,0,0,0,0,0,0,0,0,0,0,0,0,0,0,0,0,0,18,2022,18
jamescook_buf_2022_18,buf_2022_18,jamescook_buf_2022,buf_2022,jamescook,83666,hb,buf,1,1.0,0,50.0,0,0,0,0,0,0,0,0,0,0,0,0,0,0,0,0,0,0,0,0,0,0,0,0,0,0,0,0,0,0,0,0,0,0,0,0,0,18,2022,18
davidbell_cle_2022_18,cle_2022_18,davidbell_cle_2022,cle_2022,davidbell,97989,wr,cle,1,8.5,1,50.0,0,0,0,0,0,0,0,0,0,0,0,0,0,0,0,0,0,0,0,0,0,0,0,0,0,0,0,0,0,0,0,0,0,0,0,0,0,18,2022,18
jalenvirgil_den_2022_18,den_2022_18,jalenvirgil_den_2022,den_2022,jalenvirgil,41991,wr,den,1,6.0,0,0.0,0,0,0,0,0,0,0,0,0,0,0,0,0,0,0,0,0,0,0,0,0,0,0,0,0,0,0,0,0,0,0,0,0,0,0,0,0,18,2022,18
reggiegilliam_buf_2022_18,buf_2022_18,reggiegilliam_buf_2022,buf_2022,reggiegilliam,40951,fb,buf,1,2.0,0,100.0,0,0,0,0,0,0,0,0,0,0,0,0,0,0,0,0,0,0,0,0,0,0,0,0,0,0,0,0,0,0,0,0,0,0,0,0,0,18,2022,18
malcolmbrown_lar_2022_18,lar_2022_18,malcolmbrown_lar_2022,lar_2022,malcolmbrown,9902,hb,lar,1,0.0,0,100.0,0,0,0,0,0,0,0,0,0,0,0,0,0,0,0,0,0,0,0,0,0,0,0,0,0,0,0,0,0,0,0,0,0,0,0,0,0,18,2022,18
milessanders_phi_2022_18,phi_2022_18,milessanders_phi_2022,phi_2022,milessanders,40555,hb,phi,1,0.0,0,100.0,0,0,0,0,0,0,0,0,0,0,0,0,0,0,0,0,0,0,0,0,0,0,0,0,0,0,0,0,0,0,0,0,0,0,0,0,0,18,2022,18
patricktaylorjr_gb_2022_18,gb_2022_18,patricktaylorjr_gb_2022,gb_2022,patricktaylorjr,40448,hb,gb,1,-1.0,0,100.0,0,0,0,0,0,0,0,0,0,0,0,0,0,0,0,0,0,0,0,0,0,0,0,0,0,0,0,0,0,0,0,0,0,0,0,0,0,18,2022,18
zackmoss_ind_2022_18,ind_2022_18,zackmoss_ind_2022,ind_2022,zackmoss,40341,hb,ind,1,-1.0,1,100.0,0,0,0,0,0,0,0,0,0,0,0,0,0,0,0,0,0,0,0,0,0,0,0,0,0,0,0,0,0,0,0,0,0,0,0,0,0,18,2022,18
zachgentry_pit_2022_18,pit_2022_18,zachgentry_pit_2022,pit_2022,zachgentry,36049,te,pit,1,1.0,0,100.0,0,0,0,0,0,0,0,0,0,0,0,0,0,0,0,0,0,0,0,0,0,0,0,0,0,0,0,0,0,0,0,0,0,0,0,0,0,18,2022,18
kirkmerritt_no_2022_18,no_2022_18,kirkmerritt_no_2022,no_2022,kirkmerritt,35096,wr,no,1,22.0,0,0.0,0,0,0,0,0,0,0,0,0,0,0,0,0,0,0,0,0,0,0,0,0,0,0,0,0,0,0,0,0,0,0,0,0,0,0,0,0,18,2022,18
justinjackson_det_2022_18,det_2022_18,justinjackson_det_2022,det_2022,justinjackson,29539,hb,det,1,7.0,0,0.0,0,0,0,0,0,0,0,0,0,0,0,0,0,0,0,0,0,0,0,0,0,0,0,0,0,0,0,0,0,0,0,0,0,0,0,0,0,18,2022,18
zachpascal_phi_2022_18,phi_2022_18,zachpascal_phi_2022,phi_2022,zachpascal,12303,wr,phi,1,5.0,0,100.0,0,0,0,0,0,0,0,0,0,0,0,0,0,0,0,0,0,0,0,0,0,0,0,0,0,0,0,0,0,0,0,0,0,0,0,0,0,18,2022,18
johnnymundt_min_2022_18,min_2022_18,johnnymundt_min_2022,min_2022,johnnymundt,12206,te,min,1,-1.0,0,100.0,0,0,0,0,0,0,0,0,0,0,0,0,0,0,0,0,0,0,0,0,0,0,0,0,0,0,0,0,0,0,0,0,0,0,0,0,0,18,2022,18
kyrenwilliams_lar_2022_18,lar_2022_18,kyrenwilliams_lar_2022,lar_2022,kyrenwilliams,97118,hb,lar,1,-6.0,0,100.0,0,0,0,0,0,0,0,0,0,0,0,0,0,0,0,0,0,0,0,0,0,0,0,0,0,0,0,0,0,0,0,0,0,0,0,0,0,18,2022,18
davidjohnson_no_2022_18,no_2022_18,davidjohnson_no_2022,no_2022,davidjohnson,9519,hb,no,1,3.0,0,100.0,0,0,0,0,0,0,0,0,0,0,0,0,0,0,0,0,0,0,0,0,0,0,0,0,0,0,0,0,0,0,0,0,0,0,0,0,0,18,2022,18
colebeasley_buf_2022_18,buf_2022_18,colebeasley_buf_2022,buf_2022,colebeasley,7330,wr,buf,1,5.0,0,100.0,0,0,0,0,0,0,0,0,0,0,0,0,0,0,0,0,0,0,0,0,0,0,0,0,0,0,0,0,0,0,0,0,0,0,0,0,0,18,2022,18
sammywatkins_bal_2022_18,bal_2022_18,sammywatkins_bal_2022,bal_2022,sammywatkins,8639,wr,bal,1,26.0,1,100.0,0,0,0,0,0,0,0,0,0,0,0,0,0,0,0,0,0,0,0,0,0,0,0,0,0,0,0,0,0,0,0,0,0,0,0,0,0,18,2022,18
cjham_min_2022_18,min_2022_18,cjham_min_2022,min_2022,cjham,11347,fb,min,1,4.0,0,100.0,0,0,0,0,0,0,0,0,0,0,0,0,0,0,0,0,0,0,0,0,0,0,0,0,0,0,0,0,0,0,0,0,0,0,0,0,0,18,2022,18
michaelwoodsii_cle_2022_18,cle_2022_18,michaelwoodsii_cle_2022,cle_2022,michaelwoodsii,84117,wr,cle,1,5.0,0,100.0,0,0,0,0,0,0,0,0,0,0,0,0,0,0,0,0,0,0,0,0,0,0,0,0,0,0,0,0,0,0,0,0,0,0,0,0,0,18,2022,18
khalilshakir_buf_2022_18,buf_2022_18,khalilshakir_buf_2022,buf_2022,khalilshakir,84140,wr,buf,1,5.0,0,100.0,0,0,0,0,0,0,0,0,0,0,0,0,0,0,0,0,0,0,0,0,0,0,0,0,0,0,0,0,0,0,0,0,0,0,0,0,0,18,2022,18
keelancole_lv_2022_18,lv_2022_18,keelancole_lv_2022,lv_2022,keelancole,51593,wr,lv,1,9.0,0,0.0,0,0,0,0,0,0,0,0,0,0,0,0,0,0,0,0,0,0,0,0,0,0,0,0,0,0,0,0,0,0,0,0,0,0,0,0,0,18,2022,18
parkerhesse_atl_2022_18,atl_2022_18,parkerhesse_atl_2022,atl_2022,parkerhesse,48369,te,atl,1,5.0,0,100.0,0,0,0,0,0,0,0,0,0,0,0,0,0,0,0,0,0,0,0,0,0,0,0,0,0,0,0,0,0,0,0,0,0,0,0,0,0,18,2022,18
scottymiller_tb_2022_18,tb_2022_18,scottymiller_tb_2022,tb_2022,scottymiller,47481,wr,tb,1,47.0,0,0.0,0,0,0,0,0,0,0,0,0,0,0,0,0,0,0,0,0,0,0,0,0,0,0,0,0,0,0,0,0,0,0,0,0,0,0,0,0,18,2022,18
ezekielelliott_dal_2022_18,dal_2022_18,ezekielelliott_dal_2022,dal_2022,ezekielelliott,10638,hb,dal,1,1.0,0,100.0,0,0,0,0,0,0,0,0,0,0,0,0,0,0,0,0,0,0,0,0,0,0,0,0,0,0,0,0,0,0,0,0,0,0,0,0,0,18,2022,18
jkdobbins_bal_2022_18,bal_2022_18,jkdobbins_bal_2022,bal_2022,jkdobbins,57366,hb,bal,1,1.0,0,0.0,0,0,0,0,0,0,0,0,0,0,0,0,0,0,0,0,0,0,0,0,0,0,0,0,0,0,0,0,0,0,0,0,0,0,0,0,0,18,2022,18
tremckitty_lac_2022_18,lac_2022_18,tremckitty_lac_2022,lac_2022,tremckitty,60896,te,lac,1,1.0,0,100.0,0,0,0,0,0,0,0,0,0,0,0,0,0,0,0,0,0,0,0,0,0,0,0,0,0,0,0,0,0,0,0,0,0,0,0,0,0,18,2022,18
justicehill_bal_2022_18,bal_2022_18,justicehill_bal_2022,bal_2022,justicehill,45865,hb,bal,1,1.0,0,100.0,0,0,0,0,0,0,0,0,0,0,0,0,0,0,0,0,0,0,0,0,0,0,0,0,0,0,0,0,0,0,0,0,0,0,0,0,0,18,2022,18
devontasmith_phi_2022_18,phi_2022_18,devontasmith_phi_2022,phi_2022,devontasmith,61100,wr,phi,1,8.0,0,69.2,0,0,0,0,0,0,0,0,0,0,0,0,0,0,0,0,0,0,0,0,0,0,0,0,0,0,0,0,0,0,0,0,0,0,0,0,0,18,2022,18
ceedeelamb_dal_2022_18,dal_2022_18,ceedeelamb_dal_2022,dal_2022,ceedeelamb,61570,wr,dal,1,8.1,3,91.7,0,0,0,0,0,0,0,0,0,0,0,0,0,0,0,0,0,0,0,0,0,0,0,0,0,0,0,0,0,0,0,0,0,0,0,0,0,18,2022,18
tjhockenson_min_2022_18,min_2022_18,tjhockenson_min_2022,min_2022,tjhockenson,40912,te,min,1,8.1,0,58.3,0,0,0,0,0,0,0,0,0,0,0,0,0,0,0,0,0,0,0,0,0,0,0,0,0,0,0,0,0,0,0,0,0,0,0,0,0,18,2022,18
brandonaiyuk_sf_2022_18,sf_2022_18,brandonaiyuk_sf_2022,sf_2022,brandonaiyuk,84109,wr,sf,1,10.3,0,75.0,0,0,0,0,0,0,0,0,0,0,0,0,0,0,0,0,0,0,0,0,0,0,0,0,0,0,0,0,0,0,0,0,0,0,0,0,0,18,2022,18
mikeevans_tb_2022_18,tb_2022_18,mikeevans_tb_2022,tb_2022,mikeevans,8642,wr,tb,1,19.0,0,83.3,0,0,0,0,0,0,0,0,0,0,0,0,0,0,0,0,0,0,0,0,0,0,0,0,0,0,0,0,0,0,0,0,0,0,0,0,0,18,2022,18
davanteadams_lv_2022_18,lv_2022_18,davanteadams_lv_2022,lv_2022,davanteadams,8688,wr,lv,1,18.1,0,63.6,0,0,0,0,0,0,0,0,0,0,0,0,0,0,0,0,0,0,0,0,0,0,0,0,0,0,0,0,0,0,0,0,0,0,0,0,0,18,2022,18
treymcbride_ari_2022_18,ari_2022_18,treymcbride_ari_2022,ari_2022,treymcbride,75916,te,ari,1,9.4,0,70.0,0,0,0,0,0,0,0,0,0,0,0,0,0,0,0,0,0,0,0,0,0,0,0,0,0,0,0,0,0,0,0,0,0,0,0,0,0,18,2022,18
garrettwilson_nyj_2022_18,nyj_2022_18,garrettwilson_nyj_2022,nyj_2022,garrettwilson,97405,wr,nyj,1,13.7,0,30.0,0,0,0,0,0,0,0,0,0,0,0,0,0,0,0,0,0,0,0,0,0,0,0,0,0,0,0,0,0,0,0,0,0,0,0,0,0,18,2022,18
gregdortch_ari_2022_18,ari_2022_18,gregdortch_ari_2022,ari_2022,gregdortch,42237,wr,ari,1,9.7,0,40.0,0,0,0,0,0,0,0,0,0,0,0,0,0,0,0,0,0,0,0,0,0,0,0,0,0,0,0,0,0,0,0,0,0,0,0,0,0,18,2022,18
daltonschultz_dal_2022_18,dal_2022_18,daltonschultz_dal_2022,dal_2022,daltonschultz,47304,te,dal,1,5.2,2,70.0,0,0,0,0,0,0,0,0,0,0,0,0,0,0,0,0,0,0,0,0,0,0,0,0,0,0,0,0,0,0,0,0,0,0,0,0,0,18,2022,18
traviskelce_kc_2022_18,kc_2022_18,traviskelce_kc_2022,kc_2022,traviskelce,7844,te,kc,1,5.8,0,70.0,0,0,0,0,0,0,0,0,0,0,0,0,0,0,0,0,0,0,0,0,0,0,0,0,0,0,0,0,0,0,0,0,0,0,0,0,0,18,2022,18
chrisgodwin_tb_2022_18,tb_2022_18,chrisgodwin_tb_2022,tb_2022,chrisgodwin,11839,wr,tb,1,5.6,5,100.0,0,0,0,0,0,0,0,0,0,0,0,0,0,0,0,0,0,0,0,0,0,0,0,0,0,0,0,0,0,0,0,0,0,0,0,0,0,18,2022,18
mikewilliams_lac_2022_18,lac_2022_18,mikewilliams_lac_2022,lac_2022,mikewilliams,11762,wr,lac,1,13.7,0,77.8,0,0,0,0,0,0,0,0,0,0,0,0,0,0,0,0,0,0,0,0,0,0,0,0,0,0,0,0,0,0,0,0,0,0,0,0,0,18,2022,18
djmoore_car_2022_18,car_2022_18,djmoore_car_2022,car_2022,djmoore,48267,wr,car,1,14.0,1,66.7,0,0,0,0,0,0,0,0,0,0,0,0,0,0,0,0,0,0,0,0,0,0,0,0,0,0,0,0,0,0,0,0,0,0,0,0,0,18,2022,18
ajbrown_phi_2022_18,phi_2022_18,ajbrown_phi_2022,phi_2022,ajbrown,48327,wr,phi,1,12.3,0,44.4,0,0,0,0,0,0,0,0,0,0,0,0,0,0,0,0,0,0,0,0,0,0,0,0,0,0,0,0,0,0,0,0,0,0,0,0,0,18,2022,18
markandrews_bal_2022_18,bal_2022_18,markandrews_bal_2022,bal_2022,markandrews,47436,te,bal,1,7.2,0,100.0,0,0,0,0,0,0,0,0,0,0,0,0,0,0,0,0,0,0,0,0,0,0,0,0,0,0,0,0,0,0,0,0,0,0,0,0,0,18,2022,18
marquisebrown_ari_2022_18,ari_2022_18,marquisebrown_ari_2022,ari_2022,marquisebrown,61568,wr,ari,1,12.6,0,66.7,0,0,0,0,0,0,0,0,0,0,0,0,0,0,0,0,0,0,0,0,0,0,0,0,0,0,0,0,0,0,0,0,0,0,0,0,0,18,2022,18
jerryjeudy_den_2022_18,den_2022_18,jerryjeudy_den_2022,den_2022,jerryjeudy,61103,wr,den,1,2.0,0,87.5,0,0,0,0,0,0,0,0,0,0,0,0,0,0,0,0,0,0,0,0,0,0,0,0,0,0,0,0,0,0,0,0,0,0,0,0,0,18,2022,18
cordarrellepatterson_atl_2022_18,atl_2022_18,cordarrellepatterson_atl_2022,atl_2022,cordarrellepatterson,7810,hb,atl,1,1.1,1,75.0,0,0,0,0,0,0,0,0,0,0,0,0,0,0,0,0,0,0,0,0,0,0,0,0,0,0,0,0,0,0,0,0,0,0,0,0,0,18,2022,18
christianmccaffrey_sf_2022_18,sf_2022_18,christianmccaffrey_sf_2022,sf_2022,christianmccaffrey,11763,hb,sf,1,1.4,1,75.0,0,0,0,0,0,0,0,0,0,0,0,0,0,0,0,0,0,0,0,0,0,0,0,0,0,0,0,0,0,0,0,0,0,0,0,0,0,18,2022,18
robertwoods_ten_2022_18,ten_2022_18,robertwoods_ten_2022,ten_2022,robertwoods,7822,wr,ten,1,9.4,0,62.5,0,0,0,0,0,0,0,0,0,0,0,0,0,0,0,0,0,0,0,0,0,0,0,0,0,0,0,0,0,0,0,0,0,0,0,0,0,18,2022,18
jakobimeyers_ne_2022_18,ne_2022_18,jakobimeyers_ne_2022,ne_2022,jakobimeyers,47468,wr,ne,1,7.9,0,75.0,0,0,0,0,0,0,0,0,0,0,0,0,0,0,0,0,0,0,0,0,0,0,0,0,0,0,0,0,0,0,0,0,0,0,0,0,0,18,2022,18
georgekittle_sf_2022_18,sf_2022_18,georgekittle_sf_2022,sf_2022,georgekittle,11901,te,sf,1,9.8,1,50.0,0,0,0,0,0,0,0,0,0,0,0,0,0,0,0,0,0,0,0,0,0,0,0,0,0,0,0,0,0,0,0,0,0,0,0,0,0,18,2022,18
raheemmostert_mia_2022_18,mia_2022_18,raheemmostert_mia_2022,mia_2022,raheemmostert,9783,hb,mia,1,0.4,5,100.0,0,0,0,0,0,0,0,0,0,0,0,0,0,0,0,0,0,0,0,0,0,0,0,0,0,0,0,0,0,0,0,0,0,0,0,0,0,18,2022,18
michaelpittmanjr_ind_2022_18,ind_2022_18,michaelpittmanjr_ind_2022,ind_2022,michaelpittmanjr,29049,wr,ind,1,9.3,0,75.0,0,0,0,0,0,0,0,0,0,0,0,0,0,0,0,0,0,0,0,0,0,0,0,0,0,0,0,0,0,0,0,0,0,0,0,0,0,18,2022,18
marvinjonesjr_jax_2022_18,jax_2022_18,marvinjonesjr_jax_2022,jax_2022,marvinjonesjr,7158,wr,jax,1,9.1,0,85.7,0,0,0,0,0,0,0,0,0,0,0,0,0,0,0,0,0,0,0,0,0,0,0,0,0,0,0,0,0,0,0,0,0,0,0,0,0,18,2022,18
marquezvaldesscantling_kc_2022_18,kc_2022_18,marquezvaldesscantling_kc_2022,kc_2022,marquezvaldesscantling,47809,wr,kc,1,16.0,0,28.6,0,0,0,0,0,0,0,0,0,0,0,0,0,0,0,0,0,0,0,0,0,0,0,0,0,0,0,0,0,0,0,0,0,0,0,0,0,18,2022,18
jahandotson_was_2022_18,was_2022_18,jahandotson_was_2022,was_2022,jahandotson,84375,wr,was,1,16.7,0,42.9,0,0,0,0,0,0,0,0,0,0,0,0,0,0,0,0,0,0,0,0,0,0,0,0,0,0,0,0,0,0,0,0,0,0,0,0,0,18,2022,18
drakelondon_atl_2022_18,atl_2022_18,drakelondon_atl_2022,atl_2022,drakelondon,86519,wr,atl,1,8.0,0,71.4,0,0,0,0,0,0,0,0,0,0,0,0,0,0,0,0,0,0,0,0,0,0,0,0,0,0,0,0,0,0,0,0,0,0,0,0,0,18,2022,18
colbyparkinson_sea_2022_18,sea_2022_18,colbyparkinson_sea_2022,sea_2022,colbyparkinson,52266,te,sea,1,7.9,0,71.4,0,0,0,0,0,0,0,0,0,0,0,0,0,0,0,0,0,0,0,0,0,0,0,0,0,0,0,0,0,0,0,0,0,0,0,0,0,18,2022,18
tyreekhill_mia_2022_18,mia_2022_18,tyreekhill_mia_2022,mia_2022,tyreekhill,10799,wr,mia,1,19.0,0,57.1,0,0,0,0,0,0,0,0,0,0,0,0,0,0,0,0,0,0,0,0,0,0,0,0,0,0,0,0,0,0,0,0,0,0,0,0,0,18,2022,18
brandincooks_hou_2022_18,hou_2022_18,brandincooks_hou_2022,hou_2022,brandincooks,8655,wr,hou,1,15.3,0,57.1,0,0,0,0,0,0,0,0,0,0,0,0,0,0,0,0,0,0,0,0,0,0,0,0,0,0,0,0,0,0,0,0,0,0,0,0,0,18,2022,18
loganthomas_was_2022_18,was_2022_18,loganthomas_was_2022,was_2022,loganthomas,8755,te,was,1,4.3,0,85.7,0,0,0,0,0,0,0,0,0,0,0,0,0,0,0,0,0,0,0,0,0,0,0,0,0,0,0,0,0,0,0,0,0,0,0,0,0,18,2022,18
tyquanthornton_ne_2022_18,ne_2022_18,tyquanthornton_ne_2022,ne_2022,tyquanthornton,78092,wr,ne,1,23.6,0,42.9,0,0,0,0,0,0,0,0,0,0,0,0,0,0,0,0,0,0,0,0,0,0,0,0,0,0,0,0,0,0,0,0,0,0,0,0,0,18,2022,18
treylonburks_ten_2022_18,ten_2022_18,treylonburks_ten_2022,ten_2022,treylonburks,99218,wr,ten,1,16.4,2,57.1,0,0,0,0,0,0,0,0,0,0,0,0,0,0,0,0,0,0,0,0,0,0,0,0,0,0,0,0,0,0,0,0,0,0,0,0,0,18,2022,18
richiejamesjr_nyg_2022_18,nyg_2022_18,richiejamesjr_nyg_2022,nyg_2022,richiejamesjr,28991,wr,nyg,1,6.6,1,100.0,0,0,0,0,0,0,0,0,0,0,0,0,0,0,0,0,0,0,0,0,0,0,0,0,0,0,0,0,0,0,0,0,0,0,0,0,0,18,2022,18
juwanjohnson_no_2022_18,no_2022_18,juwanjohnson_no_2022,no_2022,juwanjohnson,28305,te,no,1,9.6,0,71.4,0,0,0,0,0,0,0,0,0,0,0,0,0,0,0,0,0,0,0,0,0,0,0,0,0,0,0,0,0,0,0,0,0,0,0,0,0,18,2022,18
kjosborn_min_2022_18,min_2022_18,kjosborn_min_2022,min_2022,kjosborn,23503,wr,min,1,5.7,0,100.0,0,0,0,0,0,0,0,0,0,0,0,0,0,0,0,0,0,0,0,0,0,0,0,0,0,0,0,0,0,0,0,0,0,0,0,0,0,18,2022,18
jeffwilsonjr_mia_2022_18,mia_2022_18,jeffwilsonjr_mia_2022,mia_2022,jeffwilsonjr,29413,hb,mia,1,3.0,0,50.0,0,0,0,0,0,0,0,0,0,0,0,0,0,0,0,0,0,0,0,0,0,0,0,0,0,0,0,0,0,0,0,0,0,0,0,0,0,18,2022,18
allenlazard_gb_2022_18,gb_2022_18,allenlazard_gb_2022,gb_2022,allenlazard,48135,wr,gb,1,8.3,0,83.3,0,0,0,0,0,0,0,0,0,0,0,0,0,0,0,0,0,0,0,0,0,0,0,0,0,0,0,0,0,0,0,0,0,0,0,0,0,18,2022,18
cadeotton_tb_2022_18,tb_2022_18,cadeotton_tb_2022,tb_2022,cadeotton,61071,te,tb,1,4.2,0,33.3,0,0,0,0,0,0,0,0,0,0,0,0,0,0,0,0,0,0,0,0,0,0,0,0,0,0,0,0,0,0,0,0,0,0,0,0,0,18,2022,18
phillipdorsett_hou_2022_18,hou_2022_18,phillipdorsett_hou_2022,hou_2022,phillipdorsett,9462,wr,hou,1,2.7,0,50.0,0,0,0,0,0,0,0,0,0,0,0,0,0,0,0,0,0,0,0,0,0,0,0,0,0,0,0,0,0,0,0,0,0,0,0,0,0,18,2022,18
cjuzomah_nyj_2022_18,nyj_2022_18,cjuzomah_nyj_2022,nyj_2022,cjuzomah,9590,te,nyj,1,6.5,0,50.0,0,0,0,0,0,0,0,0,0,0,0,0,0,0,0,0,0,0,0,0,0,0,0,0,0,0,0,0,0,0,0,0,0,0,0,0,0,18,2022,18
hunterhenry_ne_2022_18,ne_2022_18,hunterhenry_ne_2022,ne_2022,hunterhenry,10669,te,ne,1,7.3,0,83.3,0,0,0,0,0,0,0,0,0,0,0,0,0,0,0,0,0,0,0,0,0,0,0,0,0,0,0,0,0,0,0,0,0,0,0,0,0,18,2022,18
jamycalhasty_jax_2022_18,jax_2022_18,jamycalhasty_jax_2022,jax_2022,jamycalhasty,25582,hb,jax,1,-0.5,1,100.0,0,0,0,0,0,0,0,0,0,0,0,0,0,0,0,0,0,0,0,0,0,0,0,0,0,0,0,0,0,0,0,0,0,0,0,0,0,18,2022,18
trentsherfield_mia_2022_18,mia_2022_18,trentsherfield_mia_2022,mia_2022,trentsherfield,48021,wr,mia,1,11.7,0,33.3,0,0,0,0,0,0,0,0,0,0,0,0,0,0,0,0,0,0,0,0,0,0,0,0,0,0,0,0,0,0,0,0,0,0,0,0,0,18,2022,18
diontaejohnson_pit_2022_18,pit_2022_18,diontaejohnson_pit_2022,pit_2022,diontaejohnson,33441,wr,pit,1,14.8,1,33.3,0,0,0,0,0,0,0,0,0,0,0,0,0,0,0,0,0,0,0,0,0,0,0,0,0,0,0,0,0,0,0,0,0,0,0,0,0,18,2022,18
albertokwuegbunam_den_2022_18,den_2022_18,albertokwuegbunam_den_2022,den_2022,albertokwuegbunam,41933,te,den,1,8.3,2,50.0,0,0,0,0,0,0,0,0,0,0,0,0,0,0,0,0,0,0,0,0,0,0,0,0,0,0,0,0,0,0,0,0,0,0,0,0,0,18,2022,18
rashidshaheed_no_2022_18,no_2022_18,rashidshaheed_no_2022,no_2022,rashidshaheed,63707,wr,no,1,7.2,0,100.0,0,0,0,0,0,0,0,0,0,0,0,0,0,0,0,0,0,0,0,0,0,0,0,0,0,0,0,0,0,0,0,0,0,0,0,0,0,18,2022,18
jerickmckinnon_kc_2022_18,kc_2022_18,jerickmckinnon_kc_2022,kc_2022,jerickmckinnon,8731,hb,kc,1,3.0,2,83.3,0,0,0,0,0,0,0,0,0,0,0,0,0,0,0,0,0,0,0,0,0,0,0,0,0,0,0,0,0,0,0,0,0,0,0,0,0,18,2022,18
tylerconklin_nyj_2022_18,nyj_2022_18,tylerconklin_nyj_2022,nyj_2022,tylerconklin,47124,te,nyj,1,7.3,1,100.0,0,0,0,0,0,0,0,0,0,0,0,0,0,0,0,0,0,0,0,0,0,0,0,0,0,0,0,0,0,0,0,0,0,0,0,0,0,18,2022,18
dallasgoedert_phi_2022_18,phi_2022_18,dallasgoedert_phi_2022,phi_2022,dallasgoedert,47272,te,phi,1,11.7,0,50.0,0,0,0,0,0,0,0,0,0,0,0,0,0,0,0,0,0,0,0,0,0,0,0,0,0,0,0,0,0,0,0,0,0,0,0,0,0,18,2022,18
chrisolave_no_2022_18,no_2022_18,chrisolave_no_2022,no_2022,chrisolave,84355,wr,no,1,10.6,0,80.0,0,0,0,0,0,0,0,0,0,0,0,0,0,0,0,0,0,0,0,0,0,0,0,0,0,0,0,0,0,0,0,0,0,0,0,0,0,18,2022,18
jonathanwilliams_was_2022_18,was_2022_18,jonathanwilliams_was_2022,was_2022,jonathanwilliams,10790,hb,was,1,-1.8,0,60.0,0,0,0,0,0,0,0,0,0,0,0,0,0,0,0,0,0,0,0,0,0,0,0,0,0,0,0,0,0,0,0,0,0,0,0,0,0,18,2022,18
courtlandsutton_den_2022_18,den_2022_18,courtlandsutton_den_2022,den_2022,courtlandsutton,48164,wr,den,1,11.0,0,80.0,0,0,0,0,0,0,0,0,0,0,0,0,0,0,0,0,0,0,0,0,0,0,0,0,0,0,0,0,0,0,0,0,0,0,0,0,0,18,2022,18
coreydavis_nyj_2022_18,nyj_2022_18,coreydavis_nyj_2022,nyj_2022,coreydavis,11760,wr,nyj,1,15.6,0,60.0,0,0,0,0,0,0,0,0,0,0,0,0,0,0,0,0,0,0,0,0,0,0,0,0,0,0,0,0,0,0,0,0,0,0,0,0,0,18,2022,18
christianwatson_gb_2022_18,gb_2022_18,christianwatson_gb_2022,gb_2022,christianwatson,66581,wr,gb,1,25.8,1,20.0,0,0,0,0,0,0,0,0,0,0,0,0,0,0,0,0,0,0,0,0,0,0,0,0,0,0,0,0,0,0,0,0,0,0,0,0,0,18,2022,18
rachaadwhite_tb_2022_18,tb_2022_18,rachaadwhite_tb_2022,tb_2022,rachaadwhite,131633,hb,tb,1,0.2,4,100.0,0,0,0,0,0,0,0,0,0,0,0,0,0,0,0,0,0,0,0,0,0,0,0,0,0,0,0,0,0,0,0,0,0,0,0,0,0,18,2022,18
isaiahhodgins_nyg_2022_18,nyg_2022_18,isaiahhodgins_nyg_2022,nyg_2022,isaiahhodgins,52130,wr,nyg,1,6.4,0,80.0,0,0,0,0,0,0,0,0,0,0,0,0,0,0,0,0,0,0,0,0,0,0,0,0,0,0,0,0,0,0,0,0,0,0,0,0,0,18,2022,18
darrenwaller_lv_2022_18,lv_2022_18,darrenwaller_lv_2022,lv_2022,darrenwaller,9637,te,lv,1,21.0,0,60.0,0,0,0,0,0,0,0,0,0,0,0,0,0,0,0,0,0,0,0,0,0,0,0,0,0,0,0,0,0,0,0,0,0,0,0,0,0,18,2022,18
zayjones_jax_2022_18,jax_2022_18,zayjones_jax_2022,jax_2022,zayjones,11792,wr,jax,1,8.8,0,60.0,0,0,0,0,0,0,0,0,0,0,0,0,0,0,0,0,0,0,0,0,0,0,0,0,0,0,0,0,0,0,0,0,0,0,0,0,0,18,2022,18
keenanallen_lac_2022_18,lac_2022_18,keenanallen_lac_2022,lac_2022,keenanallen,7857,wr,lac,1,8.2,0,100.0,0,0,0,0,0,0,0,0,0,0,0,0,0,0,0,0,0,0,0,0,0,0,0,0,0,0,0,0,0,0,0,0,0,0,0,0,0,18,2022,18
chrismoore_hou_2022_18,hou_2022_18,chrismoore_hou_2022,hou_2022,chrismoore,10741,wr,hou,1,12.2,0,60.0,0,0,0,0,0,0,0,0,0,0,0,0,0,0,0,0,0,0,0,0,0,0,0,0,0,0,0,0,0,0,0,0,0,0,0,0,0,18,2022,18
patfreiermuth_pit_2022_18,pit_2022_18,patfreiermuth_pit_2022,pit_2022,patfreiermuth,84085,te,pit,1,9.8,0,60.0,0,0,0,0,0,0,0,0,0,0,0,0,0,0,0,0,0,0,0,0,0,0,0,0,0,0,0,0,0,0,0,0,0,0,0,0,0,18,2022,18
isaiahlikely_bal_2022_18,bal_2022_18,isaiahlikely_bal_2022,bal_2022,isaiahlikely,83955,te,bal,1,1.0,0,60.0,0,0,0,0,0,0,0,0,0,0,0,0,0,0,0,0,0,0,0,0,0,0,0,0,0,0,0,0,0,0,0,0,0,0,0,0,0,18,2022,18
amonrastbrown_det_2022_18,det_2022_18,amonrastbrown_det_2022,det_2022,amonrastbrown,84470,wr,det,1,11.0,0,80.0,0,0,0,0,0,0,0,0,0,0,0,0,0,0,0,0,0,0,0,0,0,0,0,0,0,0,0,0,0,0,0,0,0,0,0,0,0,18,2022,18
tyhilton_dal_2022_18,dal_2022_18,tyhilton_dal_2022,dal_2022,tyhilton,7092,wr,dal,1,10.4,1,80.0,0,0,0,0,0,0,0,0,0,0,0,0,0,0,0,0,0,0,0,0,0,0,0,0,0,0,0,0,0,0,0,0,0,0,0,0,0,18,2022,18
terrymclaurin_was_2022_18,was_2022_18,terrymclaurin_was_2022,was_2022,terrymclaurin,48229,wr,was,1,7.8,0,40.0,0,0,0,0,0,0,0,0,0,0,0,0,0,0,0,0,0,0,0,0,0,0,0,0,0,0,0,0,0,0,0,0,0,0,0,0,0,18,2022,18
parriscampbell_ind_2022_18,ind_2022_18,parriscampbell_ind_2022,ind_2022,parriscampbell,47940,wr,ind,1,9.8,0,60.0,0,0,0,0,0,0,0,0,0,0,0,0,0,0,0,0,0,0,0,0,0,0,0,0,0,0,0,0,0,0,0,0,0,0,0,0,0,18,2022,18
alecpierce_ind_2022_18,ind_2022_18,alecpierce_ind_2022,ind_2022,alecpierce,78038,wr,ind,1,5.0,0,60.0,0,0,0,0,0,0,0,0,0,0,0,0,0,0,0,0,0,0,0,0,0,0,0,0,0,0,0,0,0,0,0,0,0,0,0,0,0,18,2022,18
dkmetcalf_sea_2022_18,sea_2022_18,dkmetcalf_sea_2022,sea_2022,dkmetcalf,47864,wr,sea,1,19.8,0,20.0,0,0,0,0,0,0,0,0,0,0,0,0,0,0,0,0,0,0,0,0,0,0,0,0,0,0,0,0,0,0,0,0,0,0,0,0,0,18,2022,18
austinhooper_ten_2022_18,ten_2022_18,austinhooper_ten_2022,ten_2022,austinhooper,10715,te,ten,1,6.4,0,20.0,0,0,0,0,0,0,0,0,0,0,0,0,0,0,0,0,0,0,0,0,0,0,0,0,0,0,0,0,0,0,0,0,0,0,0,0,0,18,2022,18
tutuatwell_lar_2022_18,lar_2022_18,tutuatwell_lar_2022,lar_2022,tutuatwell,77965,wr,lar,1,11.6,0,40.0,0,0,0,0,0,0,0,0,0,0,0,0,0,0,0,0,0,0,0,0,0,0,0,0,0,0,0,0,0,0,0,0,0,0,0,0,0,18,2022,18
rexburkhead_hou_2022_18,hou_2022_18,rexburkhead_hou_2022,hou_2022,rexburkhead,7971,hb,hou,1,1.8,0,60.0,0,0,0,0,0,0,0,0,0,0,0,0,0,0,0,0,0,0,0,0,0,0,0,0,0,0,0,0,0,0,0,0,0,0,0,0,0,18,2022,18
rhamondrestevenson_ne_2022_18,ne_2022_18,rhamondrestevenson_ne_2022,ne_2022,rhamondrestevenson,98689,hb,ne,1,-0.5,2,50.0,0,0,0,0,0,0,0,0,0,0,0,0,0,0,0,0,0,0,0,0,0,0,0,0,0,0,0,0,0,0,0,0,0,0,0,0,0,18,2022,18
adamthielen_min_2022_18,min_2022_18,adamthielen_min_2022,min_2022,adamthielen,8288,wr,min,1,14.0,0,25.0,0,0,0,0,0,0,0,0,0,0,0,0,0,0,0,0,0,0,0,0,0,0,0,0,0,0,0,0,0,0,0,0,0,0,0,0,0,18,2022,18
austinekeler_lac_2022_18,lac_2022_18,austinekeler_lac_2022,lac_2022,austinekeler,12164,hb,lac,1,0.5,2,100.0,0,0,0,0,0,0,0,0,0,0,0,0,0,0,0,0,0,0,0,0,0,0,0,0,0,0,0,0,0,0,0,0,0,0,0,0,0,18,2022,18
mackhollins_lv_2022_18,lv_2022_18,mackhollins_lv_2022,lv_2022,mackhollins,11873,wr,lv,1,9.8,0,75.0,0,0,0,0,0,0,0,0,0,0,0,0,0,0,0,0,0,0,0,0,0,0,0,0,0,0,0,0,0,0,0,0,0,0,0,0,0,18,2022,18
tylerhigbee_lar_2022_18,lar_2022_18,tylerhigbee_lar_2022,lar_2022,tylerhigbee,10744,te,lar,1,1.8,0,75.0,0,0,0,0,0,0,0,0,0,0,0,0,0,0,0,0,0,0,0,0,0,0,0,0,0,0,0,0,0,0,0,0,0,0,0,0,0,18,2022,18
dandreswift_det_2022_18,det_2022_18,dandreswift_det_2022,det_2022,dandreswift,57212,hb,det,1,-2.0,0,100.0,0,0,0,0,0,0,0,0,0,0,0,0,0,0,0,0,0,0,0,0,0,0,0,0,0,0,0,0,0,0,0,0,0,0,0,0,0,18,2022,18
amaricooper_cle_2022_18,cle_2022_18,amaricooper_cle_2022,cle_2022,amaricooper,9437,wr,cle,1,18.5,1,75.0,0,0,0,0,0,0,0,0,0,0,0,0,0,0,0,0,0,0,0,0,0,0,0,0,0,0,0,0,0,0,0,0,0,0,0,0,0,18,2022,18
lataviusmurray_den_2022_18,den_2022_18,lataviusmurray_den_2022,den_2022,lataviusmurray,7962,hb,den,1,-0.8,1,100.0,0,0,0,0,0,0,0,0,0,0,0,0,0,0,0,0,0,0,0,0,0,0,0,0,0,0,0,0,0,0,0,0,0,0,0,0,0,18,2022,18
jaylenwaddle_mia_2022_18,mia_2022_18,jaylenwaddle_mia_2022,mia_2022,jaylenwaddle,84088,wr,mia,1,10.0,0,75.0,0,0,0,0,0,0,0,0,0,0,0,0,0,0,0,0,0,0,0,0,0,0,0,0,0,0,0,0,0,0,0,0,0,0,0,0,0,18,2022,18
deejaydallas_sea_2022_18,sea_2022_18,deejaydallas_sea_2022,sea_2022,deejaydallas,55632,hb,sea,1,6.5,0,75.0,0,0,0,0,0,0,0,0,0,0,0,0,0,0,0,0,0,0,0,0,0,0,0,0,0,0,0,0,0,0,0,0,0,0,0,0,0,18,2022,18
roycefreeman_hou_2022_18,hou_2022_18,roycefreeman_hou_2022,hou_2022,roycefreeman,45747,hb,hou,1,0.8,0,75.0,0,0,0,0,0,0,0,0,0,0,0,0,0,0,0,0,0,0,0,0,0,0,0,0,0,0,0,0,0,0,0,0,0,0,0,0,0,18,2022,18
tyjohnson_nyj_2022_18,nyj_2022_18,tyjohnson_nyj_2022,nyj_2022,tyjohnson,45769,hb,nyj,1,0.0,0,25.0,0,0,0,0,0,0,0,0,0,0,0,0,0,0,0,0,0,0,0,0,0,0,0,0,0,0,0,0,0,0,0,0,0,0,0,0,0,18,2022,18
saquonbarkley_nyg_2022_18,nyg_2022_18,saquonbarkley_nyg_2022,nyg_2022,saquonbarkley,45791,hb,nyg,1,-3.3,0,50.0,0,0,0,0,0,0,0,0,0,0,0,0,0,0,0,0,0,0,0,0,0,0,0,0,0,0,0,0,0,0,0,0,0,0,0,0,0,18,2022,18
georgepickens_pit_2022_18,pit_2022_18,georgepickens_pit_2022,pit_2022,georgepickens,99229,wr,pit,1,13.5,0,50.0,0,0,0,0,0,0,0,0,0,0,0,0,0,0,0,0,0,0,0,0,0,0,0,0,0,0,0,0,0,0,0,0,0,0,0,0,0,18,2022,18
joshjacobs_lv_2022_18,lv_2022_18,joshjacobs_lv_2022,lv_2022,joshjacobs,45953,hb,lv,1,2.0,0,100.0,0,0,0,0,0,0,0,0,0,0,0,0,0,0,0,0,0,0,0,0,0,0,0,0,0,0,0,0,0,0,0,0,0,0,0,0,0,18,2022,18
shismith_car_2022_18,car_2022_18,shismith_car_2022,car_2022,shismith,61643,wr,car,1,13.3,1,100.0,0,0,0,0,0,0,0,0,0,0,0,0,0,0,0,0,0,0,0,0,0,0,0,0,0,0,0,0,0,0,0,0,0,0,0,0,0,18,2022,18
michaelgallup_dal_2022_18,dal_2022_18,michaelgallup_dal_2022,dal_2022,michaelgallup,26075,wr,dal,1,11.8,0,75.0,0,0,0,0,0,0,0,0,0,0,0,0,0,0,0,0,0,0,0,0,0,0,0,0,0,0,0,0,0,0,0,0,0,0,0,0,0,18,2022,18
noahbrown_dal_2022_18,dal_2022_18,noahbrown_dal_2022,dal_2022,noahbrown,11993,wr,dal,1,6.8,0,25.0,0,0,0,0,0,0,0,0,0,0,0,0,0,0,0,0,0,0,0,0,0,0,0,0,0,0,0,0,0,0,0,0,0,0,0,0,0,18,2022,18
mikegesicki_mia_2022_18,mia_2022_18,mikegesicki_mia_2022,mia_2022,mikegesicki,47153,te,mia,1,10.3,0,50.0,0,0,0,0,0,0,0,0,0,0,0,0,0,0,0,0,0,0,0,0,0,0,0,0,0,0,0,0,0,0,0,0,0,0,0,0,0,18,2022,18
brockwright_det_2022_18,det_2022_18,brockwright_det_2022,det_2022,brockwright,60994,te,det,1,2.3,0,75.0,0,0,0,0,0,0,0,0,0,0,0,0,0,0,0,0,0,0,0,0,0,0,0,0,0,0,0,0,0,0,0,0,0,0,0,0,0,18,2022,18
romeodoubs_gb_2022_18,gb_2022_18,romeodoubs_gb_2022,gb_2022,romeodoubs,84329,wr,gb,1,4.0,0,75.0,0,0,0,0,0,0,0,0,0,0,0,0,0,0,0,0,0,0,0,0,0,0,0,0,0,0,0,0,0,0,0,0,0,0,0,0,0,18,2022,18
stevensims_pit_2022_18,pit_2022_18,stevensims_pit_2022,pit_2022,stevensims,48341,wr,pit,1,8.3,0,75.0,0,0,0,0,0,0,0,0,0,0,0,0,0,0,0,0,0,0,0,0,0,0,0,0,0,0,0,0,0,0,0,0,0,0,0,0,0,18,2022,18
mycolepruitt_atl_2022_18,atl_2022_18,mycolepruitt_atl_2022,atl_2022,mycolepruitt,9576,te,atl,1,5.0,0,100.0,0,0,0,0,0,0,0,0,0,0,0,0,0,0,0,0,0,0,0,0,0,0,0,0,0,0,0,0,0,0,0,0,0,0,0,0,0,18,2022,18
hunterrenfrow_lv_2022_18,lv_2022_18,hunterrenfrow_lv_2022,lv_2022,hunterrenfrow,47509,wr,lv,1,0.0,0,75.0,0,0,0,0,0,0,0,0,0,0,0,0,0,0,0,0,0,0,0,0,0,0,0,0,0,0,0,0,0,0,0,0,0,0,0,0,0,18,2022,18
djcharkjr_det_2022_18,det_2022_18,djcharkjr_det_2022,det_2022,djcharkjr,47702,wr,det,1,15.5,0,50.0,0,0,0,0,0,0,0,0,0,0,0,0,0,0,0,0,0,0,0,0,0,0,0,0,0,0,0,0,0,0,0,0,0,0,0,0,0,18,2022,18
justinjefferson_min_2022_18,min_2022_18,justinjefferson_min_2022,min_2022,justinjefferson,61398,wr,min,1,12.8,0,25.0,0,0,0,0,0,0,0,0,0,0,0,0,0,0,0,0,0,0,0,0,0,0,0,0,0,0,0,0,0,0,0,0,0,0,0,0,0,18,2022,18
kadariustoney_kc_2022_18,kc_2022_18,kadariustoney_kc_2022,kc_2022,kadariustoney,61245,wr,kc,1,11.8,1,100.0,0,0,0,0,0,0,0,0,0,0,0,0,0,0,0,0,0,0,0,0,0,0,0,0,0,0,0,0,0,0,0,0,0,0,0,0,0,18,2022,18
leonardfournette_tb_2022_18,tb_2022_18,leonardfournette_tb_2022,tb_2022,leonardfournette,11759,hb,tb,1,0.5,0,100.0,0,0,0,0,0,0,0,0,0,0,0,0,0,0,0,0,0,0,0,0,0,0,0,0,0,0,0,0,0,0,0,0,0,0,0,0,0,18,2022,18
dalvincook_min_2022_18,min_2022_18,dalvincook_min_2022,min_2022,dalvincook,11796,hb,min,1,-0.3,0,66.7,0,0,0,0,0,0,0,0,0,0,0,0,0,0,0,0,0,0,0,0,0,0,0,0,0,0,0,0,0,0,0,0,0,0,0,0,0,18,2022,18
jujusmithschuster_kc_2022_18,kc_2022_18,jujusmithschuster_kc_2022,kc_2022,jujusmithschuster,11817,wr,kc,1,6.3,0,66.7,0,0,0,0,0,0,0,0,0,0,0,0,0,0,0,0,0,0,0,0,0,0,0,0,0,0,0,0,0,0,0,0,0,0,0,0,0,18,2022,18
kalifraymond_det_2022_18,det_2022_18,kalifraymond_det_2022,det_2022,kalifraymond,11028,wr,det,1,6.7,1,100.0,0,0,0,0,0,0,0,0,0,0,0,0,0,0,0,0,0,0,0,0,0,0,0,0,0,0,0,0,0,0,0,0,0,0,0,0,0,18,2022,18
jamesconner_ari_2022_18,ari_2022_18,jamesconner_ari_2022,ari_2022,jamesconner,11860,hb,ari,1,-1.0,1,100.0,0,0,0,0,0,0,0,0,0,0,0,0,0,0,0,0,0,0,0,0,0,0,0,0,0,0,0,0,0,0,0,0,0,0,0,0,0,18,2022,18
demarcusrobinson_bal_2022_18,bal_2022_18,demarcusrobinson_bal_2022,bal_2022,demarcusrobinson,10760,wr,bal,1,13.7,0,33.3,0,0,0,0,0,0,0,0,0,0,0,0,0,0,0,0,0,0,0,0,0,0,0,0,0,0,0,0,0,0,0,0,0,0,0,0,0,18,2022,18
ericsaubert_den_2022_18,den_2022_18,ericsaubert_den_2022,den_2022,ericsaubert,11929,te,den,1,4.7,0,100.0,0,0,0,0,0,0,0,0,0,0,0,0,0,0,0,0,0,0,0,0,0,0,0,0,0,0,0,0,0,0,0,0,0,0,0,0,0,18,2022,18
aaronjones_gb_2022_18,gb_2022_18,aaronjones_gb_2022,gb_2022,aaronjones,11937,hb,gb,1,5.0,0,66.7,0,0,0,0,0,0,0,0,0,0,0,0,0,0,0,0,0,0,0,0,0,0,0,0,0,0,0,0,0,0,0,0,0,0,0,0,0,18,2022,18
roberttonyan_gb_2022_18,gb_2022_18,roberttonyan_gb_2022,gb_2022,roberttonyan,12193,te,gb,1,11.7,0,100.0,0,0,0,0,0,0,0,0,0,0,0,0,0,0,0,0,0,0,0,0,0,0,0,0,0,0,0,0,0,0,0,0,0,0,0,0,0,18,2022,18
jalennailor_min_2022_18,min_2022_18,jalennailor_min_2022,min_2022,jalennailor,84292,wr,min,1,19.3,1,100.0,0,0,0,0,0,0,0,0,0,0,0,0,0,0,0,0,0,0,0,0,0,0,0,0,0,0,0,0,0,0,0,0,0,0,0,0,0,18,2022,18
terracemarshalljr_car_2022_18,car_2022_18,terracemarshalljr_car_2022,car_2022,terracemarshalljr,84271,wr,car,1,16.0,0,66.7,0,0,0,0,0,0,0,0,0,0,0,0,0,0,0,0,0,0,0,0,0,0,0,0,0,0,0,0,0,0,0,0,0,0,0,0,0,18,2022,18
deandrecarter_lac_2022_18,lac_2022_18,deandrecarter_lac_2022,lac_2022,deandrecarter,9859,wr,lac,1,2.0,0,66.7,0,0,0,0,0,0,0,0,0,0,0,0,0,0,0,0,0,0,0,0,0,0,0,0,0,0,0,0,0,0,0,0,0,0,0,0,0,18,2022,18
dariusslayton_nyg_2022_18,nyg_2022_18,dariusslayton_nyg_2022,nyg_2022,dariusslayton,25578,wr,nyg,1,9.0,0,66.7,0,0,0,0,0,0,0,0,0,0,0,0,0,0,0,0,0,0,0,0,0,0,0,0,0,0,0,0,0,0,0,0,0,0,0,0,0,18,2022,18
danielbellinger_nyg_2022_18,nyg_2022_18,danielbellinger_nyg_2022,nyg_2022,danielbellinger,84041,te,nyg,1,10.7,0,100.0,0,0,0,0,0,0,0,0,0,0,0,0,0,0,0,0,0,0,0,0,0,0,0,0,0,0,0,0,0,0,0,0,0,0,0,0,0,18,2022,18
tommytremble_car_2022_18,car_2022_18,tommytremble_car_2022,car_2022,tommytremble,84025,te,car,1,9.3,0,100.0,0,0,0,0,0,0,0,0,0,0,0,0,0,0,0,0,0,0,0,0,0,0,0,0,0,0,0,0,0,0,0,0,0,0,0,0,0,18,2022,18
harrisonbryant_cle_2022_18,cle_2022_18,harrisonbryant_cle_2022,cle_2022,harrisonbryant,26394,te,cle,1,0.3,0,66.7,0,0,0,0,0,0,0,0,0,0,0,0,0,0,0,0,0,0,0,0,0,0,0,0,0,0,0,0,0,0,0,0,0,0,0,0,0,18,2022,18
jaylenwarren_pit_2022_18,pit_2022_18,jaylenwarren_pit_2022,pit_2022,jaylenwarren,98692,hb,pit,1,0.3,0,100.0,0,0,0,0,0,0,0,0,0,0,0,0,0,0,0,0,0,0,0,0,0,0,0,0,0,0,0,0,0,0,0,0,0,0,0,0,0,18,2022,18
chigoziemokonkwo_ten_2022_18,ten_2022_18,chigoziemokonkwo_ten_2022,ten_2022,chigoziemokonkwo,84000,te,ten,1,1.0,0,100.0,0,0,0,0,0,0,0,0,0,0,0,0,0,0,0,0,0,0,0,0,0,0,0,0,0,0,0,0,0,0,0,0,0,0,0,0,0,18,2022,18
damienharris_ne_2022_18,ne_2022_18,damienharris_ne_2022,ne_2022,damienharris,35134,hb,ne,1,0.7,0,100.0,0,0,0,0,0,0,0,0,0,0,0,0,0,0,0,0,0,0,0,0,0,0,0,0,0,0,0,0,0,0,0,0,0,0,0,0,0,18,2022,18
hassanhaskins_ten_2022_18,ten_2022_18,hassanhaskins_ten_2022,ten_2022,hassanhaskins,83701,hb,ten,1,-2.7,0,66.7,0,0,0,0,0,0,0,0,0,0,0,0,0,0,0,0,0,0,0,0,0,0,0,0,0,0,0,0,0,0,0,0,0,0,0,0,0,18,2022,18
travisetienne_jax_2022_18,jax_2022_18,travisetienne_jax_2022,jax_2022,travisetienne,57185,hb,jax,1,2.0,0,100.0,0,0,0,0,0,0,0,0,0,0,0,0,0,0,0,0,0,0,0,0,0,0,0,0,0,0,0,0,0,0,0,0,0,0,0,0,0,18,2022,18
najeeharris_pit_2022_18,pit_2022_18,najeeharris_pit_2022,pit_2022,najeeharris,57121,hb,pit,1,6.0,0,66.7,0,0,0,0,0,0,0,0,0,0,0,0,0,0,0,0,0,0,0,0,0,0,0,0,0,0,0,0,0,0,0,0,0,0,0,0,0,18,2022,18
chubahubbard_car_2022_18,car_2022_18,chubahubbard_car_2022,car_2022,chubahubbard,57373,hb,car,1,0.3,0,100.0,0,0,0,0,0,0,0,0,0,0,0,0,0,0,0,0,0,0,0,0,0,0,0,0,0,0,0,0,0,0,0,0,0,0,0,0,0,18,2022,18
brevinjordan_hou_2022_18,hou_2022_18,brevinjordan_hou_2022,hou_2022,brevinjordan,77887,te,hou,1,14.3,0,33.3,0,0,0,0,0,0,0,0,0,0,0,0,0,0,0,0,0,0,0,0,0,0,0,0,0,0,0,0,0,0,0,0,0,0,0,0,0,18,2022,18
byronpringle_chi_2022_18,chi_2022_18,byronpringle_chi_2022,chi_2022,byronpringle,42345,wr,chi,1,19.0,0,0.0,0,0,0,0,0,0,0,0,0,0,0,0,0,0,0,0,0,0,0,0,0,0,0,0,0,0,0,0,0,0,0,0,0,0,0,0,0,18,2022,18
noahfant_sea_2022_18,sea_2022_18,noahfant_sea_2022,sea_2022,noahfant,42388,te,sea,1,18.0,0,66.7,0,0,0,0,0,0,0,0,0,0,0,0,0,0,0,0,0,0,0,0,0,0,0,0,0,0,0,0,0,0,0,0,0,0,0,0,0,18,2022,18
russellgage_tb_2022_18,tb_2022_18,russellgage_tb_2022,tb_2022,russellgage,44771,wr,tb,1,5.7,0,100.0,0,0,0,0,0,0,0,0,0,0,0,0,0,0,0,0,0,0,0,0,0,0,0,0,0,0,0,0,0,0,0,0,0,0,0,0,0,18,2022,18
laviskashenaultjr_car_2022_18,car_2022_18,laviskashenaultjr_car_2022,car_2022,laviskashenaultjr,61220,wr,car,1,-3.3,0,66.7,0,0,0,0,0,0,0,0,0,0,0,0,0,0,0,0,0,0,0,0,0,0,0,0,0,0,0,0,0,0,0,0,0,0,0,0,0,18,2022,18
chaseedmonds_den_2022_18,den_2022_18,chaseedmonds_den_2022,den_2022,chaseedmonds,45851,hb,den,1,3.3,1,100.0,0,0,0,0,0,0,0,0,0,0,0,0,0,0,0,0,0,0,0,0,0,0,0,0,0,0,0,0,0,0,0,0,0,0,0,0,0,18,2022,18
fostermoreau_lv_2022_18,lv_2022_18,fostermoreau_lv_2022,lv_2022,fostermoreau,47043,te,lv,1,6.0,0,100.0,0,0,0,0,0,0,0,0,0,0,0,0,0,0,0,0,0,0,0,0,0,0,0,0,0,0,0,0,0,0,0,0,0,0,0,0,0,18,2022,18
jordanakins_hou_2022_18,hou_2022_18,jordanakins_hou_2022,hou_2022,jordanakins,47050,te,hou,1,16.7,0,66.7,0,0,0,0,0,0,0,0,0,0,0,0,0,0,0,0,0,0,0,0,0,0,0,0,0,0,0,0,0,0,0,0,0,0,0,0,0,18,2022,18
jelaniwoods_ind_2022_18,ind_2022_18,jelaniwoods_ind_2022,ind_2022,jelaniwoods,60509,te,ind,1,4.0,0,100.0,0,0,0,0,0,0,0,0,0,0,0,0,0,0,0,0,0,0,0,0,0,0,0,0,0,0,0,0,0,0,0,0,0,0,0,0,0,18,2022,18
jauanjennings_sf_2022_18,sf_2022_18,jauanjennings_sf_2022,sf_2022,jauanjennings,48027,wr,sf,1,19.0,0,66.7,0,0,0,0,0,0,0,0,0,0,0,0,0,0,0,0,0,0,0,0,0,0,0,0,0,0,0,0,0,0,0,0,0,0,0,0,0,18,2022,18
equanimeousstbrown_chi_2022_18,chi_2022_18,equanimeousstbrown_chi_2022,chi_2022,equanimeousstbrown,47967,wr,chi,1,6.3,0,66.7,0,0,0,0,0,0,0,0,0,0,0,0,0,0,0,0,0,0,0,0,0,0,0,0,0,0,0,0,0,0,0,0,0,0,0,0,0,18,2022,18
colekmet_chi_2022_18,chi_2022_18,colekmet_chi_2022,chi_2022,colekmet,60995,te,chi,1,6.7,1,66.7,0,0,0,0,0,0,0,0,0,0,0,0,0,0,0,0,0,0,0,0,0,0,0,0,0,0,0,0,0,0,0,0,0,0,0,0,0,18,2022,18
donovanpeoplesjones_cle_2022_18,cle_2022_18,donovanpeoplesjones_cle_2022,cle_2022,donovanpeoplesjones,61439,wr,cle,1,6.0,0,33.3,0,0,0,0,0,0,0,0,0,0,0,0,0,0,0,0,0,0,0,0,0,0,0,0,0,0,0,0,0,0,0,0,0,0,0,0,0,18,2022,18
vanjefferson_lar_2022_18,lar_2022_18,vanjefferson_lar_2022,lar_2022,vanjefferson,47447,wr,lar,1,25.7,0,100.0,0,0,0,0,0,0,0,0,0,0,0,0,0,0,0,0,0,0,0,0,0,0,0,0,0,0,0,0,0,0,0,0,0,0,0,0,0,18,2022,18
christiankirk_jax_2022_18,jax_2022_18,christiankirk_jax_2022,jax_2022,christiankirk,47546,wr,jax,1,5.3,1,66.7,0,0,0,0,0,0,0,0,0,0,0,0,0,0,0,0,0,0,0,0,0,0,0,0,0,0,0,0,0,0,0,0,0,0,0,0,0,18,2022,18
zonovanknight_nyj_2022_18,nyj_2022_18,zonovanknight_nyj_2022,nyj_2022,zonovanknight,97432,hb,nyj,1,-0.3,0,66.7,0,0,0,0,0,0,0,0,0,0,0,0,0,0,0,0,0,0,0,0,0,0,0,0,0,0,0,0,0,0,0,0,0,0,0,0,0,18,2022,18
davidnjoku_cle_2022_18,cle_2022_18,davidnjoku_cle_2022,cle_2022,davidnjoku,11784,te,cle,1,10.7,0,33.3,0,0,0,0,0,0,0,0,0,0,0,0,0,0,0,0,0,0,0,0,0,0,0,0,0,0,0,0,0,0,0,0,0,0,0,0,0,18,2022,18
geraldeverett_lac_2022_18,lac_2022_18,geraldeverett_lac_2022,lac_2022,geraldeverett,11799,te,lac,1,4.0,0,100.0,0,0,0,0,0,0,0,0,0,0,0,0,0,0,0,0,0,0,0,0,0,0,0,0,0,0,0,0,0,0,0,0,0,0,0,0,0,18,2022,18
shanezylstra_det_2022_18,det_2022_18,shanezylstra_det_2022,det_2022,shanezylstra,143786,te,det,1,2.5,0,50.0,0,0,0,0,0,0,0,0,0,0,0,0,0,0,0,0,0,0,0,0,0,0,0,0,0,0,0,0,0,0,0,0,0,0,0,0,0,18,2022,18
ajgreen_ari_2022_18,ari_2022_18,ajgreen_ari_2022,ari_2022,ajgreen,6156,wr,ari,1,8.0,0,100.0,0,0,0,0,0,0,0,0,0,0,0,0,0,0,0,0,0,0,0,0,0,0,0,0,0,0,0,0,0,0,0,0,0,0,0,0,0,18,2022,18
juliojones_tb_2022_18,tb_2022_18,juliojones_tb_2022,tb_2022,juliojones,6158,wr,tb,1,7.5,0,50.0,0,0,0,0,0,0,0,0,0,0,0,0,0,0,0,0,0,0,0,0,0,0,0,0,0,0,0,0,0,0,0,0,0,0,0,0,0,18,2022,18
randallcobb_gb_2022_18,gb_2022_18,randallcobb_gb_2022,gb_2022,randallcobb,6216,wr,gb,1,5.5,0,100.0,0,0,0,0,0,0,0,0,0,0,0,0,0,0,0,0,0,0,0,0,0,0,0,0,0,0,0,0,0,0,0,0,0,0,0,0,0,18,2022,18
tylerlockett_sea_2022_18,sea_2022_18,tylerlockett_sea_2022,sea_2022,tylerlockett,9502,wr,sea,1,4.0,2,100.0,0,0,0,0,0,0,0,0,0,0,0,0,0,0,0,0,0,0,0,0,0,0,0,0,0,0,0,0,0,0,0,0,0,0,0,0,0,18,2022,18
damierebyrd_atl_2022_18,atl_2022_18,damierebyrd_atl_2022,atl_2022,damierebyrd,9964,wr,atl,1,25.0,0,50.0,0,0,0,0,0,0,0,0,0,0,0,0,0,0,0,0,0,0,0,0,0,0,0,0,0,0,0,0,0,0,0,0,0,0,0,0,0,18,2022,18
laquontreadwell_sea_2022_18,sea_2022_18,laquontreadwell_sea_2022,sea_2022,laquontreadwell,10657,wr,sea,1,3.5,0,100.0,0,0,0,0,0,0,0,0,0,0,0,0,0,0,0,0,0,0,0,0,0,0,0,0,0,0,0,0,0,0,0,0,0,0,0,0,0,18,2022,18
ojhoward_hou_2022_18,hou_2022_18,ojhoward_hou_2022,hou_2022,ojhoward,11774,te,hou,1,3.5,0,50.0,0,0,0,0,0,0,0,0,0,0,0,0,0,0,0,0,0,0,0,0,0,0,0,0,0,0,0,0,0,0,0,0,0,0,0,0,0,18,2022,18
evanengram_jax_2022_18,jax_2022_18,evanengram_jax_2022,jax_2022,evanengram,11778,te,jax,1,9.5,2,50.0,0,0,0,0,0,0,0,0,0,0,0,0,0,0,0,0,0,0,0,0,0,0,0,0,0,0,0,0,0,0,0,0,0,0,0,0,0,18,2022,18
curtissamuel_was_2022_18,was_2022_18,curtissamuel_was_2022,was_2022,curtissamuel,11795,wr,was,1,20.0,0,50.0,0,0,0,0,0,0,0,0,0,0,0,0,0,0,0,0,0,0,0,0,0,0,0,0,0,0,0,0,0,0,0,0,0,0,0,0,0,18,2022,18
dareogunbowale_hou_2022_18,hou_2022_18,dareogunbowale_hou_2022,hou_2022,dareogunbowale,12329,hb,hou,1,-2.0,0,100.0,0,0,0,0,0,0,0,0,0,0,0,0,0,0,0,0,0,0,0,0,0,0,0,0,0,0,0,0,0,0,0,0,0,0,0,0,0,18,2022,18
joshuakelley_lac_2022_18,lac_2022_18,joshuakelley_lac_2022,lac_2022,joshuakelley,13750,hb,lac,1,1.5,0,50.0,0,0,0,0,0,0,0,0,0,0,0,0,0,0,0,0,0,0,0,0,0,0,0,0,0,0,0,0,0,0,0,0,0,0,0,0,0,18,2022,18
jordanwilkins_ind_2022_18,ind_2022_18,jordanwilkins_ind_2022,ind_2022,jordanwilkins,26618,hb,ind,1,-2.0,1,100.0,0,0,0,0,0,0,0,0,0,0,0,0,0,0,0,0,0,0,0,0,0,0,0,0,0,0,0,0,0,0,0,0,0,0,0,0,0,18,2022,18
kendallhinton_den_2022_18,den_2022_18,kendallhinton_den_2022,den_2022,kendallhinton,34045,wr,den,1,6.0,0,0.0,0,0,0,0,0,0,0,0,0,0,0,0,0,0,0,0,0,0,0,0,0,0,0,0,0,0,0,0,0,0,0,0,0,0,0,0,0,18,2022,18
stephensullivan_car_2022_18,car_2022_18,stephensullivan_car_2022,car_2022,stephensullivan,40411,te,car,1,19.0,0,0.0,0,0,0,0,0,0,0,0,0,0,0,0,0,0,0,0,0,0,0,0,0,0,0,0,0,0,0,0,0,0,0,0,0,0,0,0,0,18,2022,18
cadejohnson_sea_2022_18,sea_2022_18,cadejohnson_sea_2022,sea_2022,cadejohnson,42109,wr,sea,1,10.0,0,0.0,0,0,0,0,0,0,0,0,0,0,0,0,0,0,0,0,0,0,0,0,0,0,0,0,0,0,0,0,0,0,0,0,0,0,0,0,0,18,2022,18
davidmontgomery_chi_2022_18,chi_2022_18,davidmontgomery_chi_2022,chi_2022,davidmontgomery,45719,hb,chi,1,-4.5,0,100.0,0,0,0,0,0,0,0,0,0,0,0,0,0,0,0,0,0,0,0,0,0,0,0,0,0,0,0,0,0,0,0,0,0,0,0,0,0,18,2022,18
andrewbeck_den_2022_18,den_2022_18,andrewbeck_den_2022,den_2022,andrewbeck,47121,fb,den,1,0.5,0,100.0,0,0,0,0,0,0,0,0,0,0,0,0,0,0,0,0,0,0,0,0,0,0,0,0,0,0,0,0,0,0,0,0,0,0,0,0,0,18,2022,18
nickwestbrookikhine_ten_2022_18,ten_2022_18,nickwestbrookikhine_ten_2022,ten_2022,nickwestbrookikhine,47861,wr,ten,1,20.0,0,50.0,0,0,0,0,0,0,0,0,0,0,0,0,0,0,0,0,0,0,0,0,0,0,0,0,0,0,0,0,0,0,0,0,0,0,0,0,0,18,2022,18
andrebaccellia_ari_2022_18,ari_2022_18,andrebaccellia_ari_2022,ari_2022,andrebaccellia,47901,wr,ari,1,12.5,0,50.0,0,0,0,0,0,0,0,0,0,0,0,0,0,0,0,0,0,0,0,0,0,0,0,0,0,0,0,0,0,0,0,0,0,0,0,0,0,18,2022,18
brandonpowell_lar_2022_18,lar_2022_18,brandonpowell_lar_2022,lar_2022,brandonpowell,48036,wr,lar,1,5.5,0,50.0,0,0,0,0,0,0,0,0,0,0,0,0,0,0,0,0,0,0,0,0,0,0,0,0,0,0,0,0,0,0,0,0,0,0,0,0,0,18,2022,18
malikdavis_dal_2022_18,dal_2022_18,malikdavis_dal_2022,dal_2022,malikdavis,57196,hb,dal,1,-1.0,1,100.0,0,0,0,0,0,0,0,0,0,0,0,0,0,0,0,0,0,0,0,0,0,0,0,0,0,0,0,0,0,0,0,0,0,0,0,0,0,18,2022,18
camakers_lar_2022_18,lar_2022_18,camakers_lar_2022,lar_2022,camakers,57206,hb,lar,1,2.5,1,50.0,0,0,0,0,0,0,0,0,0,0,0,0,0,0,0,0,0,0,0,0,0,0,0,0,0,0,0,0,0,0,0,0,0,0,0,0,0,18,2022,18
michaelcarter_nyj_2022_18,nyj_2022_18,michaelcarter_nyj_2022,nyj_2022,michaelcarter,57337,hb,nyj,1,-1.5,0,100.0,0,0,0,0,0,0,0,0,0,0,0,0,0,0,0,0,0,0,0,0,0,0,0,0,0,0,0,0,0,0,0,0,0,0,0,0,0,18,2022,18
amarirodgers_hou_2022_18,hou_2022_18,amarirodgers_hou_2022,hou_2022,amarirodgers,61212,wr,hou,1,3.0,0,100.0,0,0,0,0,0,0,0,0,0,0,0,0,0,0,0,0,0,0,0,0,0,0,0,0,0,0,0,0,0,0,0,0,0,0,0,0,0,18,2022,18
justinwatson_kc_2022_18,kc_2022_18,justinwatson_kc_2022,kc_2022,justinwatson,66915,wr,kc,1,21.0,0,50.0,0,0,0,0,0,0,0,0,0,0,0,0,0,0,0,0,0,0,0,0,0,0,0,0,0,0,0,0,0,0,0,0,0,0,0,0,0,18,2022,18
kennethgainwell_phi_2022_18,phi_2022_18,kennethgainwell_phi_2022,phi_2022,kennethgainwell,77737,hb,phi,1,1.5,0,100.0,0,0,0,0,0,0,0,0,0,0,0,0,0,0,0,0,0,0,0,0,0,0,0,0,0,0,0,0,0,0,0,0,0,0,0,0,0,18,2022,18
isiahpacheco_kc_2022_18,kc_2022_18,isiahpacheco_kc_2022,kc_2022,isiahpacheco,83747,hb,kc,1,1.0,1,100.0,0,0,0,0,0,0,0,0,0,0,0,0,0,0,0,0,0,0,0,0,0,0,0,0,0,0,0,0,0,0,0,0,0,0,0,0,0,18,2022,18
elijahmoore_nyj_2022_18,nyj_2022_18,elijahmoore_nyj_2022,nyj_2022,elijahmoore,84302,wr,nyj,1,8.5,0,100.0,0,0,0,0,0,0,0,0,0,0,0,0,0,0,0,0,0,0,0,0,0,0,0,0,0,0,0,0,0,0,0,0,0,0,0,0,0,18,2022,18
jamesonwilliams_det_2022_18,det_2022_18,jamesonwilliams_det_2022,det_2022,jamesonwilliams,101701,wr,det,1,14.5,0,0.0,0,0,0,0,0,0,0,0,0,0,0,0,0,0,0,0,0,0,0,0,0,0,0,0,0,0,0,0,0,0,0,0,0,0,0,0,0,18,2022,18
deseanjackson_bal_2022_18,bal_2022_18,deseanjackson_bal_2022,bal_2022,deseanjackson,4363,wr,bal,1,12.5,0,50.0,0,0,0,0,0,0,0,0,0,0,0,0,0,0,0,0,0,0,0,0,0,0,0,0,0,0,0,0,0,0,0,0,0,0,0,0,0,18,2022,18
peytonhendershot_dal_2022_18,dal_2022_18,peytonhendershot_dal_2022,dal_2022,peytonhendershot,60915,te,dal,1,16.0,0,0.0,0,0,0,0,0,0,0,0,0,0,0,0,0,0,0,0,0,0,0,0,0,0,0,0,0,0,0,0,0,0,0,0,0,0,0,0,0,18,2022,18
jasoncabinda_det_2022_18,det_2022_18,jasoncabinda_det_2022,det_2022,jasoncabinda,50714,fb,det,1,3.0,0,100.0,0,0,0,0,0,0,0,0,0,0,0,0,0,0,0,0,0,0,0,0,0,0,0,0,0,0,0,0,0,0,0,0,0,0,0,0,0,18,2022,18
godwinigwebuike_sea_2022_18,sea_2022_18,godwinigwebuike_sea_2022,sea_2022,godwinigwebuike,49166,hb,sea,1,2.0,0,100.0,0,0,0,0,0,0,0,0,0,0,0,0,0,0,0,0,0,0,0,0,0,0,0,0,0,0,0,0,0,0,0,0,0,0,0,0,0,18,2022,18
nkealharry_chi_2022_18,chi_2022_18,nkealharry_chi_2022,chi_2022,nkealharry,48297,wr,chi,1,10.0,0,100.0,0,0,0,0,0,0,0,0,0,0,0,0,0,0,0,0,0,0,0,0,0,0,0,0,0,0,0,0,0,0,0,0,0,0,0,0,0,18,2022,18
jakeferguson_dal_2022_18,dal_2022_18,jakeferguson_dal_2022,dal_2022,jakeferguson,61081,te,dal,1,-5.0,0,100.0,0,0,0,0,0,0,0,0,0,0,0,0,0,0,0,0,0,0,0,0,0,0,0,0,0,0,0,0,0,0,0,0,0,0,0,0,0,18,2022,18
dantepettis_chi_2022_18,chi_2022_18,dantepettis_chi_2022,chi_2022,dantepettis,48113,wr,chi,1,5.0,0,0.0,0,0,0,0,0,0,0,0,0,0,0,0,0,0,0,0,0,0,0,0,0,0,0,0,0,0,0,0,0,0,0,0,0,0,0,0,0,18,2022,18
braxtonberrios_nyj_2022_18,nyj_2022_18,braxtonberrios_nyj_2022,nyj_2022,braxtonberrios,47961,wr,nyj,1,7.0,1,100.0,0,0,0,0,0,0,0,0,0,0,0,0,0,0,0,0,0,0,0,0,0,0,0,0,0,0,0,0,0,0,0,0,0,0,0,0,0,18,2022,18
nelsonagholor_ne_2022_18,ne_2022_18,nelsonagholor_ne_2022,ne_2022,nelsonagholor,9453,wr,ne,1,34.0,0,0.0,0,0,0,0,0,0,0,0,0,0,0,0,0,0,0,0,0,0,0,0,0,0,0,0,0,0,0,0,0,0,0,0,0,0,0,0,0,18,2022,18
camsims_was_2022_18,was_2022_18,camsims_was_2022,was_2022,camsims,47908,wr,was,1,16.0,0,100.0,0,0,0,0,0,0,0,0,0,0,0,0,0,0,0,0,0,0,0,0,0,0,0,0,0,0,0,0,0,0,0,0,0,0,0,0,0,18,2022,18
rayraymccloudiii_sf_2022_18,sf_2022_18,rayraymccloudiii_sf_2022,sf_2022,rayraymccloudiii,47895,wr,sf,1,-2.0,0,100.0,0,0,0,0,0,0,0,0,0,0,0,0,0,0,0,0,0,0,0,0,0,0,0,0,0,0,0,0,0,0,0,0,0,0,0,0,0,18,2022,18
denzelmims_nyj_2022_18,nyj_2022_18,denzelmims_nyj_2022,nyj_2022,denzelmims,47800,wr,nyj,1,25.0,0,0.0,0,0,0,0,0,0,0,0,0,0,0,0,0,0,0,0,0,0,0,0,0,0,0,0,0,0,0,0,0,0,0,0,0,0,0,0,0,18,2022,18
raceymcmath_ten_2022_18,ten_2022_18,raceymcmath_ten_2022,ten_2022,raceymcmath,61401,wr,ten,1,38.0,0,100.0,0,0,0,0,0,0,0,0,0,0,0,0,0,0,0,0,0,0,0,0,0,0,0,0,0,0,0,0,0,0,0,0,0,0,0,0,0,18,2022,18
brycenhopkins_lar_2022_18,lar_2022_18,brycenhopkins_lar_2022,lar_2022,brycenhopkins,47338,te,lar,1,19.0,0,100.0,0,0,0,0,0,0,0,0,0,0,0,0,0,0,0,0,0,0,0,0,0,0,0,0,0,0,0,0,0,0,0,0,0,0,0,0,0,18,2022,18
lancemccutcheon_lar_2022_18,lar_2022_18,lancemccutcheon_lar_2022,lar_2022,lancemccutcheon,61478,wr,lar,1,28.0,0,0.0,0,0,0,0,0,0,0,0,0,0,0,0,0,0,0,0,0,0,0,0,0,0,0,0,0,0,0,0,0,0,0,0,0,0,0,0,0,18,2022,18
durhamsmythe_mia_2022_18,mia_2022_18,durhamsmythe_mia_2022,mia_2022,durhamsmythe,47257,te,mia,1,3.0,0,100.0,0,0,0,0,0,0,0,0,0,0,0,0,0,0,0,0,0,0,0,0,0,0,0,0,0,0,0,0,0,0,0,0,0,0,0,0,0,18,2022,18
josholiver_bal_2022_18,bal_2022_18,josholiver_bal_2022,bal_2022,josholiver,47083,te,bal,1,26.0,0,0.0,0,0,0,0,0,0,0,0,0,0,0,0,0,0,0,0,0,0,0,0,0,0,0,0,0,0,0,0,0,0,0,0,0,0,0,0,0,18,2022,18
josiahdeguara_gb_2022_18,gb_2022_18,josiahdeguara_gb_2022,gb_2022,josiahdeguara,47034,te,gb,1,1.0,0,100.0,0,0,0,0,0,0,0,0,0,0,0,0,0,0,0,0,0,0,0,0,0,0,0,0,0,0,0,0,0,0,0,0,0,0,0,0,0,18,2022,18
quezwatkins_phi_2022_18,phi_2022_18,quezwatkins_phi_2022,phi_2022,quezwatkins,61664,wr,phi,1,6.0,0,0.0,0,0,0,0,0,0,0,0,0,0,0,0,0,0,0,0,0,0,0,0,0,0,0,0,0,0,0,0,0,0,0,0,0,0,0,0,0,18,2022,18
joshpalmer_lac_2022_18,lac_2022_18,joshpalmer_lac_2022,lac_2022,joshpalmer,62979,wr,lac,1,25.0,0,0.0,0,0,0,0,0,0,0,0,0,0,0,0,0,0,0,0,0,0,0,0,0,0,0,0,0,0,0,0,0,0,0,0,0,0,0,0,0,18,2022,18
alexandermattison_min_2022_18,min_2022_18,alexandermattison_min_2022,min_2022,alexandermattison,45817,hb,min,1,-5.0,1,100.0,0,0,0,0,0,0,0,0,0,0,0,0,0,0,0,0,0,0,0,0,0,0,0,0,0,0,0,0,0,0,0,0,0,0,0,0,0,18,2022,18
troyhairstonii_hou_2022_18,hou_2022_18,troyhairstonii_hou_2022,hou_2022,troyhairstonii,65088,fb,hou,1,3.0,0,100.0,0,0,0,0,0,0,0,0,0,0,0,0,0,0,0,0,0,0,0,0,0,0,0,0,0,0,0,0,0,0,0,0,0,0,0,0,0,18,2022,18
nickchubb_cle_2022_18,cle_2022_18,nickchubb_cle_2022,cle_2022,nickchubb,45783,hb,cle,1,-2.0,0,100.0,0,0,0,0,0,0,0,0,0,0,0,0,0,0,0,0,0,0,0,0,0,0,0,0,0,0,0,0,0,0,0,0,0,0,0,0,0,18,2022,18
michaelstrachan_ind_2022_18,ind_2022_18,michaelstrachan_ind_2022,ind_2022,michaelstrachan,143358,wr,ind,1,35.0,0,0.0,0,0,0,0,0,0,0,0,0,0,0,0,0,0,0,0,0,0,0,0,0,0,0,0,0,0,0,0,0,0,0,0,0,0,0,0,0,18,2022,18
averywilliams_atl_2022_18,atl_2022_18,averywilliams_atl_2022,atl_2022,averywilliams,42873,hb,atl,1,-5.0,0,100.0,0,0,0,0,0,0,0,0,0,0,0,0,0,0,0,0,0,0,0,0,0,0,0,0,0,0,0,0,0,0,0,0,0,0,0,0,0,18,2022,18
juliuschestnut_ten_2022_18,ten_2022_18,juliuschestnut_ten_2022,ten_2022,juliuschestnut,109239,hb,ten,1,-4.0,1,100.0,0,0,0,0,0,0,0,0,0,0,0,0,0,0,0,0,0,0,0,0,0,0,0,0,0,0,0,0,0,0,0,0,0,0,0,0,0,18,2022,18
jamesmitchell_det_2022_18,det_2022_18,jamesmitchell_det_2022,det_2022,jamesmitchell,77885,te,det,1,11.0,0,100.0,0,0,0,0,0,0,0,0,0,0,0,0,0,0,0,0,0,0,0,0,0,0,0,0,0,0,0,0,0,0,0,0,0,0,0,0,0,18,2022,18
chaseclaypool_chi_2022_18,chi_2022_18,chaseclaypool_chi_2022,chi_2022,chaseclaypool,42312,wr,chi,1,17.0,0,0.0,0,0,0,0,0,0,0,0,0,0,0,0,0,0,0,0,0,0,0,0,0,0,0,0,0,0,0,0,0,0,0,0,0,0,0,0,0,18,2022,18
ianthomas_car_2022_18,car_2022_18,ianthomas_car_2022,car_2022,ianthomas,42130,te,car,1,1.0,0,100.0,0,0,0,0,0,0,0,0,0,0,0,0,0,0,0,0,0,0,0,0,0,0,0,0,0,0,0,0,0,0,0,0,0,0,0,0,0,18,2022,18
kokieft_tb_2022_18,tb_2022_18,kokieft_tb_2022,tb_2022,kokieft,41372,te,tb,1,2.0,0,0.0,0,0,0,0,0,0,0,0,0,0,0,0,0,0,0,0,0,0,0,0,0,0,0,0,0,0,0,0,0,0,0,0,0,0,0,0,0,18,2022,18
velusjonesjr_chi_2022_18,chi_2022_18,velusjonesjr_chi_2022,chi_2022,velusjonesjr,40573,wr,chi,1,40.0,0,0.0,0,0,0,0,0,0,0,0,0,0,0,0,0,0,0,0,0,0,0,0,0,0,0,0,0,0,0,0,0,0,0,0,0,0,0,0,0,18,2022,18
tylerallgeier_atl_2022_18,atl_2022_18,tylerallgeier_atl_2022,atl_2022,tylerallgeier,83639,hb,atl,1,0.0,2,100.0,0,0,0,0,0,0,0,0,0,0,0,0,0,0,0,0,0,0,0,0,0,0,0,0,0,0,0,0,0,0,0,0,0,0,0,0,0,18,2022,18
bostonscott_phi_2022_18,phi_2022_18,bostonscott_phi_2022,phi_2022,bostonscott,39462,hb,phi,1,-5.0,0,0.0,0,0,0,0,0,0,0,0,0,0,0,0,0,0,0,0,0,0,0,0,0,0,0,0,0,0,0,0,0,0,0,0,0,0,0,0,0,18,2022,18
adamtrautman_no_2022_18,no_2022_18,adamtrautman_no_2022,no_2022,adamtrautman,109795,te,no,1,4.0,0,100.0,0,0,0,0,0,0,0,0,0,0,0,0,0,0,0,0,0,0,0,0,0,0,0,0,0,0,0,0,0,0,0,0,0,0,0,0,0,18,2022,18
adamprentice_no_2022_18,no_2022_18,adamprentice_no_2022,no_2022,adamprentice,35639,fb,no,1,-5.0,0,100.0,0,0,0,0,0,0,0,0,0,0,0,0,0,0,0,0,0,0,0,0,0,0,0,0,0,0,0,0,0,0,0,0,0,0,0,0,0,18,2022,18
alecingold_mia_2022_18,mia_2022_18,alecingold_mia_2022,mia_2022,alecingold,34934,fb,mia,1,2.0,0,0.0,0,0,0,0,0,0,0,0,0,0,0,0,0,0,0,0,0,0,0,0,0,0,0,0,0,0,0,0,0,0,0,0,0,0,0,0,0,18,2022,18
khadarelhodge_atl_2022_18,atl_2022_18,khadarelhodge_atl_2022,atl_2022,khadarelhodge,26104,wr,atl,1,5.0,0,100.0,0,0,0,0,0,0,0,0,0,0,0,0,0,0,0,0,0,0,0,0,0,0,0,0,0,0,0,0,0,0,0,0,0,0,0,0,0,18,2022,18
jonathanward_ten_2022_18,ten_2022_18,jonathanward_ten_2022,ten_2022,jonathanward,25859,hb,ten,1,3.0,0,100.0,0,0,0,0,0,0,0,0,0,0,0,0,0,0,0,0,0,0,0,0,0,0,0,0,0,0,0,0,0,0,0,0,0,0,0,0,0,18,2022,18
tylermabry_sea_2022_18,sea_2022_18,tylermabry_sea_2022,sea_2022,tylermabry,25705,te,sea,1,5.0,0,100.0,0,0,0,0,0,0,0,0,0,0,0,0,0,0,0,0,0,0,0,0,0,0,0,0,0,0,0,0,0,0,0,0,0,0,0,0,0,18,2022,18
giovanniricci_car_2022_18,car_2022_18,giovanniricci_car_2022,car_2022,giovanniricci,13756,te,car,1,22.0,0,100.0,0,0,0,0,0,0,0,0,0,0,0,0,0,0,0,0,0,0,0,0,0,0,0,0,0,0,0,0,0,0,0,0,0,0,0,0,0,18,2022,18
mattbreida_nyg_2022_18,nyg_2022_18,mattbreida_nyg_2022,nyg_2022,mattbreida,12271,hb,nyg,1,-2.0,0,100.0,0,0,0,0,0,0,0,0,0,0,0,0,0,0,0,0,0,0,0,0,0,0,0,0,0,0,0,0,0,0,0,0,0,0,0,0,0,18,2022,18
kendrickbourne_ne_2022_18,ne_2022_18,kendrickbourne_ne_2022,ne_2022,kendrickbourne,12270,wr,ne,1,-3.0,0,100.0,0,0,0,0,0,0,0,0,0,0,0,0,0,0,0,0,0,0,0,0,0,0,0,0,0,0,0,0,0,0,0,0,0,0,0,0,0,18,2022,18
coreyclement_ari_2022_18,ari_2022_18,coreyclement_ari_2022,ari_2022,coreyclement,12253,hb,ari,1,4.0,0,0.0,0,0,0,0,0,0,0,0,0,0,0,0,0,0,0,0,0,0,0,0,0,0,0,0,0,0,0,0,0,0,0,0,0,0,0,0,0,18,2022,18
ryangriffin_chi_2022_18,chi_2022_18,ryangriffin_chi_2022,chi_2022,ryangriffin,7982,te,chi,1,4.0,0,0.0,0,0,0,0,0,0,0,0,0,0,0,0,0,0,0,0,0,0,0,0,0,0,0,0,0,0,0,0,0,0,0,0,0,0,0,0,0,18,2022,18
taysomhill_no_2022_18,no_2022_18,taysomhill_no_2022,no_2022,taysomhill,12112,te,no,1,-1.0,2,100.0,0,0,0,0,0,0,0,0,0,0,0,0,0,0,0,0,0,0,0,0,0,0,0,0,0,0,0,0,0,0,0,0,0,0,0,0,0,18,2022,18
moaliecox_ind_2022_18,ind_2022_18,moaliecox_ind_2022,ind_2022,moaliecox,12078,te,ind,1,12.0,0,0.0,0,0,0,0,0,0,0,0,0,0,0,0,0,0,0,0,0,0,0,0,0,0,0,0,0,0,0,0,0,0,0,0,0,0,0,0,0,18,2022,18
jamalagnew_jax_2022_18,jax_2022_18,jamalagnew_jax_2022,jax_2022,jamalagnew,11920,wr,jax,1,-5.0,0,100.0,0,0,0,0,0,0,0,0,0,0,0,0,0,0,0,0,0,0,0,0,0,0,0,0,0,0,0,0,0,0,0,0,0,0,0,0,0,18,2022,18
jamaalwilliams_det_2022_18,det_2022_18,jamaalwilliams_det_2022,det_2022,jamaalwilliams,11889,hb,det,1,0.0,0,100.0,0,0,0,0,0,0,0,0,0,0,0,0,0,0,0,0,0,0,0,0,0,0,0,0,0,0,0,0,0,0,0,0,0,0,0,0,0,18,2022,18
joshreynolds_det_2022_18,det_2022_18,joshreynolds_det_2022,det_2022,joshreynolds,11872,wr,det,1,5.0,0,100.0,0,0,0,0,0,0,0,0,0,0,0,0,0,0,0,0,0,0,0,0,0,0,0,0,0,0,0,0,0,0,0,0,0,0,0,0,0,18,2022,18
donaldparham_lac_2022_18,lac_2022_18,donaldparham_lac_2022,lac_2022,donaldparham,91014,te,lac,1,11.0,0,100.0,0,0,0,0,0,0,0,0,0,0,0,0,0,0,0,0,0,0,0,0,0,0,0,0,0,0,0,0,0,0,0,0,0,0,0,0,0,18,2022,18
kareemhunt_cle_2022_18,cle_2022_18,kareemhunt_cle_2022,cle_2022,kareemhunt,11841,hb,cle,1,-5.0,0,100.0,0,0,0,0,0,0,0,0,0,0,0,0,0,0,0,0,0,0,0,0,0,0,0,0,0,0,0,0,0,0,0,0,0,0,0,0,0,18,2022,18
kennethwalkeriii_sea_2022_18,sea_2022_18,kennethwalkeriii_sea_2022,sea_2022,kennethwalkeriii,97199,hb,sea,1,-1.0,2,100.0,0,0,0,0,0,0,0,0,0,0,0,0,0,0,0,0,0,0,0,0,0,0,0,0,0,0,0,0,0,0,0,0,0,0,0,0,0,18,2022,18
alvinkamara_no_2022_18,no_2022_18,alvinkamara_no_2022,no_2022,alvinkamara,11822,hb,no,1,-5.0,0,100.0,0,0,0,0,0,0,0,0,0,0,0,0,0,0,0,0,0,0,0,0,0,0,0,0,0,0,0,0,0,0,0,0,0,0,0,0,0,18,2022,18
robbieanderson_ari_2022_18,ari_2022_18,robbieanderson_ari_2022,ari_2022,robbieanderson,11254,wr,ari,1,12.0,0,100.0,0,0,0,0,0,0,0,0,0,0,0,0,0,0,0,0,0,0,0,0,0,0,0,0,0,0,0,0,0,0,0,0,0,0,0,0,0,18,2022,18
geoffswaim_ten_2022_18,ten_2022_18,geoffswaim_ten_2022,ten_2022,geoffswaim,9679,te,ten,1,1.0,0,100.0,0,0,0,0,0,0,0,0,0,0,0,0,0,0,0,0,0,0,0,0,0,0,0,0,0,0,0,0,0,0,0,0,0,0,0,0,0,18,2022,18
enobenjamin_no_2022_18,no_2022_18,enobenjamin_no_2022,no_2022,enobenjamin,57136,hb,no,1,-3.0,0,100.0,0,0,0,0,0,0,0,0,0,0,0,0,0,0,0,0,0,0,0,0,0,0,0,0,0,0,0,0,0,0,0,0,0,0,0,0,0,18,2022,18
larryrountreeiii_lac_2022_18,lac_2022_18,larryrountreeiii_lac_2022,lac_2022,larryrountreeiii,57308,hb,lac,1,-8.0,0,100.0,0,0,0,0,0,0,0,0,0,0,0,0,0,0,0,0,0,0,0,0,0,0,0,0,0,0,0,0,0,0,0,0,0,0,0,0,0,18,2022,18
blakebell_kc_2022_18,kc_2022_18,blakebell_kc_2022,kc_2022,blakebell,9550,te,kc,1,11.0,0,100.0,0,0,0,0,0,0,0,0,0,0,0,0,0,0,0,0,0,0,0,0,0,0,0,0,0,0,0,0,0,0,0,0,0,0,0,0,0,18,2022,18
brianrobinsonjr_was_2022_18,was_2022_18,brianrobinsonjr_was_2022,was_2022,brianrobinsonjr,57120,hb,was,1,-5.0,0,0.0,0,0,0,0,0,0,0,0,0,0,0,0,0,0,0,0,0,0,0,0,0,0,0,0,0,0,0,0,0,0,0,0,0,0,0,0,0,18,2022,18
raheemblackshear_car_2022_18,car_2022_18,raheemblackshear_car_2022,car_2022,raheemblackshear,57385,hb,car,1,-3.0,0,100.0,0,0,0,0,0,0,0,0,0,0,0,0,0,0,0,0,0,0,0,0,0,0,0,0,0,0,0,0,0,0,0,0,0,0,0,0,0,18,2022,18
salvonahmed_mia_2022_18,mia_2022_18,salvonahmed_mia_2022,mia_2022,salvonahmed,57472,hb,mia,1,1.0,0,100.0,0,0,0,0,0,0,0,0,0,0,0,0,0,0,0,0,0,0,0,0,0,0,0,0,0,0,0,0,0,0,0,0,0,0,0,0,0,18,2022,18
danarnold_jax_2022_18,jax_2022_18,danarnold_jax_2022,jax_2022,danarnold,51842,te,jax,1,23.0,0,0.0,0,0,0,0,0,0,0,0,0,0,0,0,0,0,0,0,0,0,0,0,0,0,0,0,0,0,0,0,0,0,0,0,0,0,0,0,0,18,2022,18
noahgray_kc_2022_18,kc_2022_18,noahgray_kc_2022,kc_2022,noahgray,60878,te,kc,1,0.0,0,100.0,0,0,0,0,0,0,0,0,0,0,0,0,0,0,0,0,0,0,0,0,0,0,0,0,0,0,0,0,0,0,0,0,0,0,0,0,0,18,2022,18
