p_id,unique_team_id,player_team_id,team_id_impute,player,numeric_id,position,team_name,player_game_count,declined_penalties,franchise_id,gap_grades_run_block,gap_run_block_percent,gap_snap_counts_run_block,gap_snap_counts_run_block_percent,gap_snap_counts_run_play,grades_run_block,penalties,run_block_percent,snap_counts_run_block,snap_counts_run_play,zone_grades_run_block,zone_run_block_percent,zone_snap_counts_run_block,zone_snap_counts_run_block_percent,zone_snap_counts_run_play,week,year,plyr_number
kevinzeitler_bal_2022_11,bal_2022_11,kevinzeitler_bal_2022,bal_2022,kevinzeitler,7032,g,bal,1,0,3,72.9,0,0,0,0,0,0,0,0,0,0,0,0,0,0,11,2022,11
morganmoses_bal_2022_11,bal_2022_11,morganmoses_bal_2022,bal_2022,morganmoses,8701,t,bal,1,0,3,89.4,0,0,0,0,0,0,0,0,0,0,0,0,0,0,11,2022,11
tylerlinderbaum_bal_2022_11,bal_2022_11,tylerlinderbaum_bal_2022,bal_2022,tylerlinderbaum,82291,ol,bal,1,0,3,74.4,0,0,0,0,0,0,0,0,0,0,0,0,0,0,11,2022,11
ronniestanley_bal_2022_11,bal_2022_11,ronniestanley_bal_2022,bal_2022,ronniestanley,10640,t,bal,1,0,3,64.2,0,0,0,0,0,0,0,0,0,0,0,0,0,0,11,2022,11
benpowers_bal_2022_11,bal_2022_11,benpowers_bal_2022,bal_2022,benpowers,41482,g,bal,1,0,3,43.7,0,0,0,0,0,0,0,0,0,0,0,0,0,0,11,2022,11
cordellvolson_cin_2022_11,cin_2022_11,cordellvolson_cin_2022,cin_2022,cordellvolson,30614,g,cin,1,0,7,54.4,0,0,0,0,0,0,0,0,0,0,0,0,0,0,11,2022,11
jonahwilliams_cin_2022_11,cin_2022_11,jonahwilliams_cin_2022,cin_2022,jonahwilliams,41651,t,cin,1,0,7,43.9,0,0,0,0,0,0,0,0,0,0,0,0,0,0,11,2022,11
laelcollins_cin_2022_11,cin_2022_11,laelcollins_cin_2022,cin_2022,laelcollins,9719,t,cin,1,0,7,89.9,0,0,0,0,0,0,0,0,0,0,0,0,0,0,11,2022,11
tedkarras_cin_2022_11,cin_2022_11,tedkarras_cin_2022,cin_2022,tedkarras,10855,ol,cin,1,0,7,55.8,0,0,0,0,0,0,0,0,0,0,0,0,0,0,11,2022,11
alexcappa_cin_2022_11,cin_2022_11,alexcappa_cin_2022,cin_2022,alexcappa,66578,g,cin,1,0,7,72.9,0,0,0,0,0,0,0,0,0,0,0,0,0,0,11,2022,11
nateherbig_nyj_2022_11,nyj_2022_11,nateherbig_nyj_2022,nyj_2022,nateherbig,28844,g,nyj,1,0,22,53.6,0,0,0,0,0,0,0,0,0,0,0,0,0,0,11,2022,11
duanebrown_nyj_2022_11,nyj_2022_11,duanebrown_nyj_2022,nyj_2022,duanebrown,4340,t,nyj,1,0,22,50.4,0,0,0,0,0,0,0,0,0,0,0,0,0,0,11,2022,11
tevenjenkins_chi_2022_11,chi_2022_11,tevenjenkins_chi_2022,chi_2022,tevenjenkins,41534,g,chi,1,0,6,64.4,0,0,0,0,0,0,0,0,0,0,0,0,0,0,11,2022,11
lakentomlinson_nyj_2022_11,nyj_2022_11,lakentomlinson_nyj_2022,nyj_2022,lakentomlinson,9461,g,nyj,1,0,22,45.6,0,0,0,0,0,0,0,0,0,0,0,0,0,0,11,2022,11
cedricogbuehi_nyj_2022_11,nyj_2022_11,cedricogbuehi_nyj_2022,nyj_2022,cedricogbuehi,9454,t,nyj,1,0,22,65.0,0,0,0,0,0,0,0,0,0,0,0,0,0,0,11,2022,11
isaiahlikely_bal_2022_11,bal_2022_11,isaiahlikely_bal_2022,bal_2022,isaiahlikely,83955,te,bal,1,0,3,75.0,0,0,0,0,0,0,0,0,0,0,0,0,0,0,11,2022,11
trentbrown_ne_2022_11,ne_2022_11,trentbrown_ne_2022,ne_2022,trentbrown,9677,t,ne,1,0,19,48.0,0,0,0,0,0,0,0,0,0,0,0,0,0,0,11,2022,11
jamesferentz_ne_2022_11,ne_2022_11,jamesferentz_ne_2022,ne_2022,jamesferentz,9258,ol,ne,1,0,19,56.7,0,0,0,0,0,0,0,0,0,0,0,0,0,0,11,2022,11
yodnycajuste_ne_2022_11,ne_2022_11,yodnycajuste_ne_2022,ne_2022,yodnycajuste,46297,t,ne,1,0,19,66.5,0,0,0,0,0,0,0,0,0,0,0,0,0,0,11,2022,11
michaelonwenu_ne_2022_11,ne_2022_11,michaelonwenu_ne_2022,ne_2022,michaelonwenu,27357,g,ne,1,0,19,91.5,0,0,0,0,0,0,0,0,0,0,0,0,0,0,11,2022,11
josholiver_bal_2022_11,bal_2022_11,josholiver_bal_2022,bal_2022,josholiver,47083,te,bal,1,0,3,60.2,0,0,0,0,0,0,0,0,0,0,0,0,0,0,11,2022,11
mitchellwilcox_cin_2022_11,cin_2022_11,mitchellwilcox_cin_2022,cin_2022,mitchellwilcox,47234,te,cin,1,0,7,55.9,0,0,0,0,0,0,0,0,0,0,0,0,0,0,11,2022,11
bobbyevans_lar_2022_11,lar_2022_11,bobbyevans_lar_2022,lar_2022,bobbyevans,36800,g,lar,1,0,26,57.2,0,0,0,0,0,0,0,0,0,0,0,0,0,0,11,2022,11
cjuzomah_nyj_2022_11,nyj_2022_11,cjuzomah_nyj_2022,nyj_2022,cjuzomah,9590,te,nyj,1,0,22,65.9,0,0,0,0,0,0,0,0,0,0,0,0,0,0,11,2022,11
devinasiasi_cin_2022_11,cin_2022_11,devinasiasi_cin_2022,cin_2022,devinasiasi,40294,te,cin,1,0,7,59.9,0,0,0,0,0,0,0,0,0,0,0,0,0,0,11,2022,11
jonnusmith_ne_2022_11,ne_2022_11,jonnusmith_ne_2022,ne_2022,jonnusmith,11855,te,ne,1,0,19,40.2,0,0,0,0,0,0,0,0,0,0,0,0,0,0,11,2022,11
tylerconklin_nyj_2022_11,nyj_2022_11,tylerconklin_nyj_2022,nyj_2022,tylerconklin,47124,te,nyj,1,0,22,56.1,0,0,0,0,0,0,0,0,0,0,0,0,0,0,11,2022,11
treypipkins_lac_2022_11,lac_2022_11,treypipkins_lac_2022,lac_2022,treypipkins,91462,t,lac,1,0,27,71.0,0,0,0,0,0,0,0,0,0,0,0,0,0,0,11,2022,11
isaiahwynn_ne_2022_11,ne_2022_11,isaiahwynn_ne_2022,ne_2022,isaiahwynn,46048,t,ne,1,0,19,53.5,0,0,0,0,0,0,0,0,0,0,0,0,0,0,11,2022,11
hunterhenry_ne_2022_11,ne_2022_11,hunterhenry_ne_2022,ne_2022,hunterhenry,10669,te,ne,1,0,19,51.0,0,0,0,0,0,0,0,0,0,0,0,0,0,0,11,2022,11
davidquessenberry_buf_2022_11,buf_2022_11,davidquessenberry_buf_2022,buf_2022,davidquessenberry,7957,t,buf,1,0,4,71.2,0,0,0,0,0,0,0,0,0,0,0,0,0,0,11,2022,11
djhumphries_ari_2022_11,ari_2022_11,djhumphries_ari_2022,ari_2022,djhumphries,9457,t,ari,1,0,1,64.6,0,0,0,0,0,0,0,0,0,0,0,0,0,0,11,2022,11
brevinjordan_hou_2022_11,hou_2022_11,brevinjordan_hou_2022,hou_2022,brevinjordan,77887,te,hou,1,0,13,47.7,0,0,0,0,0,0,0,0,0,0,0,0,0,0,11,2022,11
nickboyle_bal_2022_11,bal_2022_11,nickboyle_bal_2022,bal_2022,nickboyle,9604,te,bal,1,0,3,66.0,0,0,0,0,0,0,0,0,0,0,0,0,0,0,11,2022,11
danarnold_jax_2022_11,jax_2022_11,danarnold_jax_2022,jax_2022,danarnold,51842,te,jax,1,0,15,68.5,0,0,0,0,0,0,0,0,0,0,0,0,0,0,11,2022,11
zachtom_gb_2022_11,gb_2022_11,zachtom_gb_2022,gb_2022,zachtom,55443,g,gb,1,0,12,55.8,0,0,0,0,0,0,0,0,0,0,0,0,0,0,11,2022,11
andruspeat_no_2022_11,no_2022_11,andruspeat_no_2022,no_2022,andruspeat,9446,g,no,1,0,20,53.9,0,0,0,0,0,0,0,0,0,0,0,0,0,0,11,2022,11
hakeemadeniji_cin_2022_11,cin_2022_11,hakeemadeniji_cin_2022,cin_2022,hakeemadeniji,45419,t,cin,1,0,7,60.9,0,0,0,0,0,0,0,0,0,0,0,0,0,0,11,2022,11
haydenhurst_cin_2022_11,cin_2022_11,haydenhurst_cin_2022,cin_2022,haydenhurst,47294,te,cin,1,0,7,70.1,0,0,0,0,0,0,0,0,0,0,0,0,0,0,11,2022,11
colestrange_ne_2022_11,ne_2022_11,colestrange_ne_2022,ne_2022,colestrange,22976,g,ne,1,1,19,54.4,0,0,0,0,0,0,0,0,0,0,0,0,0,0,11,2022,11
maxscharping_cin_2022_11,cin_2022_11,maxscharping_cin_2022,cin_2022,maxscharping,46961,g,cin,1,0,7,64.3,0,0,0,0,0,0,0,0,0,0,0,0,0,0,11,2022,11
jelaniwoods_ind_2022_11,ind_2022_11,jelaniwoods_ind_2022,ind_2022,jelaniwoods,60509,te,ind,1,0,14,59.9,0,0,0,0,0,0,0,0,0,0,0,0,0,0,11,2022,11
treyhill_cin_2022_11,cin_2022_11,treyhill_cin_2022,cin_2022,treyhill,81653,ol,cin,1,0,7,57.4,0,0,0,0,0,0,0,0,0,0,0,0,0,0,11,2022,11
hunterlong_mia_2022_11,mia_2022_11,hunterlong_mia_2022,mia_2022,hunterlong,60859,te,mia,1,0,17,60.0,0,0,0,0,0,0,0,0,0,0,0,0,0,0,11,2022,11
kennyyeboah_nyj_2022_11,nyj_2022_11,kennyyeboah_nyj_2022,nyj_2022,kennyyeboah,42196,te,nyj,1,0,22,60.0,0,0,0,0,0,0,0,0,0,0,0,0,0,0,11,2022,11
dillonradunz_ten_2022_11,ten_2022_11,dillonradunz_ten_2022,ten_2022,dillonradunz,30551,g,ten,1,0,31,56.1,0,0,0,0,0,0,0,0,0,0,0,0,0,0,11,2022,11
kcmcdermott_hou_2022_11,hou_2022_11,kcmcdermott_hou_2022,hou_2022,kcmcdermott,29035,t,hou,1,0,13,,0,0,0,0,0,0,0,0,0,0,0,0,0,0,11,2022,11
kylefuller_sea_2022_11,sea_2022_11,kylefuller_sea_2022,sea_2022,kylefuller,11998,ol,sea,1,0,29,,0,0,0,0,0,0,0,0,0,0,0,0,0,0,11,2022,11
walkerlittle_jax_2022_11,jax_2022_11,walkerlittle_jax_2022,jax_2022,walkerlittle,52287,t,jax,1,0,15,60.0,0,0,0,0,0,0,0,0,0,0,0,0,0,0,11,2022,11
jpholtz_no_2022_11,no_2022_11,jpholtz_no_2022,no_2022,jpholtz,11062,te,no,1,0,20,60.0,0,0,0,0,0,0,0,0,0,0,0,0,0,0,11,2022,11
stoneforsythe_sea_2022_11,sea_2022_11,stoneforsythe_sea_2022,sea_2022,stoneforsythe,41795,t,sea,1,0,29,,0,0,0,0,0,0,0,0,0,0,0,0,0,0,11,2022,11
camjurgens_phi_2022_11,phi_2022_11,camjurgens_phi_2022,phi_2022,camjurgens,84014,ol,phi,1,0,24,,0,0,0,0,0,0,0,0,0,0,0,0,0,0,11,2022,11
brandinechols_nyj_2022_11,nyj_2022_11,brandinechols_nyj_2022,nyj_2022,brandinechols,98900,cb,nyj,1,0,22,,0,0,0,0,0,0,0,0,0,0,0,0,0,0,11,2022,11
kylerudolph_tb_2022_11,tb_2022_11,kylerudolph_tb_2022,tb_2022,kylerudolph,6195,te,tb,1,0,30,60.0,0,0,0,0,0,0,0,0,0,0,0,0,0,0,11,2022,11
justinhardee_nyj_2022_11,nyj_2022_11,justinhardee_nyj_2022,nyj_2022,justinhardee,18348,cb,nyj,1,0,22,,0,0,0,0,0,0,0,0,0,0,0,0,0,0,11,2022,11
tylerlarsen_was_2022_11,was_2022_11,tylerlarsen_was_2022,was_2022,tylerlarsen,9304,ol,was,1,0,32,62.2,0,0,0,0,0,0,0,0,0,0,0,0,0,0,11,2022,11
charleslenojr_was_2022_11,was_2022_11,charleslenojr_was_2022,was_2022,charleslenojr,8880,t,was,1,0,32,52.3,0,0,0,0,0,0,0,0,0,0,0,0,0,0,11,2022,11
traiturner_was_2022_11,was_2022_11,traiturner_was_2022,was_2022,traiturner,8727,g,was,1,0,32,59.2,0,0,0,0,0,0,0,0,0,0,0,0,0,0,11,2022,11
andrewnorwell_was_2022_11,was_2022_11,andrewnorwell_was_2022,was_2022,andrewnorwell,9126,g,was,1,0,32,58.7,0,0,0,0,0,0,0,0,0,0,0,0,0,0,11,2022,11
ikemekwonu_car_2022_11,car_2022_11,ikemekwonu_car_2022,car_2022,ikemekwonu,98286,t,car,1,1,5,46.7,0,0,0,0,0,0,0,0,0,0,0,0,0,0,11,2022,11
bradleybozeman_car_2022_11,car_2022_11,bradleybozeman_car_2022,car_2022,bradleybozeman,27934,ol,car,1,0,5,66.8,0,0,0,0,0,0,0,0,0,0,0,0,0,0,11,2022,11
bradychristensen_car_2022_11,car_2022_11,bradychristensen_car_2022,car_2022,bradychristensen,51985,g,car,1,0,5,54.3,0,0,0,0,0,0,0,0,0,0,0,0,0,0,11,2022,11
taylormoton_car_2022_11,car_2022_11,taylormoton_car_2022,car_2022,taylormoton,11819,t,car,1,0,5,46.7,0,0,0,0,0,0,0,0,0,0,0,0,0,0,11,2022,11
austincorbett_car_2022_11,car_2022_11,austincorbett_car_2022,car_2022,austincorbett,46290,g,car,1,0,5,66.1,0,0,0,0,0,0,0,0,0,0,0,0,0,0,11,2022,11
andrewthomas_nyg_2022_11,nyg_2022_11,andrewthomas_nyg_2022,nyg_2022,andrewthomas,59701,t,nyg,1,0,21,58.2,0,0,0,0,0,0,0,0,0,0,0,0,0,0,11,2022,11
joshuaezeudu_nyg_2022_11,nyg_2022_11,joshuaezeudu_nyg_2022,nyg_2022,joshuaezeudu,77355,g,nyg,1,0,21,60.5,0,0,0,0,0,0,0,0,0,0,0,0,0,0,11,2022,11
jonfeliciano_nyg_2022_11,nyg_2022_11,jonfeliciano_nyg_2022,nyg_2022,jonfeliciano,9561,ol,nyg,1,0,21,58.6,0,0,0,0,0,0,0,0,0,0,0,0,0,0,11,2022,11
tyrephillips_nyg_2022_11,nyg_2022_11,tyrephillips_nyg_2022,nyg_2022,tyrephillips,59874,t,nyg,1,0,21,58.7,0,0,0,0,0,0,0,0,0,0,0,0,0,0,11,2022,11
markglowinski_nyg_2022_11,nyg_2022_11,markglowinski_nyg_2022,nyg_2022,markglowinski,9567,g,nyg,1,0,21,61.5,0,0,0,0,0,0,0,0,0,0,0,0,0,0,11,2022,11
shaqmason_tb_2022_11,tb_2022_11,shaqmason_tb_2022,tb_2022,shaqmason,9564,g,tb,1,0,30,53.1,0,0,0,0,0,0,0,0,0,0,0,0,0,0,11,2022,11
nickleverett_tb_2022_11,tb_2022_11,nickleverett_tb_2022,tb_2022,nickleverett,27699,g,tb,1,0,30,48.9,0,0,0,0,0,0,0,0,0,0,0,0,0,0,11,2022,11
tristanwirfs_tb_2022_11,tb_2022_11,tristanwirfs_tb_2022,tb_2022,tristanwirfs,64818,t,tb,1,0,30,74.1,0,0,0,0,0,0,0,0,0,0,0,0,0,0,11,2022,11
donovansmith_tb_2022_11,tb_2022_11,donovansmith_tb_2022,tb_2022,donovansmith,9467,t,tb,1,0,30,30.9,0,0,0,0,0,0,0,0,0,0,0,0,0,0,11,2022,11
roberthainsey_tb_2022_11,tb_2022_11,roberthainsey_tb_2022,tb_2022,roberthainsey,59980,ol,tb,1,0,30,69.4,0,0,0,0,0,0,0,0,0,0,0,0,0,0,11,2022,11
jakebrendel_sf_2022_11,sf_2022_11,jakebrendel_sf_2022,sf_2022,jakebrendel,11117,ol,sf,1,0,28,68.9,0,0,0,0,0,0,0,0,0,0,0,0,0,0,11,2022,11
georgekittle_sf_2022_11,sf_2022_11,georgekittle_sf_2022,sf_2022,georgekittle,11901,te,sf,1,0,28,52.0,0,0,0,0,0,0,0,0,0,0,0,0,0,0,11,2022,11
mikemcglinchey_sf_2022_11,sf_2022_11,mikemcglinchey_sf_2022,sf_2022,mikemcglinchey,46275,t,sf,1,0,28,48.5,0,0,0,0,0,0,0,0,0,0,0,0,0,0,11,2022,11
aaronbanks_sf_2022_11,sf_2022_11,aaronbanks_sf_2022,sf_2022,aaronbanks,59983,g,sf,1,0,28,58.3,0,0,0,0,0,0,0,0,0,0,0,0,0,0,11,2022,11
trentwilliams_sf_2022_11,sf_2022_11,trentwilliams_sf_2022,sf_2022,trentwilliams,5529,t,sf,1,0,28,63.1,0,0,0,0,0,0,0,0,0,0,0,0,0,0,11,2022,11
davidbakhtiari_gb_2022_11,gb_2022_11,davidbakhtiari_gb_2022,gb_2022,davidbakhtiari,7891,t,gb,1,1,12,59.4,0,0,0,0,0,0,0,0,0,0,0,0,0,0,11,2022,11
chukwumaokorafor_pit_2022_11,pit_2022_11,chukwumaokorafor_pit_2022,pit_2022,chukwumaokorafor,46302,t,pit,1,0,25,33.0,0,0,0,0,0,0,0,0,0,0,0,0,0,0,11,2022,11
elgtonjenkins_gb_2022_11,gb_2022_11,elgtonjenkins_gb_2022,gb_2022,elgtonjenkins,46298,t,gb,1,0,12,49.1,0,0,0,0,0,0,0,0,0,0,0,0,0,0,11,2022,11
jonrunyan_gb_2022_11,gb_2022_11,jonrunyan_gb_2022,gb_2022,jonrunyan,36661,g,gb,1,0,12,75.6,0,0,0,0,0,0,0,0,0,0,0,0,0,0,11,2022,11
yoshnijman_gb_2022_11,gb_2022_11,yoshnijman_gb_2022,gb_2022,yoshnijman,60822,t,gb,1,0,12,66.4,0,0,0,0,0,0,0,0,0,0,0,0,0,0,11,2022,11
joshmyers_gb_2022_11,gb_2022_11,joshmyers_gb_2022,gb_2022,joshmyers,59992,ol,gb,1,0,12,43.0,0,0,0,0,0,0,0,0,0,0,0,0,0,0,11,2022,11
danmoorejr_pit_2022_11,pit_2022_11,danmoorejr_pit_2022,pit_2022,danmoorejr,60120,t,pit,1,0,25,56.5,0,0,0,0,0,0,0,0,0,0,0,0,0,0,11,2022,11
jamesdaniels_pit_2022_11,pit_2022_11,jamesdaniels_pit_2022,pit_2022,jamesdaniels,45576,g,pit,1,0,25,75.9,0,0,0,0,0,0,0,0,0,0,0,0,0,0,11,2022,11
masoncole_pit_2022_11,pit_2022_11,masoncole_pit_2022,pit_2022,masoncole,45547,ol,pit,1,0,25,56.7,0,0,0,0,0,0,0,0,0,0,0,0,0,0,11,2022,11
kevindotson_pit_2022_11,pit_2022_11,kevindotson_pit_2022,pit_2022,kevindotson,46735,g,pit,1,0,25,52.7,0,0,0,0,0,0,0,0,0,0,0,0,0,0,11,2022,11
lawrencecager_nyg_2022_11,nyg_2022_11,lawrencecager_nyg_2022,nyg_2022,lawrencecager,34914,te,nyg,1,0,21,59.3,0,0,0,0,0,0,0,0,0,0,0,0,0,0,11,2022,11
rileyreiff_chi_2022_11,chi_2022_11,rileyreiff_chi_2022,chi_2022,rileyreiff,7029,t,chi,1,0,6,58.9,0,0,0,0,0,0,0,0,0,0,0,0,0,0,11,2022,11
michaelschofieldiii_chi_2022_11,chi_2022_11,michaelschofieldiii_chi_2022,chi_2022,michaelschofieldiii,8730,g,chi,1,0,6,63.4,0,0,0,0,0,0,0,0,0,0,0,0,0,0,11,2022,11
braxtonjones_chi_2022_11,chi_2022_11,braxtonjones_chi_2022,chi_2022,braxtonjones,60092,t,chi,1,0,6,91.1,0,0,0,0,0,0,0,0,0,0,0,0,0,0,11,2022,11
codywhitehair_chi_2022_11,chi_2022_11,codywhitehair_chi_2022,chi_2022,codywhitehair,10690,g,chi,1,0,6,64.6,0,0,0,0,0,0,0,0,0,0,0,0,0,0,11,2022,11
sammustipher_chi_2022_11,chi_2022_11,sammustipher_chi_2022,chi_2022,sammustipher,13026,ol,chi,1,0,6,64.0,0,0,0,0,0,0,0,0,0,0,0,0,0,0,11,2022,11
zackmartin_dal_2022_11,dal_2022_11,zackmartin_dal_2022,dal_2022,zackmartin,8651,g,dal,1,0,9,56.0,0,0,0,0,0,0,0,0,0,0,0,0,0,0,11,2022,11
tylersmith_dal_2022_11,dal_2022_11,tylersmith_dal_2022,dal_2022,tylersmith,98385,t,dal,1,0,9,53.8,0,0,0,0,0,0,0,0,0,0,0,0,0,0,11,2022,11
connormcgovern_dal_2022_11,dal_2022_11,connormcgovern_dal_2022,dal_2022,connormcgovern,41714,g,dal,1,0,9,62.6,0,0,0,0,0,0,0,0,0,0,0,0,0,0,11,2022,11
brandonshell_mia_2022_11,mia_2022_11,brandonshell_mia_2022,mia_2022,brandonshell,10792,t,mia,1,0,17,74.7,0,0,0,0,0,0,0,0,0,0,0,0,0,0,11,2022,11
roberthunt_mia_2022_11,mia_2022_11,roberthunt_mia_2022,mia_2022,roberthunt,46139,g,mia,1,0,17,61.2,0,0,0,0,0,0,0,0,0,0,0,0,0,0,11,2022,11
connorwilliams_mia_2022_11,mia_2022_11,connorwilliams_mia_2022,mia_2022,connorwilliams,46216,ol,mia,1,0,17,47.8,0,0,0,0,0,0,0,0,0,0,0,0,0,0,11,2022,11
tylerbiadasz_dal_2022_11,dal_2022_11,tylerbiadasz_dal_2022,dal_2022,tylerbiadasz,41178,ol,dal,1,0,9,60.6,0,0,0,0,0,0,0,0,0,0,0,0,0,0,11,2022,11
terencesteele_dal_2022_11,dal_2022_11,terencesteele_dal_2022,dal_2022,terencesteele,39461,t,dal,1,0,9,76.1,0,0,0,0,0,0,0,0,0,0,0,0,0,0,11,2022,11
colekmet_chi_2022_11,chi_2022_11,colekmet_chi_2022,chi_2022,colekmet,60995,te,chi,1,0,6,59.8,0,0,0,0,0,0,0,0,0,0,0,0,0,0,11,2022,11
robertjones_mia_2022_11,mia_2022_11,robertjones_mia_2022,mia_2022,robertjones,100786,g,mia,1,0,17,74.5,0,0,0,0,0,0,0,0,0,0,0,0,0,0,11,2022,11
cadeotton_tb_2022_11,tb_2022_11,cadeotton_tb_2022,tb_2022,cadeotton,61071,te,tb,1,0,30,65.4,0,0,0,0,0,0,0,0,0,0,0,0,0,0,11,2022,11
johnbates_was_2022_11,was_2022_11,johnbates_was_2022,was_2022,johnbates,42275,te,was,1,0,32,61.6,0,0,0,0,0,0,0,0,0,0,0,0,0,0,11,2022,11
tommytremble_car_2022_11,car_2022_11,tommytremble_car_2022,car_2022,tommytremble,84025,te,car,1,0,5,58.6,0,0,0,0,0,0,0,0,0,0,0,0,0,0,11,2022,11
loganthomas_was_2022_11,was_2022_11,loganthomas_was_2022,was_2022,loganthomas,8755,te,was,1,0,32,52.3,0,0,0,0,0,0,0,0,0,0,0,0,0,0,11,2022,11
ryankelly_ind_2022_11,ind_2022_11,ryankelly_ind_2022,ind_2022,ryankelly,10652,ol,ind,1,0,14,61.6,0,0,0,0,0,0,0,0,0,0,0,0,0,0,11,2022,11
quentonnelson_ind_2022_11,ind_2022_11,quentonnelson_ind_2022,ind_2022,quentonnelson,12954,g,ind,1,0,14,68.6,0,0,0,0,0,0,0,0,0,0,0,0,0,0,11,2022,11
bernhardraimann_ind_2022_11,ind_2022_11,bernhardraimann_ind_2022,ind_2022,bernhardraimann,77948,t,ind,1,0,14,61.6,0,0,0,0,0,0,0,0,0,0,0,0,0,0,11,2022,11
willfries_ind_2022_11,ind_2022_11,willfries_ind_2022,ind_2022,willfries,41530,g,ind,1,0,14,89.7,0,0,0,0,0,0,0,0,0,0,0,0,0,0,11,2022,11
bradensmith_ind_2022_11,ind_2022_11,bradensmith_ind_2022,ind_2022,bradensmith,46794,t,ind,1,0,14,69.7,0,0,0,0,0,0,0,0,0,0,0,0,0,0,11,2022,11
evanbrown_det_2022_11,det_2022_11,evanbrown_det_2022,det_2022,evanbrown,38709,g,det,1,0,11,42.3,0,0,0,0,0,0,0,0,0,0,0,0,0,0,11,2022,11
jonahjackson_det_2022_11,det_2022_11,jonahjackson_det_2022,det_2022,jonahjackson,37070,g,det,1,0,11,68.1,0,0,0,0,0,0,0,0,0,0,0,0,0,0,11,2022,11
taylordecker_det_2022_11,det_2022_11,taylordecker_det_2022,det_2022,taylordecker,10650,t,det,1,0,11,51.9,0,0,0,0,0,0,0,0,0,0,0,0,0,0,11,2022,11
peneisewell_det_2022_11,det_2022_11,peneisewell_det_2022,det_2022,peneisewell,81788,t,det,1,0,11,67.2,0,0,0,0,0,0,0,0,0,0,0,0,0,0,11,2022,11
frankragnow_det_2022_11,det_2022_11,frankragnow_det_2022,det_2022,frankragnow,39137,ol,det,1,0,11,68.2,0,0,0,0,0,0,0,0,0,0,0,0,0,0,11,2022,11
zachgentry_pit_2022_11,pit_2022_11,zachgentry_pit_2022,pit_2022,zachgentry,36049,te,pit,1,0,25,37.4,0,0,0,0,0,0,0,0,0,0,0,0,0,0,11,2022,11
spencerburford_sf_2022_11,sf_2022_11,spencerburford_sf_2022,sf_2022,spencerburford,81920,g,sf,1,0,28,53.1,0,0,0,0,0,0,0,0,0,0,0,0,0,0,11,2022,11
terronarmstead_mia_2022_11,mia_2022_11,terronarmstead_mia_2022,mia_2022,terronarmstead,7856,t,mia,1,0,17,56.0,0,0,0,0,0,0,0,0,0,0,0,0,0,0,11,2022,11
koltonmiller_lv_2022_11,lv_2022_11,koltonmiller_lv_2022,lv_2022,koltonmiller,47013,t,lv,1,0,23,79.4,0,0,0,0,0,0,0,0,0,0,0,0,0,0,11,2022,11
dylanparham_lv_2022_11,lv_2022_11,dylanparham_lv_2022,lv_2022,dylanparham,60953,g,lv,1,0,23,57.0,0,0,0,0,0,0,0,0,0,0,0,0,0,0,11,2022,11
billyprice_ari_2022_11,ari_2022_11,billyprice_ari_2022,ari_2022,billyprice,46795,ol,ari,1,0,1,64.5,0,0,0,0,0,0,0,0,0,0,0,0,0,0,11,2022,11
corneliuslucas_was_2022_11,was_2022_11,corneliuslucas_was_2022,was_2022,corneliuslucas,9025,t,was,1,0,32,64.5,0,0,0,0,0,0,0,0,0,0,0,0,0,0,11,2022,11
treymcbride_ari_2022_11,ari_2022_11,treymcbride_ari_2022,ari_2022,treymcbride,75916,te,ari,1,0,1,44.9,0,0,0,0,0,0,0,0,0,0,0,0,0,0,11,2022,11
lecitussmith_ari_2022_11,ari_2022_11,lecitussmith_ari_2022,ari_2022,lecitussmith,61069,g,ari,1,0,1,55.7,0,0,0,0,0,0,0,0,0,0,0,0,0,0,11,2022,11
roberttonyan_gb_2022_11,gb_2022_11,roberttonyan_gb_2022,gb_2022,roberttonyan,12193,te,gb,1,0,12,60.7,0,0,0,0,0,0,0,0,0,0,0,0,0,0,11,2022,11
joshjones_ari_2022_11,ari_2022_11,joshjones_ari_2022,ari_2022,joshjones,26634,t,ari,1,0,1,67.5,0,0,0,0,0,0,0,0,0,0,0,0,0,0,11,2022,11
jermaineeluemunor_lv_2022_11,lv_2022_11,jermaineeluemunor_lv_2022,lv_2022,jermaineeluemunor,11914,t,lv,1,0,23,85.4,0,0,0,0,0,0,0,0,0,0,0,0,0,0,11,2022,11
andrejames_lv_2022_11,lv_2022_11,andrejames_lv_2022,lv_2022,andrejames,47058,ol,lv,1,0,23,63.2,0,0,0,0,0,0,0,0,0,0,0,0,0,0,11,2022,11
alexbars_lv_2022_11,lv_2022_11,alexbars_lv_2022,lv_2022,alexbars,47018,g,lv,1,0,23,47.8,0,0,0,0,0,0,0,0,0,0,0,0,0,0,11,2022,11
brockwright_det_2022_11,det_2022_11,brockwright_det_2022,det_2022,brockwright,60994,te,det,1,0,11,45.4,0,0,0,0,0,0,0,0,0,0,0,0,0,0,11,2022,11
daltonrisner_den_2022_11,den_2022_11,daltonrisner_den_2022,den_2022,daltonrisner,47008,g,den,1,0,10,46.6,0,0,0,0,0,0,0,0,0,0,0,0,0,0,11,2022,11
kelvinbeachum_ari_2022_11,ari_2022_11,kelvinbeachum_ari_2022,ari_2022,kelvinbeachum,7229,t,ari,1,0,1,72.9,0,0,0,0,0,0,0,0,0,0,0,0,0,0,11,2022,11
quinnmeinerz_den_2022_11,den_2022_11,quinnmeinerz_den_2022,den_2022,quinnmeinerz,112915,g,den,1,0,10,79.4,0,0,0,0,0,0,0,0,0,0,0,0,0,0,11,2022,11
calvinanderson_den_2022_11,den_2022_11,calvinanderson_den_2022,den_2022,calvinanderson,46247,t,den,1,0,10,47.4,0,0,0,0,0,0,0,0,0,0,0,0,0,0,11,2022,11
drewdalman_atl_2022_11,atl_2022_11,drewdalman_atl_2022,atl_2022,drewdalman,52270,ol,atl,1,0,2,66.9,0,0,0,0,0,0,0,0,0,0,0,0,0,0,11,2022,11
jakematthews_atl_2022_11,atl_2022_11,jakematthews_atl_2022,atl_2022,jakematthews,8641,t,atl,1,0,2,58.6,0,0,0,0,0,0,0,0,0,0,0,0,0,0,11,2022,11
fostermoreau_lv_2022_11,lv_2022_11,fostermoreau_lv_2022,lv_2022,fostermoreau,47043,te,lv,1,0,23,63.1,0,0,0,0,0,0,0,0,0,0,0,0,0,0,11,2022,11
kalebmcgary_atl_2022_11,atl_2022_11,kalebmcgary_atl_2022,atl_2022,kalebmcgary,46912,t,atl,1,0,2,53.2,0,0,0,0,0,0,0,0,0,0,0,0,0,0,11,2022,11
chrislindstrom_atl_2022_11,atl_2022_11,chrislindstrom_atl_2022,atl_2022,chrislindstrom,46692,g,atl,1,0,2,56.9,0,0,0,0,0,0,0,0,0,0,0,0,0,0,11,2022,11
colbygossett_atl_2022_11,atl_2022_11,colbygossett_atl_2022,atl_2022,colbygossett,46673,g,atl,1,0,2,48.0,0,0,0,0,0,0,0,0,0,0,0,0,0,0,11,2022,11
marcedeslewis_gb_2022_11,gb_2022_11,marcedeslewis_gb_2022,gb_2022,marcedeslewis,2973,te,gb,1,0,12,49.5,0,0,0,0,0,0,0,0,0,0,0,0,0,0,11,2022,11
ianthomas_car_2022_11,car_2022_11,ianthomas_car_2022,car_2022,ianthomas,42130,te,car,1,0,5,52.3,0,0,0,0,0,0,0,0,0,0,0,0,0,0,11,2022,11
diondawkins_buf_2022_11,buf_2022_11,diondawkins_buf_2022,buf_2022,diondawkins,11818,t,buf,1,0,4,40.0,0,0,0,0,0,0,0,0,0,0,0,0,0,0,11,2022,11
mitchmorse_buf_2022_11,buf_2022_11,mitchmorse_buf_2022,buf_2022,mitchmorse,9482,ol,buf,1,0,4,61.7,0,0,0,0,0,0,0,0,0,0,0,0,0,0,11,2022,11
ezracleveland_min_2022_11,min_2022_11,ezracleveland_min_2022,min_2022,ezracleveland,41973,g,min,1,0,18,60.0,0,0,0,0,0,0,0,0,0,0,0,0,0,0,11,2022,11
spencerbrown_buf_2022_11,buf_2022_11,spencerbrown_buf_2022,buf_2022,spencerbrown,42296,t,buf,1,0,4,40.2,0,0,0,0,0,0,0,0,0,0,0,0,0,0,11,2022,11
rodgersaffold_buf_2022_11,buf_2022_11,rodgersaffold_buf_2022,buf_2022,rodgersaffold,5558,g,buf,1,0,4,57.9,0,0,0,0,0,0,0,0,0,0,0,0,0,0,11,2022,11
garrettbradbury_min_2022_11,min_2022_11,garrettbradbury_min_2022,min_2022,garrettbradbury,46013,ol,min,1,0,18,60.0,0,0,0,0,0,0,0,0,0,0,0,0,0,0,11,2022,11
ryanbates_buf_2022_11,buf_2022_11,ryanbates_buf_2022,buf_2022,ryanbates,28300,g,buf,1,0,4,67.9,0,0,0,0,0,0,0,0,0,0,0,0,0,0,11,2022,11
brianoneill_min_2022_11,min_2022_11,brianoneill_min_2022,min_2022,brianoneill,46854,t,min,1,0,18,57.5,0,0,0,0,0,0,0,0,0,0,0,0,0,0,11,2022,11
edingram_min_2022_11,min_2022_11,edingram_min_2022,min_2022,edingram,59819,g,min,1,0,18,54.6,0,0,0,0,0,0,0,0,0,0,0,0,0,0,11,2022,11
samuelcosmi_was_2022_11,was_2022_11,samuelcosmi_was_2022,was_2022,samuelcosmi,60114,t,was,1,0,32,74.6,0,0,0,0,0,0,0,0,0,0,0,0,0,0,11,2022,11
benjones_ten_2022_11,ten_2022_11,benjones_ten_2022,ten_2022,benjones,7099,ol,ten,1,0,31,60.4,0,0,0,0,0,0,0,0,0,0,0,0,0,0,11,2022,11
durhamsmythe_mia_2022_11,mia_2022_11,durhamsmythe_mia_2022,mia_2022,durhamsmythe,47257,te,mia,1,0,17,57.4,0,0,0,0,0,0,0,0,0,0,0,0,0,0,11,2022,11
orlandobrownjr_kc_2022_11,kc_2022_11,orlandobrownjr_kc_2022,kc_2022,orlandobrownjr,46227,t,kc,1,0,16,65.0,0,0,0,0,0,0,0,0,0,0,0,0,0,0,11,2022,11
daltonschultz_dal_2022_11,dal_2022_11,daltonschultz_dal_2022,dal_2022,daltonschultz,47304,te,dal,1,0,9,65.5,0,0,0,0,0,0,0,0,0,0,0,0,0,0,11,2022,11
aaronbrewer_ten_2022_11,ten_2022_11,aaronbrewer_ten_2022,ten_2022,aaronbrewer,46014,g,ten,1,0,31,47.6,0,0,0,0,0,0,0,0,0,0,0,0,0,0,11,2022,11
joethuney_kc_2022_11,kc_2022_11,joethuney_kc_2022,kc_2022,joethuney,10712,g,kc,1,0,16,66.6,0,0,0,0,0,0,0,0,0,0,0,0,0,0,11,2022,11
treysmith_kc_2022_11,kc_2022_11,treysmith_kc_2022,kc_2022,treysmith,62960,g,kc,1,0,16,67.2,0,0,0,0,0,0,0,0,0,0,0,0,0,0,11,2022,11
nicholaspetitfrere_ten_2022_11,ten_2022_11,nicholaspetitfrere_ten_2022,ten_2022,nicholaspetitfrere,82003,t,ten,1,0,31,58.8,0,0,0,0,0,0,0,0,0,0,0,0,0,0,11,2022,11
creedhumphrey_kc_2022_11,kc_2022_11,creedhumphrey_kc_2022,kc_2022,creedhumphrey,59996,ol,kc,1,0,16,61.8,0,0,0,0,0,0,0,0,0,0,0,0,0,0,11,2022,11
dennisdaley_ten_2022_11,ten_2022_11,dennisdaley_ten_2022,ten_2022,dennisdaley,60063,t,ten,1,0,31,56.7,0,0,0,0,0,0,0,0,0,0,0,0,0,0,11,2022,11
natedavis_ten_2022_11,ten_2022_11,natedavis_ten_2022,ten_2022,natedavis,46808,g,ten,1,0,31,48.8,0,0,0,0,0,0,0,0,0,0,0,0,0,0,11,2022,11
gregdulcich_den_2022_11,den_2022_11,gregdulcich_den_2022,den_2022,gregdulcich,84068,te,den,1,0,10,55.3,0,0,0,0,0,0,0,0,0,0,0,0,0,0,11,2022,11
landondickerson_phi_2022_11,phi_2022_11,landondickerson_phi_2022,phi_2022,landondickerson,41712,g,phi,1,0,24,36.3,0,0,0,0,0,0,0,0,0,0,0,0,0,0,11,2022,11
jackconklin_cle_2022_11,cle_2022_11,jackconklin_cle_2022,cle_2022,jackconklin,10642,t,cle,1,0,8,33.6,0,0,0,0,0,0,0,0,0,0,0,0,0,0,11,2022,11
kokieft_tb_2022_11,tb_2022_11,kokieft_tb_2022,tb_2022,kokieft,41372,te,tb,1,0,30,65.3,0,0,0,0,0,0,0,0,0,0,0,0,0,0,11,2022,11
jedrickwillsjr_cle_2022_11,cle_2022_11,jedrickwillsjr_cle_2022,cle_2022,jedrickwillsjr,58467,t,cle,1,0,8,61.4,0,0,0,0,0,0,0,0,0,0,0,0,0,0,11,2022,11
joelbitonio_cle_2022_11,cle_2022_11,joelbitonio_cle_2022,cle_2022,joelbitonio,8670,g,cle,1,0,8,52.2,0,0,0,0,0,0,0,0,0,0,0,0,0,0,11,2022,11
ethanpocic_cle_2022_11,cle_2022_11,ethanpocic_cle_2022,cle_2022,ethanpocic,11813,ol,cle,1,0,8,53.4,0,0,0,0,0,0,0,0,0,0,0,0,0,0,11,2022,11
isaacseumalo_phi_2022_11,phi_2022_11,isaacseumalo_phi_2022,phi_2022,isaacseumalo,10713,g,phi,1,0,24,74.3,0,0,0,0,0,0,0,0,0,0,0,0,0,0,11,2022,11
jasonkelce_phi_2022_11,phi_2022_11,jasonkelce_phi_2022,phi_2022,jasonkelce,6343,ol,phi,1,0,24,63.0,0,0,0,0,0,0,0,0,0,0,0,0,0,0,11,2022,11
moaliecox_ind_2022_11,ind_2022_11,moaliecox_ind_2022,ind_2022,moaliecox,12078,te,ind,1,0,14,54.4,0,0,0,0,0,0,0,0,0,0,0,0,0,0,11,2022,11
lanejohnson_phi_2022_11,phi_2022_11,lanejohnson_phi_2022,phi_2022,lanejohnson,7786,t,phi,1,0,24,82.6,0,0,0,0,0,0,0,0,0,0,0,0,0,0,11,2022,11
jordanmailata_phi_2022_11,phi_2022_11,jordanmailata_phi_2022,phi_2022,jordanmailata,66916,t,phi,1,0,24,94.8,0,0,0,0,0,0,0,0,0,0,0,0,0,0,11,2022,11
tynsekhe_lar_2022_11,lar_2022_11,tynsekhe_lar_2022,lar_2022,tynsekhe,7636,t,lar,1,0,26,69.7,0,0,0,0,0,0,0,0,0,0,0,0,0,0,11,2022,11
robhavenstein_lar_2022_11,lar_2022_11,robhavenstein_lar_2022,lar_2022,robhavenstein,9490,t,lar,1,0,26,54.3,0,0,0,0,0,0,0,0,0,0,0,0,0,0,11,2022,11
geoffswaim_ten_2022_11,ten_2022_11,geoffswaim_ten_2022,ten_2022,geoffswaim,9679,te,ten,1,0,31,59.1,0,0,0,0,0,0,0,0,0,0,0,0,0,0,11,2022,11
grahamglasgow_den_2022_11,den_2022_11,grahamglasgow_den_2022,den_2022,grahamglasgow,10729,g,den,1,0,10,53.0,0,0,0,0,0,0,0,0,0,0,0,0,0,0,11,2022,11
colemanshelton_lar_2022_11,lar_2022_11,colemanshelton_lar_2022,lar_2022,colemanshelton,39316,g,lar,1,0,26,73.6,0,0,0,0,0,0,0,0,0,0,0,0,0,0,11,2022,11
brianallen_lar_2022_11,lar_2022_11,brianallen_lar_2022,lar_2022,brianallen,46104,ol,lar,1,0,26,52.7,0,0,0,0,0,0,0,0,0,0,0,0,0,0,11,2022,11
kylepitts_atl_2022_11,atl_2022_11,kylepitts_atl_2022,atl_2022,kylepitts,83964,te,atl,1,0,2,42.4,0,0,0,0,0,0,0,0,0,0,0,0,0,0,11,2022,11
dawsonknox_buf_2022_11,buf_2022_11,dawsonknox_buf_2022,buf_2022,dawsonknox,35883,te,buf,1,0,4,59.6,0,0,0,0,0,0,0,0,0,0,0,0,0,0,11,2022,11
kenyongreen_hou_2022_11,hou_2022_11,kenyongreen_hou_2022,hou_2022,kenyongreen,99052,g,hou,1,1,13,32.5,0,0,0,0,0,0,0,0,0,0,0,0,0,0,11,2022,11
scottquessenberry_hou_2022_11,hou_2022_11,scottquessenberry_hou_2022,hou_2022,scottquessenberry,23918,ol,hou,1,0,13,57.6,0,0,0,0,0,0,0,0,0,0,0,0,0,0,11,2022,11
laremytunsil_hou_2022_11,hou_2022_11,laremytunsil_hou_2022,hou_2022,laremytunsil,10647,t,hou,1,0,13,40.9,0,0,0,0,0,0,0,0,0,0,0,0,0,0,11,2022,11
tjhockenson_min_2022_11,min_2022_11,tjhockenson_min_2022,min_2022,tjhockenson,40912,te,min,1,0,18,59.0,0,0,0,0,0,0,0,0,0,0,0,0,0,0,11,2022,11
tytushoward_hou_2022_11,hou_2022_11,tytushoward_hou_2022,hou_2022,tytushoward,25472,t,hou,1,0,13,73.0,0,0,0,0,0,0,0,0,0,0,0,0,0,0,11,2022,11
patfreiermuth_pit_2022_11,pit_2022_11,patfreiermuth_pit_2022,pit_2022,patfreiermuth,84085,te,pit,1,0,25,63.0,0,0,0,0,0,0,0,0,0,0,0,0,0,0,11,2022,11
cameronbrate_tb_2022_11,tb_2022_11,cameronbrate_tb_2022,tb_2022,cameronbrate,9207,te,tb,1,0,30,56.5,0,0,0,0,0,0,0,0,0,0,0,0,0,0,11,2022,11
hjaltefroholdt_cle_2022_11,cle_2022_11,hjaltefroholdt_cle_2022,cle_2022,hjaltefroholdt,44959,g,cle,1,0,8,67.3,0,0,0,0,0,0,0,0,0,0,0,0,0,0,11,2022,11
ajcann_hou_2022_11,hou_2022_11,ajcann_hou_2022,hou_2022,ajcann,9500,g,hou,1,0,13,63.2,0,0,0,0,0,0,0,0,0,0,0,0,0,0,11,2022,11
tylerhigbee_lar_2022_11,lar_2022_11,tylerhigbee_lar_2022,lar_2022,tylerhigbee,10744,te,lar,1,0,26,52.7,0,0,0,0,0,0,0,0,0,0,0,0,0,0,11,2022,11
armanirogers_was_2022_11,was_2022_11,armanirogers_was_2022,was_2022,armanirogers,40034,te,was,1,0,32,44.1,0,0,0,0,0,0,0,0,0,0,0,0,0,0,11,2022,11
tylerkroft_sf_2022_11,sf_2022_11,tylerkroft_sf_2022,sf_2022,tylerkroft,9518,te,sf,1,0,28,73.7,0,0,0,0,0,0,0,0,0,0,0,0,0,0,11,2022,11
rashaadcoward_ari_2022_11,ari_2022_11,rashaadcoward_ari_2022,ari_2022,rashaadcoward,12168,g,ari,1,0,1,47.5,0,0,0,0,0,0,0,0,0,0,0,0,0,0,11,2022,11
camerving_car_2022_11,car_2022_11,camerving_car_2022,car_2022,camerving,9452,t,car,1,0,5,58.1,0,0,0,0,0,0,0,0,0,0,0,0,0,0,11,2022,11
jakeferguson_dal_2022_11,dal_2022_11,jakeferguson_dal_2022,dal_2022,jakeferguson,61081,te,dal,1,0,9,78.7,0,0,0,0,0,0,0,0,0,0,0,0,0,0,11,2022,11
quinnbailey_den_2022_11,den_2022_11,quinnbailey_den_2022,den_2022,quinnbailey,46669,t,den,1,0,10,60.0,0,0,0,0,0,0,0,0,0,0,0,0,0,0,11,2022,11
johnnymundt_min_2022_11,min_2022_11,johnnymundt_min_2022,min_2022,johnnymundt,12206,te,min,1,0,18,59.5,0,0,0,0,0,0,0,0,0,0,0,0,0,0,11,2022,11
erictomlinson_den_2022_11,den_2022_11,erictomlinson_den_2022,den_2022,erictomlinson,9786,te,den,1,0,10,59.2,0,0,0,0,0,0,0,0,0,0,0,0,0,0,11,2022,11
coreylinsley_lac_2022_11,lac_2022_11,coreylinsley_lac_2022,lac_2022,coreylinsley,8796,ol,lac,1,0,27,59.5,0,0,0,0,0,0,0,0,0,0,0,0,0,0,11,2022,11
teaganquitoriano_hou_2022_11,hou_2022_11,teaganquitoriano_hou_2022,hou_2022,teaganquitoriano,84036,te,hou,1,0,13,84.2,0,0,0,0,0,0,0,0,0,0,0,0,0,0,11,2022,11
zionjohnson_lac_2022_11,lac_2022_11,zionjohnson_lac_2022,lac_2022,zionjohnson,99681,g,lac,1,0,27,59.7,0,0,0,0,0,0,0,0,0,0,0,0,0,0,11,2022,11
cesarruiz_no_2022_11,no_2022_11,cesarruiz_no_2022,no_2022,cesarruiz,59857,g,no,1,0,20,48.3,0,0,0,0,0,0,0,0,0,0,0,0,0,0,11,2022,11
harrisonbryant_cle_2022_11,cle_2022_11,harrisonbryant_cle_2022,cle_2022,harrisonbryant,26394,te,cle,1,0,8,45.9,0,0,0,0,0,0,0,0,0,0,0,0,0,0,11,2022,11
jamareesalyer_lac_2022_11,lac_2022_11,jamareesalyer_lac_2022,lac_2022,jamareesalyer,81656,t,lac,1,0,27,48.6,0,0,0,0,0,0,0,0,0,0,0,0,0,0,11,2022,11
stephenanderson_ari_2022_11,ari_2022_11,stephenanderson_ari_2022,ari_2022,stephenanderson,11160,te,ari,1,0,1,58.7,0,0,0,0,0,0,0,0,0,0,0,0,0,0,11,2022,11
ryanramczyk_no_2022_11,no_2022_11,ryanramczyk_no_2022,no_2022,ryanramczyk,11787,t,no,1,0,20,57.7,0,0,0,0,0,0,0,0,0,0,0,0,0,0,11,2022,11
princetegawanogho_kc_2022_11,kc_2022_11,princetegawanogho_kc_2022,kc_2022,princetegawanogho,44820,t,kc,1,0,16,58.5,0,0,0,0,0,0,0,0,0,0,0,0,0,0,11,2022,11
mattfeiler_lac_2022_11,lac_2022_11,mattfeiler_lac_2022,lac_2022,mattfeiler,9289,g,lac,1,0,27,56.1,0,0,0,0,0,0,0,0,0,0,0,0,0,0,11,2022,11
joshandrews_no_2022_11,no_2022_11,joshandrews_no_2022,no_2022,joshandrews,9068,ol,no,1,0,20,60.9,0,0,0,0,0,0,0,0,0,0,0,0,0,0,11,2022,11
fostersarell_lac_2022_11,lac_2022_11,fostersarell_lac_2022,lac_2022,fostersarell,52272,t,lac,1,0,27,58.6,0,0,0,0,0,0,0,0,0,0,0,0,0,0,11,2022,11
lukefortner_jax_2022_11,jax_2022_11,lukefortner_jax_2022,jax_2022,lukefortner,42028,ol,jax,1,0,15,56.2,0,0,0,0,0,0,0,0,0,0,0,0,0,0,11,2022,11
brandonscherff_jax_2022_11,jax_2022_11,brandonscherff_jax_2022,jax_2022,brandonscherff,9438,g,jax,1,0,15,53.1,0,0,0,0,0,0,0,0,0,0,0,0,0,0,11,2022,11
tylershatley_jax_2022_11,jax_2022_11,tylershatley_jax_2022,jax_2022,tylershatley,9257,g,jax,1,0,15,57.2,0,0,0,0,0,0,0,0,0,0,0,0,0,0,11,2022,11
camrobinson_jax_2022_11,jax_2022_11,camrobinson_jax_2022,jax_2022,camrobinson,11789,t,jax,1,0,15,42.5,0,0,0,0,0,0,0,0,0,0,0,0,0,0,11,2022,11
noahgray_kc_2022_11,kc_2022_11,noahgray_kc_2022,kc_2022,noahgray,60878,te,kc,1,0,16,69.0,0,0,0,0,0,0,0,0,0,0,0,0,0,0,11,2022,11
danielbrunskill_sf_2022_11,sf_2022_11,danielbrunskill_sf_2022,sf_2022,danielbrunskill,34807,g,sf,1,0,28,65.3,0,0,0,0,0,0,0,0,0,0,0,0,0,0,11,2022,11
jawaantaylor_jax_2022_11,jax_2022_11,jawaantaylor_jax_2022,jax_2022,jawaantaylor,41665,t,jax,1,0,15,52.2,0,0,0,0,0,0,0,0,0,0,0,0,0,0,11,2022,11
pharaohbrown_cle_2022_11,cle_2022_11,pharaohbrown_cle_2022,cle_2022,pharaohbrown,12247,te,cle,1,0,8,55.0,0,0,0,0,0,0,0,0,0,0,0,0,0,0,11,2022,11
blakebrandel_min_2022_11,min_2022_11,blakebrandel_min_2022,min_2022,blakebrandel,46282,t,min,1,0,18,60.0,0,0,0,0,0,0,0,0,0,0,0,0,0,0,11,2022,11
traviskelce_kc_2022_11,kc_2022_11,traviskelce_kc_2022,kc_2022,traviskelce,7844,te,kc,1,0,16,59.9,0,0,0,0,0,0,0,0,0,0,0,0,0,0,11,2022,11
nickgates_nyg_2022_11,nyg_2022_11,nickgates_nyg_2022,nyg_2022,nickgates,29476,ol,nyg,1,0,21,55.1,0,0,0,0,0,0,0,0,0,0,0,0,0,0,11,2022,11
parkerhesse_atl_2022_11,atl_2022_11,parkerhesse_atl_2022,atl_2022,parkerhesse,48369,te,atl,1,0,2,60.0,0,0,0,0,0,0,0,0,0,0,0,0,0,0,11,2022,11
evanengram_jax_2022_11,jax_2022_11,evanengram_jax_2022,jax_2022,evanengram,11778,te,jax,1,0,15,56.8,0,0,0,0,0,0,0,0,0,0,0,0,0,0,11,2022,11
ojhoward_hou_2022_11,hou_2022_11,ojhoward_hou_2022,hou_2022,ojhoward,11774,te,hou,1,0,13,55.8,0,0,0,0,0,0,0,0,0,0,0,0,0,0,11,2022,11
mikegesicki_mia_2022_11,mia_2022_11,mikegesicki_mia_2022,mia_2022,mikegesicki,47153,te,mia,1,0,17,59.1,0,0,0,0,0,0,0,0,0,0,0,0,0,0,11,2022,11
tremckitty_lac_2022_11,lac_2022_11,tremckitty_lac_2022,lac_2022,tremckitty,60896,te,lac,1,0,27,60.3,0,0,0,0,0,0,0,0,0,0,0,0,0,0,11,2022,11
christiandarrisaw_min_2022_11,min_2022_11,christiandarrisaw_min_2022,min_2022,christiandarrisaw,77373,t,min,1,0,18,,0,0,0,0,0,0,0,0,0,0,0,0,0,0,11,2022,11
kylengranson_ind_2022_11,ind_2022_11,kylengranson_ind_2022,ind_2022,kylengranson,40630,te,ind,1,0,14,51.1,0,0,0,0,0,0,0,0,0,0,0,0,0,0,11,2022,11
charlescross_sea_2022_11,sea_2022_11,charlescross_sea_2022,sea_2022,charlescross,98401,t,sea,1,0,29,71.7,0,0,0,0,0,0,0,0,0,0,0,0,0,0,11,2022,11
austinhooper_ten_2022_11,ten_2022_11,austinhooper_ten_2022,ten_2022,austinhooper,10715,te,ten,1,0,31,60.0,0,0,0,0,0,0,0,0,0,0,0,0,0,0,11,2022,11
austinblythe_sea_2022_11,sea_2022_11,austinblythe_sea_2022,sea_2022,austinblythe,10882,ol,sea,1,0,29,55.5,0,0,0,0,0,0,0,0,0,0,0,0,0,0,11,2022,11
chigoziemokonkwo_ten_2022_11,ten_2022_11,chigoziemokonkwo_ten_2022,ten_2022,chigoziemokonkwo,84000,te,ten,1,0,31,59.2,0,0,0,0,0,0,0,0,0,0,0,0,0,0,11,2022,11
trevonwesco_chi_2022_11,chi_2022_11,trevonwesco_chi_2022,chi_2022,trevonwesco,42018,te,chi,1,0,6,69.8,0,0,0,0,0,0,0,0,0,0,0,0,0,0,11,2022,11
abrahamlucas_sea_2022_11,sea_2022_11,abrahamlucas_sea_2022,sea_2022,abrahamlucas,60218,t,sea,1,0,29,60.9,0,0,0,0,0,0,0,0,0,0,0,0,0,0,11,2022,11
chrismyarick_nyg_2022_11,nyg_2022_11,chrismyarick_nyg_2022,nyg_2022,chrismyarick,47358,te,nyg,1,0,21,66.6,0,0,0,0,0,0,0,0,0,0,0,0,0,0,11,2022,11
codyford_ari_2022_11,ari_2022_11,codyford_ari_2022,ari_2022,codyford,39805,g,ari,1,0,1,53.8,0,0,0,0,0,0,0,0,0,0,0,0,0,0,11,2022,11
ryangriffin_chi_2022_11,chi_2022_11,ryangriffin_chi_2022,chi_2022,ryangriffin,7982,te,chi,1,0,6,59.9,0,0,0,0,0,0,0,0,0,0,0,0,0,0,11,2022,11
josiahdeguara_gb_2022_11,gb_2022_11,josiahdeguara_gb_2022,gb_2022,josiahdeguara,47034,te,gb,1,0,12,59.8,0,0,0,0,0,0,0,0,0,0,0,0,0,0,11,2022,11
damienlewis_sea_2022_11,sea_2022_11,damienlewis_sea_2022,sea_2022,damienlewis,81532,g,sea,1,0,29,58.8,0,0,0,0,0,0,0,0,0,0,0,0,0,0,11,2022,11
connorheyward_pit_2022_11,pit_2022_11,connorheyward_pit_2022,pit_2022,connorheyward,57301,te,pit,1,0,25,,0,0,0,0,0,0,0,0,0,0,0,0,0,0,11,2022,11
calvinthrockmorton_no_2022_11,no_2022_11,calvinthrockmorton_no_2022,no_2022,calvinthrockmorton,28238,g,no,1,0,20,57.9,0,0,0,0,0,0,0,0,0,0,0,0,0,0,11,2022,11
kevinrader_ten_2022_11,ten_2022_11,kevinrader_ten_2022,ten_2022,kevinrader,30887,te,ten,1,0,31,59.7,0,0,0,0,0,0,0,0,0,0,0,0,0,0,11,2022,11
peytonhendershot_dal_2022_11,dal_2022_11,peytonhendershot_dal_2022,dal_2022,peytonhendershot,60915,te,dal,1,0,9,,0,0,0,0,0,0,0,0,0,0,0,0,0,0,11,2022,11
jamesmitchell_det_2022_11,det_2022_11,jamesmitchell_det_2022,det_2022,jamesmitchell,77885,te,det,1,0,11,59.9,0,0,0,0,0,0,0,0,0,0,0,0,0,0,11,2022,11
andrewwylie_kc_2022_11,kc_2022_11,andrewwylie_kc_2022,kc_2022,andrewwylie,12333,t,kc,1,0,16,58.5,0,0,0,0,0,0,0,0,0,0,0,0,0,0,11,2022,11
jordanakins_hou_2022_11,hou_2022_11,jordanakins_hou_2022,hou_2022,jordanakins,47050,te,hou,1,0,13,55.4,0,0,0,0,0,0,0,0,0,0,0,0,0,0,11,2022,11
juwanjohnson_no_2022_11,no_2022_11,juwanjohnson_no_2022,no_2022,juwanjohnson,28305,te,no,1,0,20,57.2,0,0,0,0,0,0,0,0,0,0,0,0,0,0,11,2022,11
adamtrautman_no_2022_11,no_2022_11,adamtrautman_no_2022,no_2022,adamtrautman,109795,te,no,1,0,20,48.7,0,0,0,0,0,0,0,0,0,0,0,0,0,0,11,2022,11
nikolakalinic_ind_2022_11,ind_2022_11,nikolakalinic_ind_2022,ind_2022,nikolakalinic,156095,te,ind,1,0,14,60.0,0,0,0,0,0,0,0,0,0,0,0,0,0,0,11,2022,11
seanmckeon_dal_2022_11,dal_2022_11,seanmckeon_dal_2022,dal_2022,seanmckeon,42266,te,dal,1,0,9,,0,0,0,0,0,0,0,0,0,0,0,0,0,0,11,2022,11
jameshurst_no_2022_11,no_2022_11,jameshurst_no_2022,no_2022,jameshurst,9001,t,no,1,0,20,58.7,0,0,0,0,0,0,0,0,0,0,0,0,0,0,11,2022,11
landonyoung_no_2022_11,no_2022_11,landonyoung_no_2022,no_2022,landonyoung,41761,t,no,1,0,20,59.0,0,0,0,0,0,0,0,0,0,0,0,0,0,0,11,2022,11
gabejackson_sea_2022_11,sea_2022_11,gabejackson_sea_2022,sea_2022,gabejackson,8716,g,sea,1,0,29,59.2,0,0,0,0,0,0,0,0,0,0,0,0,0,0,11,2022,11
richardrodgers_lac_2022_11,lac_2022_11,richardrodgers_lac_2022,lac_2022,richardrodgers,8733,te,lac,1,0,27,60.1,0,0,0,0,0,0,0,0,0,0,0,0,0,0,11,2022,11
chrismanhertz_jax_2022_11,jax_2022_11,chrismanhertz_jax_2022,jax_2022,chrismanhertz,10211,te,jax,1,0,15,60.0,0,0,0,0,0,0,0,0,0,0,0,0,0,0,11,2022,11
ericsaubert_den_2022_11,den_2022_11,ericsaubert_den_2022,den_2022,ericsaubert,11929,te,den,1,0,10,60.0,0,0,0,0,0,0,0,0,0,0,0,0,0,0,11,2022,11
greglittle_mia_2022_11,mia_2022_11,greglittle_mia_2022,mia_2022,greglittle,46254,t,mia,1,0,17,60.0,0,0,0,0,0,0,0,0,0,0,0,0,0,0,11,2022,11
shanezylstra_det_2022_11,det_2022_11,shanezylstra_det_2022,det_2022,shanezylstra,143786,te,det,1,0,11,37.1,0,0,0,0,0,0,0,0,0,0,0,0,0,0,11,2022,11
mycolepruitt_atl_2022_11,atl_2022_11,mycolepruitt_atl_2022,atl_2022,mycolepruitt,9576,te,atl,1,0,2,60.0,0,0,0,0,0,0,0,0,0,0,0,0,0,0,11,2022,11
jameshudson_cle_2022_11,cle_2022_11,jameshudson_cle_2022,cle_2022,jameshudson,59854,t,cle,1,0,8,53.8,0,0,0,0,0,0,0,0,0,0,0,0,0,0,11,2022,11
giovanniricci_car_2022_11,car_2022_11,giovanniricci_car_2022,car_2022,giovanniricci,13756,te,car,1,0,5,58.7,0,0,0,0,0,0,0,0,0,0,0,0,0,0,11,2022,11
lewiskidd_no_2022_11,no_2022_11,lewiskidd_no_2022,no_2022,lewiskidd,59892,g,no,1,0,20,60.0,0,0,0,0,0,0,0,0,0,0,0,0,0,0,11,2022,11
willdissly_sea_2022_11,sea_2022_11,willdissly_sea_2022,sea_2022,willdissly,30762,te,sea,1,0,29,60.0,0,0,0,0,0,0,0,0,0,0,0,0,0,0,11,2022,11
noahfant_sea_2022_11,sea_2022_11,noahfant_sea_2022,sea_2022,noahfant,42388,te,sea,1,0,29,59.9,0,0,0,0,0,0,0,0,0,0,0,0,0,0,11,2022,11
thayermunford_lv_2022_11,lv_2022_11,thayermunford_lv_2022,lv_2022,thayermunford,59994,t,lv,1,0,23,57.6,0,0,0,0,0,0,0,0,0,0,0,0,0,0,11,2022,11
mattpeart_nyg_2022_11,nyg_2022_11,mattpeart_nyg_2022,nyg_2022,mattpeart,46179,t,nyg,1,0,21,57.0,0,0,0,0,0,0,0,0,0,0,0,0,0,0,11,2022,11
lukewattenberg_den_2022_11,den_2022_11,lukewattenberg_den_2022,den_2022,lukewattenberg,41024,ol,den,1,0,10,,0,0,0,0,0,0,0,0,0,0,0,0,0,0,11,2022,11
jackanderson_nyg_2022_11,nyg_2022_11,jackanderson_nyg_2022,nyg_2022,jackanderson,60130,g,nyg,1,0,21,59.2,0,0,0,0,0,0,0,0,0,0,0,0,0,0,11,2022,11
jackstoll_phi_2022_11,phi_2022_11,jackstoll_phi_2022,phi_2022,jackstoll,42058,te,phi,1,0,24,56.7,0,0,0,0,0,0,0,0,0,0,0,0,0,0,11,2022,11
danskipper_det_2022_11,det_2022_11,danskipper_det_2022,det_2022,danskipper,12307,g,det,1,0,11,69.1,0,0,0,0,0,0,0,0,0,0,0,0,0,0,11,2022,11
philhaynes_sea_2022_11,sea_2022_11,philhaynes_sea_2022,sea_2022,philhaynes,29244,g,sea,1,0,29,59.9,0,0,0,0,0,0,0,0,0,0,0,0,0,0,11,2022,11
joshwells_tb_2022_11,tb_2022_11,joshwells_tb_2022,tb_2022,joshwells,8968,t,tb,1,0,30,57.4,0,0,0,0,0,0,0,0,0,0,0,0,0,0,11,2022,11
tylerdavis_gb_2022_11,gb_2022_11,tylerdavis_gb_2022,gb_2022,tylerdavis,47743,te,gb,1,0,12,,0,0,0,0,0,0,0,0,0,0,0,0,0,0,11,2022,11
geraldeverett_lac_2022_11,lac_2022_11,geraldeverett_lac_2022,lac_2022,geraldeverett,11799,te,lac,1,0,27,60.0,0,0,0,0,0,0,0,0,0,0,0,0,0,0,11,2022,11
brycenhopkins_lar_2022_11,lar_2022_11,brycenhopkins_lar_2022,lar_2022,brycenhopkins,47338,te,lar,1,0,26,,0,0,0,0,0,0,0,0,0,0,0,0,0,0,11,2022,11
dannypinter_ind_2022_11,ind_2022_11,dannypinter_ind_2022,ind_2022,dannypinter,47339,g,ind,1,0,14,67.8,0,0,0,0,0,0,0,0,0,0,0,0,0,0,11,2022,11
stephensullivan_car_2022_11,car_2022_11,stephensullivan_car_2022,car_2022,stephensullivan,40411,te,car,1,0,5,,0,0,0,0,0,0,0,0,0,0,0,0,0,0,11,2022,11
taysomhill_no_2022_11,no_2022_11,taysomhill_no_2022,no_2022,taysomhill,12112,te,no,1,0,20,,0,0,0,0,0,0,0,0,0,0,0,0,0,0,11,2022,11
charliewoerner_sf_2022_11,sf_2022_11,charliewoerner_sf_2022,sf_2022,charliewoerner,42257,te,sf,1,0,28,59.8,0,0,0,0,0,0,0,0,0,0,0,0,0,0,11,2022,11
bobbyhart_buf_2022_11,buf_2022_11,bobbyhart_buf_2022,buf_2022,bobbyhart,9659,g,buf,1,0,4,59.9,0,0,0,0,0,0,0,0,0,0,0,0,0,0,11,2022,11
colbyparkinson_sea_2022_11,sea_2022_11,colbyparkinson_sea_2022,sea_2022,colbyparkinson,52266,te,sea,1,0,29,59.5,0,0,0,0,0,0,0,0,0,0,0,0,0,0,11,2022,11
wyattteller_cle_2022_11,cle_2022_11,wyattteller_cle_2022,cle_2022,wyattteller,46131,g,cle,1,0,8,60.0,0,0,0,0,0,0,0,0,0,0,0,0,0,0,11,2022,11
quintinmorris_buf_2022_11,buf_2022_11,quintinmorris_buf_2022,buf_2022,quintinmorris,61182,te,buf,1,0,4,59.4,0,0,0,0,0,0,0,0,0,0,0,0,0,0,11,2022,11
jesperhorsted_lv_2022_11,lv_2022_11,jesperhorsted_lv_2022,lv_2022,jesperhorsted,91465,te,lv,1,0,23,69.7,0,0,0,0,0,0,0,0,0,0,0,0,0,0,11,2022,11
joefortson_kc_2022_11,kc_2022_11,joefortson_kc_2022,kc_2022,joefortson,94384,te,kc,1,0,16,,0,0,0,0,0,0,0,0,0,0,0,0,0,0,11,2022,11
trentscott_pit_2022_11,pit_2022_11,trentscott_pit_2022,pit_2022,trentscott,24481,t,pit,1,0,25,,0,0,0,0,0,0,0,0,0,0,0,0,0,0,11,2022,11
grantcalcaterra_phi_2022_11,phi_2022_11,grantcalcaterra_phi_2022,phi_2022,grantcalcaterra,60997,te,phi,1,0,24,60.0,0,0,0,0,0,0,0,0,0,0,0,0,0,0,11,2022,11
tannerhudson_nyg_2022_11,nyg_2022_11,tannerhudson_nyg_2022,nyg_2022,tannerhudson,66924,te,nyg,1,0,21,,0,0,0,0,0,0,0,0,0,0,0,0,0,0,11,2022,11
nickallegretti_kc_2022_11,kc_2022_11,nickallegretti_kc_2022,kc_2022,nickallegretti,39268,g,kc,1,0,16,,0,0,0,0,0,0,0,0,0,0,0,0,0,0,11,2022,11
seanharlow_ari_2022_11,ari_2022_11,seanharlow_ari_2022,ari_2022,seanharlow,11891,ol,ari,1,0,1,59.8,0,0,0,0,0,0,0,0,0,0,0,0,0,0,11,2022,11
jaylonmoore_sf_2022_11,sf_2022_11,jaylonmoore_sf_2022,sf_2022,jaylonmoore,43678,t,sf,1,0,28,,0,0,0,0,0,0,0,0,0,0,0,0,0,0,11,2022,11
lukefarrell_jax_2022_11,jax_2022_11,lukefarrell_jax_2022,jax_2022,lukefarrell,42353,te,jax,1,0,15,59.9,0,0,0,0,0,0,0,0,0,0,0,0,0,0,11,2022,11
wyattdavis_ari_2022_11,ari_2022_11,wyattdavis_ari_2022,ari_2022,wyattdavis,59993,g,ari,1,0,1,,0,0,0,0,0,0,0,0,0,0,0,0,0,0,11,2022,11
stormnorton_lac_2022_11,lac_2022_11,stormnorton_lac_2022,lac_2022,stormnorton,12188,t,lac,1,0,27,60.0,0,0,0,0,0,0,0,0,0,0,0,0,0,0,11,2022,11
millerforristall_cle_2022_11,cle_2022_11,millerforristall_cle_2022,cle_2022,millerforristall,47378,te,cle,1,0,8,,0,0,0,0,0,0,0,0,0,0,0,0,0,0,11,2022,11
justinmccray_hou_2022_11,hou_2022_11,justinmccray_hou_2022,hou_2022,justinmccray,9234,g,hou,1,0,13,,0,0,0,0,0,0,0,0,0,0,0,0,0,0,11,2022,11
mattpryor_ind_2022_11,ind_2022_11,mattpryor_ind_2022,ind_2022,mattpryor,46647,t,ind,1,0,14,57.0,0,0,0,0,0,0,0,0,0,0,0,0,0,0,11,2022,11
