p_id,unique_team_id,player_team_id,team_id_impute,player,numeric_id,position,team_name,player_game_count,assists,avg_depth_of_target,catch_rate,coverage_percent,coverage_snaps_per_reception,coverage_snaps_per_target,declined_penalties,dropped_ints,forced_incompletes,forced_incompletion_rate,franchise_id,grades_coverage_defense,grades_defense,grades_defense_penalty,grades_pass_rush_defense,grades_run_defense,grades_tackle,interceptions,longest,missed_tackle_rate,missed_tackles,pass_break_ups,penalties,qb_rating_against,receptions,snap_counts_coverage,snap_counts_pass_play,stops,tackles,targets,touchdowns,yards,yards_after_catch,yards_per_coverage_snap,yards_per_reception,week,year,plyr_number
kareemjackson_den_2022_10,den_2022_10,kareemjackson_den_2022,den_2022,kareemjackson,5545,s,den,1,0,26.0,100.0,0,0,0,0,0,0,0,0,0,0,0,0,0,0,0,0,0,0,0,0,0,0,0,0,0,0,0,0,0,0,0,0,10,2022,10
tashaungipsonsr_sf_2022_10,sf_2022_10,tashaungipsonsr_sf_2022,sf_2022,tashaungipsonsr,7288,s,sf,1,0,5.5,50.0,0,0,0,0,0,0,0,0,0,0,0,0,0,0,0,0,0,0,0,0,0,0,0,0,0,0,0,0,0,0,0,0,10,2022,10
justinbethel_mia_2022_10,mia_2022_10,justinbethel_mia_2022,mia_2022,justinbethel,7654,cb,mia,1,0,,,0,0,0,0,0,0,0,0,0,0,0,0,0,0,0,0,0,0,0,0,0,0,0,0,0,0,0,0,0,0,0,0,10,2022,10
ajklein_bal_2022_10,bal_2022_10,ajklein_bal_2022,bal_2022,ajklein,7930,lb,bal,1,0,-0.8,100.0,0,0,0,0,0,0,0,0,0,0,0,0,0,0,0,0,0,0,0,0,0,0,0,0,0,0,0,0,0,0,0,0,10,2022,10
chrisbanjo_ari_2022_10,ari_2022_10,chrisbanjo_ari_2022,ari_2022,chrisbanjo,8419,s,ari,1,0,,,0,0,0,0,0,0,0,0,0,0,0,0,0,0,0,0,0,0,0,0,0,0,0,0,0,0,0,0,0,0,0,0,10,2022,10
jimmieward_sf_2022_10,sf_2022_10,jimmieward_sf_2022,sf_2022,jimmieward,8665,s,sf,1,1,5.8,100.0,0,0,0,0,0,0,0,0,0,0,0,0,0,0,0,0,0,0,0,0,0,0,0,0,0,0,0,0,0,0,0,0,10,2022,10
danielsorensen_no_2022_10,no_2022_10,danielsorensen_no_2022,no_2022,danielsorensen,9253,s,no,1,0,,,0,0,0,0,0,0,0,0,0,0,0,0,0,0,0,0,0,0,0,0,0,0,0,0,0,0,0,0,0,0,0,0,10,2022,10
kwaunwilliams_den_2022_10,den_2022_10,kwaunwilliams_den_2022,den_2022,kwaunwilliams,9332,cb,den,1,0,11.7,0.0,0,0,0,0,0,0,0,0,0,0,0,0,0,0,0,0,0,0,0,0,0,0,0,0,0,0,0,0,0,0,0,0,10,2022,10
landoncollins_nyg_2022_10,nyg_2022_10,landoncollins_nyg_2022,nyg_2022,landoncollins,9466,s,nyg,1,0,,,0,0,0,0,0,0,0,0,0,0,0,0,0,0,0,0,0,0,0,0,0,0,0,0,0,0,0,0,0,0,0,0,10,2022,10
deanmarlowe_atl_2022_10,atl_2022_10,deanmarlowe_atl_2022,atl_2022,deanmarlowe,9966,s,atl,1,1,25.2,20.0,0,0,0,0,0,0,0,0,0,0,0,0,0,0,0,0,0,0,0,0,0,0,0,0,0,0,0,0,0,0,0,0,10,2022,10
alexsingleton_den_2022_10,den_2022_10,alexsingleton_den_2022,den_2022,alexsingleton,9994,lb,den,1,0,,,0,0,0,0,0,0,0,0,0,0,0,0,0,0,0,0,0,0,0,0,0,0,0,0,0,0,0,0,0,0,0,0,10,2022,10
jaylonsmith_nyg_2022_10,nyg_2022_10,jaylonsmith_nyg_2022,nyg_2022,jaylonsmith,10668,lb,nyg,1,1,-2.0,100.0,0,0,0,0,0,0,0,0,0,0,0,0,0,0,0,0,0,0,0,0,0,0,0,0,0,0,0,0,0,0,0,0,10,2022,10
mylesjack_pit_2022_10,pit_2022_10,mylesjack_pit_2022,pit_2022,mylesjack,10670,lb,pit,1,0,8.6,80.0,0,0,0,0,0,0,0,0,0,0,0,0,0,0,0,0,0,0,0,0,0,0,0,0,0,0,0,0,0,0,0,0,10,2022,10
deionjones_cle_2022_10,cle_2022_10,deionjones_cle_2022,cle_2022,deionjones,10686,lb,cle,1,0,11.3,100.0,0,0,0,0,0,0,0,0,0,0,0,0,0,0,0,0,0,0,0,0,0,0,0,0,0,0,0,0,0,0,0,0,10,2022,10
justinsimmons_den_2022_10,den_2022_10,justinsimmons_den_2022,den_2022,justinsimmons,10732,s,den,1,1,7.5,100.0,0,0,0,0,0,0,0,0,0,0,0,0,0,0,0,0,0,0,0,0,0,0,0,0,0,0,0,0,0,0,0,0,10,2022,10
anthonybrown_dal_2022_10,dal_2022_10,anthonybrown_dal_2022,dal_2022,anthonybrown,10823,cb,dal,1,0,27.0,50.0,0,0,0,0,0,0,0,0,0,0,0,0,0,0,0,0,0,0,0,0,0,0,0,0,0,0,0,0,0,0,0,0,10,2022,10
jayronkearse_dal_2022_10,dal_2022_10,jayronkearse_dal_2022,dal_2022,jayronkearse,10878,s,dal,1,0,,,0,0,0,0,0,0,0,0,0,0,0,0,0,0,0,0,0,0,0,0,0,0,0,0,0,0,0,0,0,0,0,0,10,2022,10
claytonfejedelem_mia_2022_10,mia_2022_10,claytonfejedelem_mia_2022,mia_2022,claytonfejedelem,10879,s,mia,1,0,,,0,0,0,0,0,0,0,0,0,0,0,0,0,0,0,0,0,0,0,0,0,0,0,0,0,0,0,0,0,0,0,0,10,2022,10
mikehilton_cin_2022_10,cin_2022_10,mikehilton_cin_2022,cin_2022,mikehilton,10898,cb,cin,1,0,16.0,100.0,0,0,0,0,0,0,0,0,0,0,0,0,0,0,0,0,0,0,0,0,0,0,0,0,0,0,0,0,0,0,0,0,10,2022,10
adoreejackson_nyg_2022_10,nyg_2022_10,adoreejackson_nyg_2022,nyg_2022,adoreejackson,11773,cb,nyg,1,0,9.4,70.0,0,0,0,0,0,0,0,0,0,0,0,0,0,0,0,0,0,0,0,0,0,0,0,0,0,0,0,0,0,0,0,0,10,2022,10
justinevans_no_2022_10,no_2022_10,justinevans_no_2022,no_2022,justinevans,11805,s,no,1,0,19.0,0.0,0,0,0,0,0,0,0,0,0,0,0,0,0,0,0,0,0,0,0,0,0,0,0,0,0,0,0,0,0,0,0,0,10,2022,10
fabianmoreau_nyg_2022_10,nyg_2022_10,fabianmoreau_nyg_2022,nyg_2022,fabianmoreau,11836,cb,nyg,1,0,17.4,42.9,0,0,0,0,0,0,0,0,0,0,0,0,0,0,0,0,0,0,0,0,0,0,0,0,0,0,0,0,0,0,0,0,10,2022,10
johnjohnsoniii_cle_2022_10,cle_2022_10,johnjohnsoniii_cle_2022,cle_2022,johnjohnsoniii,11847,s,cle,1,0,5.7,66.7,0,0,0,0,0,0,0,0,0,0,0,0,0,0,0,0,0,0,0,0,0,0,0,0,0,0,0,0,0,0,0,0,10,2022,10
cameronsutton_pit_2022_10,pit_2022_10,cameronsutton_pit_2022,pit_2022,cameronsutton,11850,cb,pit,1,1,15.7,33.3,0,0,0,0,0,0,0,0,0,0,0,0,0,0,0,0,0,0,0,0,0,0,0,0,0,0,0,0,0,0,0,0,10,2022,10
mattmilano_buf_2022_10,buf_2022_10,mattmilano_buf_2022,buf_2022,mattmilano,11918,lb,buf,1,0,0.5,0.0,0,0,0,0,0,0,0,0,0,0,0,0,0,0,0,0,0,0,0,0,0,0,0,0,0,0,0,0,0,0,0,0,10,2022,10
arthurmaulet_pit_2022_10,pit_2022_10,arthurmaulet_pit_2022,pit_2022,arthurmaulet,12224,cb,pit,1,1,16.0,0.0,0,0,0,0,0,0,0,0,0,0,0,0,0,0,0,0,0,0,0,0,0,0,0,0,0,0,0,0,0,0,0,0,10,2022,10
sionetakitaki_cle_2022_10,cle_2022_10,sionetakitaki_cle_2022,cle_2022,sionetakitaki,12666,lb,cle,1,1,1.7,100.0,0,0,0,0,0,0,0,0,0,0,0,0,0,0,0,0,0,0,0,0,0,0,0,0,0,0,0,0,0,0,0,0,10,2022,10
devinbush_pit_2022_10,pit_2022_10,devinbush_pit_2022,pit_2022,devinbush,27375,lb,pit,1,0,,,0,0,0,0,0,0,0,0,0,0,0,0,0,0,0,0,0,0,0,0,0,0,0,0,0,0,0,0,0,0,0,0,10,2022,10
blakecashman_hou_2022_10,hou_2022_10,blakecashman_hou_2022,hou_2022,blakecashman,35413,lb,hou,1,1,,,0,0,0,0,0,0,0,0,0,0,0,0,0,0,0,0,0,0,0,0,0,0,0,0,0,0,0,0,0,0,0,0,10,2022,10
taecrowder_nyg_2022_10,nyg_2022_10,taecrowder_nyg_2022,nyg_2022,taecrowder,35774,lb,nyg,1,0,,,0,0,0,0,0,0,0,0,0,0,0,0,0,0,0,0,0,0,0,0,0,0,0,0,0,0,0,0,0,0,0,0,10,2022,10
jonasgriffith_den_2022_10,den_2022_10,jonasgriffith_den_2022,den_2022,jonasgriffith,35858,lb,den,1,1,9.4,60.0,0,0,0,0,0,0,0,0,0,0,0,0,0,0,0,0,0,0,0,0,0,0,0,0,0,0,0,0,0,0,0,0,10,2022,10
jordankunaszyk_cle_2022_10,cle_2022_10,jordankunaszyk_cle_2022,cle_2022,jordankunaszyk,38548,lb,cle,1,0,,,0,0,0,0,0,0,0,0,0,0,0,0,0,0,0,0,0,0,0,0,0,0,0,0,0,0,0,0,0,0,0,0,10,2022,10
ericwilson_gb_2022_10,gb_2022_10,ericwilson_gb_2022,gb_2022,ericwilson,38587,lb,gb,1,0,,,0,0,0,0,0,0,0,0,0,0,0,0,0,0,0,0,0,0,0,0,0,0,0,0,0,0,0,0,0,0,0,0,10,2022,10
trevondiggs_dal_2022_10,dal_2022_10,trevondiggs_dal_2022,dal_2022,trevondiggs,41817,cb,dal,1,0,11.2,80.0,0,0,0,0,0,0,0,0,0,0,0,0,0,0,0,0,0,0,0,0,0,0,0,0,0,0,0,0,0,0,0,0,10,2022,10
charvariusward_sf_2022_10,sf_2022_10,charvariusward_sf_2022,sf_2022,charvariusward,43034,cb,sf,1,0,4.2,40.0,0,0,0,0,0,0,0,0,0,0,0,0,0,0,0,0,0,0,0,0,0,0,0,0,0,0,0,0,0,0,0,0,10,2022,10
greedywilliams_cle_2022_10,cle_2022_10,greedywilliams_cle_2022,cle_2022,greedywilliams,43254,cb,cle,1,0,32.0,50.0,0,0,0,0,0,0,0,0,0,0,0,0,0,0,0,0,0,0,0,0,0,0,0,0,0,0,0,0,0,0,0,0,10,2022,10
treflowers_cin_2022_10,cin_2022_10,treflowers_cin_2022,cin_2022,treflowers,49059,cb,cin,1,0,14.5,100.0,0,0,0,0,0,0,0,0,0,0,0,0,0,0,0,0,0,0,0,0,0,0,0,0,0,0,0,0,0,0,0,0,10,2022,10
tarvariusmoore_sf_2022_10,sf_2022_10,tarvariusmoore_sf_2022,sf_2022,tarvariusmoore,49178,s,sf,1,0,,,0,0,0,0,0,0,0,0,0,0,0,0,0,0,0,0,0,0,0,0,0,0,0,0,0,0,0,0,0,0,0,0,10,2022,10
ronnieharrison_cle_2022_10,cle_2022_10,ronnieharrison_cle_2022,cle_2022,ronnieharrison,49206,s,cle,1,0,,,0,0,0,0,0,0,0,0,0,0,0,0,0,0,0,0,0,0,0,0,0,0,0,0,0,0,0,0,0,0,0,0,10,2022,10
donovanwilson_dal_2022_10,dal_2022_10,donovanwilson_dal_2022,dal_2022,donovanwilson,49408,s,dal,1,0,3.0,100.0,0,0,0,0,0,0,0,0,0,0,0,0,0,0,0,0,0,0,0,0,0,0,0,0,0,0,0,0,0,0,0,0,10,2022,10
nickmccloud_nyg_2022_10,nyg_2022_10,nickmccloud_nyg_2022,nyg_2022,nickmccloud,49535,cb,nyg,1,1,3.0,100.0,0,0,0,0,0,0,0,0,0,0,0,0,0,0,0,0,0,0,0,0,0,0,0,0,0,0,0,0,0,0,0,0,10,2022,10
jujuhughes_det_2022_10,det_2022_10,jujuhughes_det_2022,det_2022,jujuhughes,49545,s,det,1,0,7.5,75.0,0,0,0,0,0,0,0,0,0,0,0,0,0,0,0,0,0,0,0,0,0,0,0,0,0,0,0,0,0,0,0,0,10,2022,10
orenburks_sf_2022_10,sf_2022_10,orenburks_sf_2022,sf_2022,orenburks,50203,lb,sf,1,0,2.7,66.7,0,0,0,0,0,0,0,0,0,0,0,0,0,0,0,0,0,0,0,0,0,0,0,0,0,0,0,0,0,0,0,0,10,2022,10
ajgreen_cle_2022_10,cle_2022_10,ajgreen_cle_2022,cle_2022,ajgreen,50394,cb,cle,1,0,11.0,100.0,0,0,0,0,0,0,0,0,0,0,0,0,0,0,0,0,0,0,0,0,0,0,0,0,0,0,0,0,0,0,0,0,10,2022,10
jeremyreaves_was_2022_10,was_2022_10,jeremyreaves_was_2022,was_2022,jeremyreaves,50406,s,was,1,0,,,0,0,0,0,0,0,0,0,0,0,0,0,0,0,0,0,0,0,0,0,0,0,0,0,0,0,0,0,0,0,0,0,10,2022,10
amanioruwariye_det_2022_10,det_2022_10,amanioruwariye_det_2022,det_2022,amanioruwariye,50533,cb,det,1,1,16.7,100.0,0,0,0,0,0,0,0,0,0,0,0,0,0,0,0,0,0,0,0,0,0,0,0,0,0,0,0,0,0,0,0,0,10,2022,10
mikeford_atl_2022_10,atl_2022_10,mikeford_atl_2022,atl_2022,mikeford,50535,cb,atl,1,0,,,0,0,0,0,0,0,0,0,0,0,0,0,0,0,0,0,0,0,0,0,0,0,0,0,0,0,0,0,0,0,0,0,10,2022,10
lukegifford_dal_2022_10,dal_2022_10,lukegifford_dal_2022,dal_2022,lukegifford,50675,lb,dal,1,1,-1.0,100.0,0,0,0,0,0,0,0,0,0,0,0,0,0,0,0,0,0,0,0,0,0,0,0,0,0,0,0,0,0,0,0,0,10,2022,10
joseyjewell_den_2022_10,den_2022_10,joseyjewell_den_2022,den_2022,joseyjewell,50720,lb,den,1,1,-1.3,75.0,0,0,0,0,0,0,0,0,0,0,0,0,0,0,0,0,0,0,0,0,0,0,0,0,0,0,0,0,0,0,0,0,10,2022,10
robertspillane_pit_2022_10,pit_2022_10,robertspillane_pit_2022,pit_2022,robertspillane,50918,lb,pit,1,0,1.0,100.0,0,0,0,0,0,0,0,0,0,0,0,0,0,0,0,0,0,0,0,0,0,0,0,0,0,0,0,0,0,0,0,0,10,2022,10
leightonvanderesch_dal_2022_10,dal_2022_10,leightonvanderesch_dal_2022,dal_2022,leightonvanderesch,50950,lb,dal,1,0,-2.0,100.0,0,0,0,0,0,0,0,0,0,0,0,0,0,0,0,0,0,0,0,0,0,0,0,0,0,0,0,0,0,0,0,0,10,2022,10
julianlove_nyg_2022_10,nyg_2022_10,julianlove_nyg_2022,nyg_2022,julianlove,51081,s,nyg,1,2,8.8,75.0,0,0,0,0,0,0,0,0,0,0,0,0,0,0,0,0,0,0,0,0,0,0,0,0,0,0,0,0,0,0,0,0,10,2022,10
pjlocke_den_2022_10,den_2022_10,pjlocke_den_2022,den_2022,pjlocke,51189,s,den,1,0,,,0,0,0,0,0,0,0,0,0,0,0,0,0,0,0,0,0,0,0,0,0,0,0,0,0,0,0,0,0,0,0,0,10,2022,10
minkahfitzpatrick_pit_2022_10,pit_2022_10,minkahfitzpatrick_pit_2022,pit_2022,minkahfitzpatrick,51206,s,pit,1,0,,,0,0,0,0,0,0,0,0,0,0,0,0,0,0,0,0,0,0,0,0,0,0,0,0,0,0,0,0,0,0,0,0,10,2022,10
fredwarner_sf_2022_10,sf_2022_10,fredwarner_sf_2022,sf_2022,fredwarner,51222,lb,sf,1,2,5.0,75.0,0,0,0,0,0,0,0,0,0,0,0,0,0,0,0,0,0,0,0,0,0,0,0,0,0,0,0,0,0,0,0,0,10,2022,10
kristianwelch_bal_2022_10,bal_2022_10,kristianwelch_bal_2022,bal_2022,kristianwelch,51283,lb,bal,1,0,,,0,0,0,0,0,0,0,0,0,0,0,0,0,0,0,0,0,0,0,0,0,0,0,0,0,0,0,0,0,0,0,0,10,2022,10
terrelledmunds_pit_2022_10,pit_2022_10,terrelledmunds_pit_2022,pit_2022,terrelledmunds,51334,s,pit,1,1,14.0,83.3,0,0,0,0,0,0,0,0,0,0,0,0,0,0,0,0,0,0,0,0,0,0,0,0,0,0,0,0,0,0,0,0,10,2022,10
trenorwood_pit_2022_10,pit_2022_10,trenorwood_pit_2022,pit_2022,trenorwood,55675,s,pit,1,0,1.0,100.0,0,0,0,0,0,0,0,0,0,0,0,0,0,0,0,0,0,0,0,0,0,0,0,0,0,0,0,0,0,0,0,0,10,2022,10
deommodorelenoir_sf_2022_10,sf_2022_10,deommodorelenoir_sf_2022,sf_2022,deommodorelenoir,55686,cb,sf,1,0,14.7,66.7,0,0,0,0,0,0,0,0,0,0,0,0,0,0,0,0,0,0,0,0,0,0,0,0,0,0,0,0,0,0,0,0,10,2022,10
ajparker_det_2022_10,det_2022_10,ajparker_det_2022,det_2022,ajparker,55983,cb,det,1,0,18.3,66.7,0,0,0,0,0,0,0,0,0,0,0,0,0,0,0,0,0,0,0,0,0,0,0,0,0,0,0,0,0,0,0,0,10,2022,10
markquesebell_dal_2022_10,dal_2022_10,markquesebell_dal_2022,dal_2022,markquesebell,56033,s,dal,1,0,,,0,0,0,0,0,0,0,0,0,0,0,0,0,0,0,0,0,0,0,0,0,0,0,0,0,0,0,0,0,0,0,0,10,2022,10
ambrythomas_sf_2022_10,sf_2022_10,ambrythomas_sf_2022,sf_2022,ambrythomas,56058,cb,sf,1,0,4.0,100.0,0,0,0,0,0,0,0,0,0,0,0,0,0,0,0,0,0,0,0,0,0,0,0,0,0,0,0,0,0,0,0,0,10,2022,10
damarrimathis_den_2022_10,den_2022_10,damarrimathis_den_2022,den_2022,damarrimathis,56143,cb,den,1,0,6.6,60.0,0,0,0,0,0,0,0,0,0,0,0,0,0,0,0,0,0,0,0,0,0,0,0,0,0,0,0,0,0,0,0,0,10,2022,10
daronbland_dal_2022_10,dal_2022_10,daronbland_dal_2022,dal_2022,daronbland,56158,cb,dal,1,1,8.2,80.0,0,0,0,0,0,0,0,0,0,0,0,0,0,0,0,0,0,0,0,0,0,0,0,0,0,0,0,0,0,0,0,0,10,2022,10
darnayholmes_nyg_2022_10,nyg_2022_10,darnayholmes_nyg_2022,nyg_2022,darnayholmes,56247,cb,nyg,1,0,2.0,100.0,0,0,0,0,0,0,0,0,0,0,0,0,0,0,0,0,0,0,0,0,0,0,0,0,0,0,0,0,0,0,0,0,10,2022,10
tonyfieldsii_cle_2022_10,cle_2022_10,tonyfieldsii_cle_2022,cle_2022,tonyfieldsii,57698,lb,cle,1,0,,,0,0,0,0,0,0,0,0,0,0,0,0,0,0,0,0,0,0,0,0,0,0,0,0,0,0,0,0,0,0,0,0,10,2022,10
jamespierre_pit_2022_10,pit_2022_10,jamespierre_pit_2022,pit_2022,jamespierre,60649,cb,pit,1,0,10.7,33.3,0,0,0,0,0,0,0,0,0,0,0,0,0,0,0,0,0,0,0,0,0,0,0,0,0,0,0,0,0,0,0,0,10,2022,10
grantdelpit_cle_2022_10,cle_2022_10,grantdelpit_cle_2022,cle_2022,grantdelpit,60685,s,cle,1,0,1.0,100.0,0,0,0,0,0,0,0,0,0,0,0,0,0,0,0,0,0,0,0,0,0,0,0,0,0,0,0,0,0,0,0,0,10,2022,10
joshuahbledsoe_ne_2022_10,ne_2022_10,joshuahbledsoe_ne_2022,ne_2022,joshuahbledsoe,60691,s,ne,1,0,19.3,50.0,0,0,0,0,0,0,0,0,0,0,0,0,0,0,0,0,0,0,0,0,0,0,0,0,0,0,0,0,0,0,0,0,10,2022,10
brianasamoah_min_2022_10,min_2022_10,brianasamoah_min_2022,min_2022,brianasamoah,77195,lb,min,1,0,,,0,0,0,0,0,0,0,0,0,0,0,0,0,0,0,0,0,0,0,0,0,0,0,0,0,0,0,0,0,0,0,0,10,2022,10
micahmcfadden_nyg_2022_10,nyg_2022_10,micahmcfadden_nyg_2022,nyg_2022,micahmcfadden,81246,lb,nyg,1,0,1.0,100.0,0,0,0,0,0,0,0,0,0,0,0,0,0,0,0,0,0,0,0,0,0,0,0,0,0,0,0,0,0,0,0,0,10,2022,10
damoneclark_dal_2022_10,dal_2022_10,damoneclark_dal_2022,dal_2022,damoneclark,81282,lb,dal,1,0,-2.0,100.0,0,0,0,0,0,0,0,0,0,0,0,0,0,0,0,0,0,0,0,0,0,0,0,0,0,0,0,0,0,0,0,0,10,2022,10
kelvinjoseph_dal_2022_10,dal_2022_10,kelvinjoseph_dal_2022,dal_2022,kelvinjoseph,83051,cb,dal,1,1,16.0,100.0,0,0,0,0,0,0,0,0,0,0,0,0,0,0,0,0,0,0,0,0,0,0,0,0,0,0,0,0,0,0,0,0,10,2022,10
veronemckinleyiii_mia_2022_10,mia_2022_10,veronemckinleyiii_mia_2022,mia_2022,veronemckinleyiii,83068,s,mia,1,0,,,0,0,0,0,0,0,0,0,0,0,0,0,0,0,0,0,0,0,0,0,0,0,0,0,0,0,0,0,0,0,0,0,10,2022,10
rachadwildgoose_was_2022_10,was_2022_10,rachadwildgoose_was_2022,was_2022,rachadwildgoose,83111,cb,was,1,0,19.0,0.0,0,0,0,0,0,0,0,0,0,0,0,0,0,0,0,0,0,0,0,0,0,0,0,0,0,0,0,0,0,0,0,0,10,2022,10
patricksurtainii_den_2022_10,den_2022_10,patricksurtainii_den_2022,den_2022,patricksurtainii,83119,cb,den,1,1,-5.0,100.0,0,0,0,0,0,0,0,0,0,0,0,0,0,0,0,0,0,0,0,0,0,0,0,0,0,0,0,0,0,0,0,0,10,2022,10
gregnewsomeii_cle_2022_10,cle_2022_10,gregnewsomeii_cle_2022,cle_2022,gregnewsomeii,83341,cb,cle,1,0,5.8,50.0,0,0,0,0,0,0,0,0,0,0,0,0,0,0,0,0,0,0,0,0,0,0,0,0,0,0,0,0,0,0,0,0,10,2022,10
israelmukuamu_dal_2022_10,dal_2022_10,israelmukuamu_dal_2022,dal_2022,israelmukuamu,83377,s,dal,1,0,-1.0,100.0,0,0,0,0,0,0,0,0,0,0,0,0,0,0,0,0,0,0,0,0,0,0,0,0,0,0,0,0,0,0,0,0,10,2022,10
talanoahufanga_sf_2022_10,sf_2022_10,talanoahufanga_sf_2022,sf_2022,talanoahufanga,83903,s,sf,1,0,-0.3,100.0,0,0,0,0,0,0,0,0,0,0,0,0,0,0,0,0,0,0,0,0,0,0,0,0,0,0,0,0,0,0,0,0,10,2022,10
ejspeed_ind_2022_10,ind_2022_10,ejspeed_ind_2022,ind_2022,ejspeed,94351,lb,ind,1,0,,,0,0,0,0,0,0,0,0,0,0,0,0,0,0,0,0,0,0,0,0,0,0,0,0,0,0,0,0,0,0,0,0,10,2022,10
martinemerson_cle_2022_10,cle_2022_10,martinemerson_cle_2022,cle_2022,martinemerson,97872,cb,cle,1,1,3.9,70.0,0,0,0,0,0,0,0,0,0,0,0,0,0,0,0,0,0,0,0,0,0,0,0,0,0,0,0,0,0,0,0,0,10,2022,10
danebelton_nyg_2022_10,nyg_2022_10,danebelton_nyg_2022,nyg_2022,danebelton,101398,s,nyg,1,0,,,0,0,0,0,0,0,0,0,0,0,0,0,0,0,0,0,0,0,0,0,0,0,0,0,0,0,0,0,0,0,0,0,10,2022,10
devinmccourty_ne_2022_10,ne_2022_10,devinmccourty_ne_2022,ne_2022,devinmccourty,5552,s,ne,1,0,9.3,50.0,0,0,0,0,0,0,0,0,0,0,0,0,0,0,0,0,0,0,0,0,0,0,0,0,0,0,0,0,0,0,0,0,10,2022,10
patrickpeterson_min_2022_10,min_2022_10,patrickpeterson_min_2022,min_2022,patrickpeterson,6157,cb,min,1,0,9.5,100.0,0,0,0,0,0,0,0,0,0,0,0,0,0,0,0,0,0,0,0,0,0,0,0,0,0,0,0,0,0,0,0,0,10,2022,10
chrisharrisjr_no_2022_10,no_2022_10,chrisharrisjr_no_2022,no_2022,chrisharrisjr,6457,cb,no,1,0,7.5,100.0,0,0,0,0,0,0,0,0,0,0,0,0,0,0,0,0,0,0,0,0,0,0,0,0,0,0,0,0,0,0,0,0,10,2022,10
stephongilmore_ind_2022_10,ind_2022_10,stephongilmore_ind_2022,ind_2022,stephongilmore,7016,cb,ind,1,0,0.5,100.0,0,0,0,0,0,0,0,0,0,0,0,0,0,0,0,0,0,0,0,0,0,0,0,0,0,0,0,0,0,0,0,0,10,2022,10
bobbywagner_lar_2022_10,lar_2022_10,bobbywagner_lar_2022,lar_2022,bobbywagner,7050,lb,lar,1,1,1.3,75.0,0,0,0,0,0,0,0,0,0,0,0,0,0,0,0,0,0,0,0,0,0,0,0,0,0,0,0,0,0,0,0,0,10,2022,10
lavontedavid_tb_2022_10,tb_2022_10,lavontedavid_tb_2022,tb_2022,lavontedavid,7060,lb,tb,1,0,4.3,0.0,0,0,0,0,0,0,0,0,0,0,0,0,0,0,0,0,0,0,0,0,0,0,0,0,0,0,0,0,0,0,0,0,10,2022,10
demariodavis_no_2022_10,no_2022_10,demariodavis_no_2022,no_2022,demariodavis,7079,lb,no,1,0,,,0,0,0,0,0,0,0,0,0,0,0,0,0,0,0,0,0,0,0,0,0,0,0,0,0,0,0,0,0,0,0,0,10,2022,10
rodneymcleod_ind_2022_10,ind_2022_10,rodneymcleod_ind_2022,ind_2022,rodneymcleod,7271,s,ind,1,1,4.4,60.0,0,0,0,0,0,0,0,0,0,0,0,0,0,0,0,0,0,0,0,0,0,0,0,0,0,0,0,0,0,0,0,0,10,2022,10
michaelthomas_cin_2022_10,cin_2022_10,michaelthomas_cin_2022,cin_2022,michaelthomas,7279,s,cin,1,0,,,0,0,0,0,0,0,0,0,0,0,0,0,0,0,0,0,0,0,0,0,0,0,0,0,0,0,0,0,0,0,0,0,10,2022,10
harrisonsmith_min_2022_10,min_2022_10,harrisonsmith_min_2022,min_2022,harrisonsmith,7641,s,min,1,0,20.0,66.7,0,0,0,0,0,0,0,0,0,0,0,0,0,0,0,0,0,0,0,0,0,0,0,0,0,0,0,0,0,0,0,0,10,2022,10
dariusslay_phi_2022_10,phi_2022_10,dariusslay_phi_2022,phi_2022,dariusslay,7817,cb,phi,1,0,13.0,0.0,0,0,0,0,0,0,0,0,0,0,0,0,0,0,0,0,0,0,0,0,0,0,0,0,0,0,0,0,0,0,0,0,10,2022,10
jonbostic_was_2022_10,was_2022_10,jonbostic_was_2022,was_2022,jonbostic,7831,lb,was,1,0,1.0,100.0,0,0,0,0,0,0,0,0,0,0,0,0,0,0,0,0,0,0,0,0,0,0,0,0,0,0,0,0,0,0,0,0,10,2022,10
tyrannmathieu_no_2022_10,no_2022_10,tyrannmathieu_no_2022,no_2022,tyrannmathieu,7850,s,no,1,0,1.5,100.0,0,0,0,0,0,0,0,0,0,0,0,0,0,0,0,0,0,0,0,0,0,0,0,0,0,0,0,0,0,0,0,0,10,2022,10
duronharmon_lv_2022_10,lv_2022_10,duronharmon_lv_2022,lv_2022,duronharmon,7872,s,lv,1,0,3.7,100.0,0,0,0,0,0,0,0,0,0,0,0,0,0,0,0,0,0,0,0,0,0,0,0,0,0,0,0,0,0,0,0,0,10,2022,10
nickellrobeycoleman_lv_2022_10,lv_2022_10,nickellrobeycoleman_lv_2022,lv_2022,nickellrobeycoleman,8483,cb,lv,1,0,,,0,0,0,0,0,0,0,0,0,0,0,0,0,0,0,0,0,0,0,0,0,0,0,0,0,0,0,0,0,0,0,0,10,2022,10
cjmosley_nyj_2022_10,nyj_2022_10,cjmosley_nyj_2022,nyj_2022,cjmosley,8652,lb,nyj,1,1,5.6,60.0,0,0,0,0,0,0,0,0,0,0,0,0,0,0,0,0,0,0,0,0,0,0,0,0,0,0,0,0,0,0,0,0,10,2022,10
lamarcusjoyner_nyj_2022_10,nyj_2022_10,lamarcusjoyner_nyj_2022,nyj_2022,lamarcusjoyner,8676,s,nyj,1,2,14.2,50.0,0,0,0,0,0,0,0,0,0,0,0,0,0,0,0,0,0,0,0,0,0,0,0,0,0,0,0,0,0,0,0,0,10,2022,10
christiankirksey_hou_2022_10,hou_2022_10,christiankirksey_hou_2022,hou_2022,christiankirksey,8706,lb,hou,1,0,3.7,100.0,0,0,0,0,0,0,0,0,0,0,0,0,0,0,0,0,0,0,0,0,0,0,0,0,0,0,0,0,0,0,0,0,10,2022,10
terrancemitchell_ten_2022_10,ten_2022_10,terrancemitchell_ten_2022,ten_2022,terrancemitchell,8888,cb,ten,1,1,11.7,83.3,0,0,0,0,0,0,0,0,0,0,0,0,0,0,0,0,0,0,0,0,0,0,0,0,0,0,0,0,0,0,0,0,10,2022,10
adrianphillips_ne_2022_10,ne_2022_10,adrianphillips_ne_2022,ne_2022,adrianphillips,9177,s,ne,1,1,5.0,100.0,0,0,0,0,0,0,0,0,0,0,0,0,0,0,0,0,0,0,0,0,0,0,0,0,0,0,0,0,0,0,0,0,10,2022,10
joethomas_chi_2022_10,chi_2022_10,joethomas_chi_2022,chi_2022,joethomas,9272,lb,chi,1,0,16.0,100.0,0,0,0,0,0,0,0,0,0,0,0,0,0,0,0,0,0,0,0,0,0,0,0,0,0,0,0,0,0,0,0,0,10,2022,10
marcuspeters_bal_2022_10,bal_2022_10,marcuspeters_bal_2022,bal_2022,marcuspeters,9451,cb,bal,1,0,13.0,60.0,0,0,0,0,0,0,0,0,0,0,0,0,0,0,0,0,0,0,0,0,0,0,0,0,0,0,0,0,0,0,0,0,10,2022,10
shaqthompson_car_2022_10,car_2022_10,shaqthompson_car_2022,car_2022,shaqthompson,9458,lb,car,1,0,3.0,66.7,0,0,0,0,0,0,0,0,0,0,0,0,0,0,0,0,0,0,0,0,0,0,0,0,0,0,0,0,0,0,0,0,10,2022,10
erickendricks_min_2022_10,min_2022_10,erickendricks_min_2022,min_2022,erickendricks,9478,lb,min,1,0,5.2,83.3,0,0,0,0,0,0,0,0,0,0,0,0,0,0,0,0,0,0,0,0,0,0,0,0,0,0,0,0,0,0,0,0,10,2022,10
ericrowe_mia_2022_10,mia_2022_10,ericrowe_mia_2022,mia_2022,ericrowe,9480,s,mia,1,1,1.2,83.3,0,0,0,0,0,0,0,0,0,0,0,0,0,0,0,0,0,0,0,0,0,0,0,0,0,0,0,0,0,0,0,0,10,2022,10
denzelperryman_lv_2022_10,lv_2022_10,denzelperryman_lv_2022,lv_2022,denzelperryman,9481,lb,lv,1,0,-2.0,100.0,0,0,0,0,0,0,0,0,0,0,0,0,0,0,0,0,0,0,0,0,0,0,0,0,0,0,0,0,0,0,0,0,10,2022,10
pjwilliams_no_2022_10,no_2022_10,pjwilliams_no_2022,no_2022,pjwilliams,9511,s,no,1,0,5.5,50.0,0,0,0,0,0,0,0,0,0,0,0,0,0,0,0,0,0,0,0,0,0,0,0,0,0,0,0,0,0,0,0,0,10,2022,10
jordanhicks_min_2022_10,min_2022_10,jordanhicks_min_2022,min_2022,jordanhicks,9517,lb,min,1,1,5.7,66.7,0,0,0,0,0,0,0,0,0,0,0,0,0,0,0,0,0,0,0,0,0,0,0,0,0,0,0,0,0,0,0,0,10,2022,10
stevennelson_hou_2022_10,hou_2022_10,stevennelson_hou_2022,hou_2022,stevennelson,9531,cb,hou,1,0,10.8,80.0,0,0,0,0,0,0,0,0,0,0,0,0,0,0,0,0,0,0,0,0,0,0,0,0,0,0,0,0,0,0,0,0,10,2022,10
kwonalexander_nyj_2022_10,nyj_2022_10,kwonalexander_nyj_2022,nyj_2022,kwonalexander,9557,lb,nyj,1,0,,,0,0,0,0,0,0,0,0,0,0,0,0,0,0,0,0,0,0,0,0,0,0,0,0,0,0,0,0,0,0,0,0,10,2022,10
damienwilson_car_2022_10,car_2022_10,damienwilson_car_2022,car_2022,damienwilson,9560,lb,car,1,0,3.0,100.0,0,0,0,0,0,0,0,0,0,0,0,0,0,0,0,0,0,0,0,0,0,0,0,0,0,0,0,0,0,0,0,0,10,2022,10
adrianamos_gb_2022_10,gb_2022_10,adrianamos_gb_2022,gb_2022,adrianamos,9575,s,gb,1,0,1.0,100.0,0,0,0,0,0,0,0,0,0,0,0,0,0,0,0,0,0,0,0,0,0,0,0,0,0,0,0,0,0,0,0,0,10,2022,10
bobbymccain_was_2022_10,was_2022_10,bobbymccain_was_2022,was_2022,bobbymccain,9578,s,was,1,0,5.3,100.0,0,0,0,0,0,0,0,0,0,0,0,0,0,0,0,0,0,0,0,0,0,0,0,0,0,0,0,0,0,0,0,0,10,2022,10
quandrediggs_sea_2022_10,sea_2022_10,quandrediggs_sea_2022,sea_2022,quandrediggs,9633,s,sea,1,1,,,0,0,0,0,0,0,0,0,0,0,0,0,0,0,0,0,0,0,0,0,0,0,0,0,0,0,0,0,0,0,0,0,10,2022,10
troyhill_lar_2022_10,lar_2022_10,troyhill_lar_2022,lar_2022,troyhill,9881,cb,lar,1,0,2.6,50.0,0,0,0,0,0,0,0,0,0,0,0,0,0,0,0,0,0,0,0,0,0,0,0,0,0,0,0,0,0,0,0,0,10,2022,10
brycecallahan_lac_2022_10,lac_2022_10,brycecallahan_lac_2022,lac_2022,brycecallahan,10000,cb,lac,1,0,,,0,0,0,0,0,0,0,0,0,0,0,0,0,0,0,0,0,0,0,0,0,0,0,0,0,0,0,0,0,0,0,0,10,2022,10
jalenramsey_lar_2022_10,lar_2022_10,jalenramsey_lar_2022,lar_2022,jalenramsey,10639,cb,lar,1,1,8.3,76.9,0,0,0,0,0,0,0,0,0,0,0,0,0,0,0,0,0,0,0,0,0,0,0,0,0,0,0,0,0,0,0,0,10,2022,10
eliapple_cin_2022_10,cin_2022_10,eliapple_cin_2022,cin_2022,eliapple,10644,cb,cin,1,2,11.5,33.3,0,0,0,0,0,0,0,0,0,0,0,0,0,0,0,0,0,0,0,0,0,0,0,0,0,0,0,0,0,0,0,0,10,2022,10
keanuneal_tb_2022_10,tb_2022_10,keanuneal_tb_2022,tb_2022,keanuneal,10651,s,tb,1,0,26.3,66.7,0,0,0,0,0,0,0,0,0,0,0,0,0,0,0,0,0,0,0,0,0,0,0,0,0,0,0,0,0,0,0,0,10,2022,10
xavienhoward_mia_2022_10,mia_2022_10,xavienhoward_mia_2022,mia_2022,xavienhoward,10672,cb,mia,1,0,15.8,50.0,0,0,0,0,0,0,0,0,0,0,0,0,0,0,0,0,0,0,0,0,0,0,0,0,0,0,0,0,0,0,0,0,10,2022,10
vonnbell_cin_2022_10,cin_2022_10,vonnbell_cin_2022,cin_2022,vonnbell,10695,s,cin,1,0,5.5,50.0,0,0,0,0,0,0,0,0,0,0,0,0,0,0,0,0,0,0,0,0,0,0,0,0,0,0,0,0,0,0,0,0,10,2022,10
jamesbradberry_phi_2022_10,phi_2022_10,jamesbradberry_phi_2022,phi_2022,jamesbradberry,10696,cb,phi,1,0,18.2,60.0,0,0,0,0,0,0,0,0,0,0,0,0,0,0,0,0,0,0,0,0,0,0,0,0,0,0,0,0,0,0,0,0,10,2022,10
kevinbyard_ten_2022_10,ten_2022_10,kevinbyard_ten_2022,ten_2022,kevinbyard,10698,s,ten,1,2,7.8,60.0,0,0,0,0,0,0,0,0,0,0,0,0,0,0,0,0,0,0,0,0,0,0,0,0,0,0,0,0,0,0,0,0,10,2022,10
kendallfuller_was_2022_10,was_2022_10,kendallfuller_was_2022,was_2022,kendallfuller,10718,cb,was,1,0,12.2,33.3,0,0,0,0,0,0,0,0,0,0,0,0,0,0,0,0,0,0,0,0,0,0,0,0,0,0,0,0,0,0,0,0,10,2022,10
ericmurray_hou_2022_10,hou_2022_10,ericmurray_hou_2022,hou_2022,ericmurray,10740,s,hou,1,0,,,0,0,0,0,0,0,0,0,0,0,0,0,0,0,0,0,0,0,0,0,0,0,0,0,0,0,0,0,0,0,0,0,10,2022,10
blakemartinez_lv_2022_10,lv_2022_10,blakemartinez_lv_2022,lv_2022,blakemartinez,10765,lb,lv,1,0,9.2,100.0,0,0,0,0,0,0,0,0,0,0,0,0,0,0,0,0,0,0,0,0,0,0,0,0,0,0,0,0,0,0,0,0,10,2022,10
deandrehoustoncarson_chi_2022_10,chi_2022_10,deandrehoustoncarson_chi_2022,chi_2022,deandrehoustoncarson,10819,s,chi,1,0,7.0,0.0,0,0,0,0,0,0,0,0,0,0,0,0,0,0,0,0,0,0,0,0,0,0,0,0,0,0,0,0,0,0,0,0,10,2022,10
elandonroberts_mia_2022_10,mia_2022_10,elandonroberts_mia_2022,mia_2022,elandonroberts,10848,lb,mia,1,0,21.0,50.0,0,0,0,0,0,0,0,0,0,0,0,0,0,0,0,0,0,0,0,0,0,0,0,0,0,0,0,0,0,0,0,0,10,2022,10
willparks_nyj_2022_10,nyj_2022_10,willparks_nyj_2022,nyj_2022,willparks,10853,s,nyj,1,0,0.0,100.0,0,0,0,0,0,0,0,0,0,0,0,0,0,0,0,0,0,0,0,0,0,0,0,0,0,0,0,0,0,0,0,0,10,2022,10
jalenmills_ne_2022_10,ne_2022_10,jalenmills_ne_2022,ne_2022,jalenmills,10867,cb,ne,1,0,11.8,0.0,0,0,0,0,0,0,0,0,0,0,0,0,0,0,0,0,0,0,0,0,0,0,0,0,0,0,0,0,0,0,0,0,10,2022,10
corylittleton_car_2022_10,car_2022_10,corylittleton_car_2022,car_2022,corylittleton,11190,lb,car,1,0,5.0,100.0,0,0,0,0,0,0,0,0,0,0,0,0,0,0,0,0,0,0,0,0,0,0,0,0,0,0,0,0,0,0,0,0,10,2022,10
jonathanjones_ne_2022_10,ne_2022_10,jonathanjones_ne_2022,ne_2022,jonathanjones,11217,cb,ne,1,0,12.5,50.0,0,0,0,0,0,0,0,0,0,0,0,0,0,0,0,0,0,0,0,0,0,0,0,0,0,0,0,0,0,0,0,0,10,2022,10
andrewadams_ten_2022_10,ten_2022_10,andrewadams_ten_2022,ten_2022,andrewadams,11240,s,ten,1,0,14.0,75.0,0,0,0,0,0,0,0,0,0,0,0,0,0,0,0,0,0,0,0,0,0,0,0,0,0,0,0,0,0,0,0,0,10,2022,10
antoniohamilton_ari_2022_10,ari_2022_10,antoniohamilton_ari_2022,ari_2022,antoniohamilton,11353,cb,ari,1,1,13.0,100.0,0,0,0,0,0,0,0,0,0,0,0,0,0,0,0,0,0,0,0,0,0,0,0,0,0,0,0,0,0,0,0,0,10,2022,10
marlonhumphrey_bal_2022_10,bal_2022_10,marlonhumphrey_bal_2022,bal_2022,marlonhumphrey,11771,cb,bal,1,0,13.6,60.0,0,0,0,0,0,0,0,0,0,0,0,0,0,0,0,0,0,0,0,0,0,0,0,0,0,0,0,0,0,0,0,0,10,2022,10
jabrillpeppers_ne_2022_10,ne_2022_10,jabrillpeppers_ne_2022,ne_2022,jabrillpeppers,11780,s,ne,1,1,1.0,100.0,0,0,0,0,0,0,0,0,0,0,0,0,0,0,0,0,0,0,0,0,0,0,0,0,0,0,0,0,0,0,0,0,10,2022,10
buddabaker_ari_2022_10,ari_2022_10,buddabaker_ari_2022,ari_2022,buddabaker,11791,s,ari,1,3,5.7,100.0,0,0,0,0,0,0,0,0,0,0,0,0,0,0,0,0,0,0,0,0,0,0,0,0,0,0,0,0,0,0,0,0,10,2022,10
marcusmaye_no_2022_10,no_2022_10,marcusmaye_no_2022,no_2022,marcusmaye,11794,s,no,1,1,11.7,33.3,0,0,0,0,0,0,0,0,0,0,0,0,0,0,0,0,0,0,0,0,0,0,0,0,0,0,0,0,0,0,0,0,10,2022,10
raekwonmcmillan_ne_2022_10,ne_2022_10,raekwonmcmillan_ne_2022,ne_2022,raekwonmcmillan,11809,lb,ne,1,0,2.0,100.0,0,0,0,0,0,0,0,0,0,0,0,0,0,0,0,0,0,0,0,0,0,0,0,0,0,0,0,0,0,0,0,0,10,2022,10
joshjones_sea_2022_10,sea_2022_10,joshjones_sea_2022,sea_2022,joshjones,11816,s,sea,1,0,,,0,0,0,0,0,0,0,0,0,0,0,0,0,0,0,0,0,0,0,0,0,0,0,0,0,0,0,0,0,0,0,0,10,2022,10
dukeriley_mia_2022_10,mia_2022_10,dukeriley_mia_2022,mia_2022,dukeriley,11830,lb,mia,1,0,,,0,0,0,0,0,0,0,0,0,0,0,0,0,0,0,0,0,0,0,0,0,0,0,0,0,0,0,0,0,0,0,0,10,2022,10
alexanzalone_det_2022_10,det_2022_10,alexanzalone_det_2022,det_2022,alexanzalone,11831,lb,det,1,1,-1.0,100.0,0,0,0,0,0,0,0,0,0,0,0,0,0,0,0,0,0,0,0,0,0,0,0,0,0,0,0,0,0,0,0,0,10,2022,10
rasuldouglas_gb_2022_10,gb_2022_10,rasuldouglas_gb_2022,gb_2022,rasuldouglas,11854,cb,gb,1,1,5.0,0.0,0,0,0,0,0,0,0,0,0,0,0,0,0,0,0,0,0,0,0,0,0,0,0,0,0,0,0,0,0,0,0,0,10,2022,10
eddiejackson_chi_2022_10,chi_2022_10,eddiejackson_chi_2022,chi_2022,eddiejackson,11867,s,chi,1,1,18.0,100.0,0,0,0,0,0,0,0,0,0,0,0,0,0,0,0,0,0,0,0,0,0,0,0,0,0,0,0,0,0,0,0,0,10,2022,10
rayshawnjenkins_jax_2022_10,jax_2022_10,rayshawnjenkins_jax_2022,jax_2022,rayshawnjenkins,11868,s,jax,1,0,,,0,0,0,0,0,0,0,0,0,0,0,0,0,0,0,0,0,0,0,0,0,0,0,0,0,0,0,0,0,0,0,0,10,2022,10
jalenreevesmaybin_hou_2022_10,hou_2022_10,jalenreevesmaybin_hou_2022,hou_2022,jalenreevesmaybin,11879,lb,hou,1,0,,,0,0,0,0,0,0,0,0,0,0,0,0,0,0,0,0,0,0,0,0,0,0,0,0,0,0,0,0,0,0,0,0,10,2022,10
desmondkingii_hou_2022_10,hou_2022_10,desmondkingii_hou_2022,hou_2022,desmondkingii,11906,cb,hou,1,0,16.0,100.0,0,0,0,0,0,0,0,0,0,0,0,0,0,0,0,0,0,0,0,0,0,0,0,0,0,0,0,0,0,0,0,0,10,2022,10
chuckclark_bal_2022_10,bal_2022_10,chuckclark_bal_2022,bal_2022,chuckclark,11941,s,bal,1,0,0.0,100.0,0,0,0,0,0,0,0,0,0,0,0,0,0,0,0,0,0,0,0,0,0,0,0,0,0,0,0,0,0,0,0,0,10,2022,10
xavierwoods_car_2022_10,car_2022_10,xavierwoods_car_2022,car_2022,xavierwoods,11946,s,car,1,1,17.5,50.0,0,0,0,0,0,0,0,0,0,0,0,0,0,0,0,0,0,0,0,0,0,0,0,0,0,0,0,0,0,0,0,0,10,2022,10
tannervallejo_ari_2022_10,ari_2022_10,tannervallejo_ari_2022,ari_2022,tannervallejo,11950,lb,ari,1,1,-3.0,100.0,0,0,0,0,0,0,0,0,0,0,0,0,0,0,0,0,0,0,0,0,0,0,0,0,0,0,0,0,0,0,0,0,10,2022,10
rudyford_gb_2022_10,gb_2022_10,rudyford_gb_2022,gb_2022,rudyford,11963,s,gb,1,0,,,0,0,0,0,0,0,0,0,0,0,0,0,0,0,0,0,0,0,0,0,0,0,0,0,0,0,0,0,0,0,0,0,10,2022,10
michaeldavis_lac_2022_10,lac_2022_10,michaeldavis_lac_2022,lac_2022,michaeldavis,12040,cb,lac,1,0,14.6,33.3,0,0,0,0,0,0,0,0,0,0,0,0,0,0,0,0,0,0,0,0,0,0,0,0,0,0,0,0,0,0,0,0,10,2022,10
dylancole_ten_2022_10,ten_2022_10,dylancole_ten_2022,ten_2022,dylancole,24304,lb,ten,1,1,5.0,80.0,0,0,0,0,0,0,0,0,0,0,0,0,0,0,0,0,0,0,0,0,0,0,0,0,0,0,0,0,0,0,0,0,10,2022,10
foyesadeoluokun_jax_2022_10,jax_2022_10,foyesadeoluokun_jax_2022,jax_2022,foyesadeoluokun,24904,lb,jax,1,2,-0.9,100.0,0,0,0,0,0,0,0,0,0,0,0,0,0,0,0,0,0,0,0,0,0,0,0,0,0,0,0,0,0,0,0,0,10,2022,10
seanmurphybunting_tb_2022_10,tb_2022_10,seanmurphybunting_tb_2022,tb_2022,seanmurphybunting,25891,cb,tb,1,1,-1.6,60.0,0,0,0,0,0,0,0,0,0,0,0,0,0,0,0,0,0,0,0,0,0,0,0,0,0,0,0,0,0,0,0,0,10,2022,10
cjmoore_det_2022_10,det_2022_10,cjmoore_det_2022,det_2022,cjmoore,26617,s,det,1,0,18.0,0.0,0,0,0,0,0,0,0,0,0,0,0,0,0,0,0,0,0,0,0,0,0,0,0,0,0,0,0,0,0,0,0,0,10,2022,10
djreedjr_nyj_2022_10,nyj_2022_10,djreedjr_nyj_2022,nyj_2022,djreedjr,26940,cb,nyj,1,0,17.5,50.0,0,0,0,0,0,0,0,0,0,0,0,0,0,0,0,0,0,0,0,0,0,0,0,0,0,0,0,0,0,0,0,0,10,2022,10
isaiahrodgers_ind_2022_10,ind_2022_10,isaiahrodgers_ind_2022,ind_2022,isaiahrodgers,27069,cb,ind,1,0,-1.0,100.0,0,0,0,0,0,0,0,0,0,0,0,0,0,0,0,0,0,0,0,0,0,0,0,0,0,0,0,0,0,0,0,0,10,2022,10
siranneal_buf_2022_10,buf_2022_10,siranneal_buf_2022,buf_2022,siranneal,27130,cb,buf,1,0,15.0,100.0,0,0,0,0,0,0,0,0,0,0,0,0,0,0,0,0,0,0,0,0,0,0,0,0,0,0,0,0,0,0,0,0,10,2022,10
davidlongjr_lar_2022_10,lar_2022_10,davidlongjr_lar_2022,lar_2022,davidlongjr,27377,cb,lar,1,0,9.3,75.0,0,0,0,0,0,0,0,0,0,0,0,0,0,0,0,0,0,0,0,0,0,0,0,0,0,0,0,0,0,0,0,0,10,2022,10
malikharrison_bal_2022_10,bal_2022_10,malikharrison_bal_2022,bal_2022,malikharrison,28081,lb,bal,1,0,2.0,100.0,0,0,0,0,0,0,0,0,0,0,0,0,0,0,0,0,0,0,0,0,0,0,0,0,0,0,0,0,0,0,0,0,10,2022,10
jeromebaker_mia_2022_10,mia_2022_10,jeromebaker_mia_2022,mia_2022,jeromebaker,28091,lb,mia,1,0,,,0,0,0,0,0,0,0,0,0,0,0,0,0,0,0,0,0,0,0,0,0,0,0,0,0,0,0,0,0,0,0,0,10,2022,10
deshonelliott_det_2022_10,det_2022_10,deshonelliott_det_2022,det_2022,deshonelliott,28854,s,det,1,0,8.8,75.0,0,0,0,0,0,0,0,0,0,0,0,0,0,0,0,0,0,0,0,0,0,0,0,0,0,0,0,0,0,0,0,0,10,2022,10
jackjones_ne_2022_10,ne_2022_10,jackjones_ne_2022,ne_2022,jackjones,29050,cb,ne,1,1,1.5,50.0,0,0,0,0,0,0,0,0,0,0,0,0,0,0,0,0,0,0,0,0,0,0,0,0,0,0,0,0,0,0,0,0,10,2022,10
davidlong_ten_2022_10,ten_2022_10,davidlong_ten_2022,ten_2022,davidlong,29367,lb,ten,1,1,4.9,81.8,0,0,0,0,0,0,0,0,0,0,0,0,0,0,0,0,0,0,0,0,0,0,0,0,0,0,0,0,0,0,0,0,10,2022,10
germainepratt_cin_2022_10,cin_2022_10,germainepratt_cin_2022,cin_2022,germainepratt,29407,lb,cin,1,0,8.5,50.0,0,0,0,0,0,0,0,0,0,0,0,0,0,0,0,0,0,0,0,0,0,0,0,0,0,0,0,0,0,0,0,0,10,2022,10
chrisboard_det_2022_10,det_2022_10,chrisboard_det_2022,det_2022,chrisboard,29456,lb,det,1,0,-1.0,100.0,0,0,0,0,0,0,0,0,0,0,0,0,0,0,0,0,0,0,0,0,0,0,0,0,0,0,0,0,0,0,0,0,10,2022,10
loganwilson_cin_2022_10,cin_2022_10,loganwilson_cin_2022,cin_2022,loganwilson,29623,lb,cin,1,0,-3.0,100.0,0,0,0,0,0,0,0,0,0,0,0,0,0,0,0,0,0,0,0,0,0,0,0,0,0,0,0,0,0,0,0,0,10,2022,10
tjedwards_phi_2022_10,phi_2022_10,tjedwards_phi_2022,phi_2022,tjedwards,30737,lb,phi,1,0,-0.5,50.0,0,0,0,0,0,0,0,0,0,0,0,0,0,0,0,0,0,0,0,0,0,0,0,0,0,0,0,0,0,0,0,0,10,2022,10
deedelaney_tb_2022_10,tb_2022_10,deedelaney_tb_2022,tb_2022,deedelaney,31078,s,tb,1,0,,,0,0,0,0,0,0,0,0,0,0,0,0,0,0,0,0,0,0,0,0,0,0,0,0,0,0,0,0,0,0,0,0,10,2022,10
danejackson_buf_2022_10,buf_2022_10,danejackson_buf_2022,buf_2022,danejackson,32989,cb,buf,1,0,9.3,100.0,0,0,0,0,0,0,0,0,0,0,0,0,0,0,0,0,0,0,0,0,0,0,0,0,0,0,0,0,0,0,0,0,10,2022,10
nasiradderley_lac_2022_10,lac_2022_10,nasiradderley_lac_2022,lac_2022,nasiradderley,33880,s,lac,1,0,28.3,33.3,0,0,0,0,0,0,0,0,0,0,0,0,0,0,0,0,0,0,0,0,0,0,0,0,0,0,0,0,0,0,0,0,10,2022,10
mikehughes_det_2022_10,det_2022_10,mikehughes_det_2022,det_2022,mikehughes,34057,cb,det,1,1,8.3,33.3,0,0,0,0,0,0,0,0,0,0,0,0,0,0,0,0,0,0,0,0,0,0,0,0,0,0,0,0,0,0,0,0,10,2022,10
darnellsavage_gb_2022_10,gb_2022_10,darnellsavage_gb_2022,gb_2022,darnellsavage,34247,s,gb,1,0,9.0,50.0,0,0,0,0,0,0,0,0,0,0,0,0,0,0,0,0,0,0,0,0,0,0,0,0,0,0,0,0,0,0,0,0,10,2022,10
zackbaun_no_2022_10,no_2022_10,zackbaun_no_2022,no_2022,zackbaun,34632,lb,no,1,0,,,0,0,0,0,0,0,0,0,0,0,0,0,0,0,0,0,0,0,0,0,0,0,0,0,0,0,0,0,0,0,0,0,10,2022,10
johnathanabram_lv_2022_10,lv_2022_10,johnathanabram_lv_2022,lv_2022,johnathanabram,34646,s,lv,1,0,5.0,100.0,0,0,0,0,0,0,0,0,0,0,0,0,0,0,0,0,0,0,0,0,0,0,0,0,0,0,0,0,0,0,0,0,10,2022,10
akeemdavisgaither_cin_2022_10,cin_2022_10,akeemdavisgaither_cin_2022,cin_2022,akeemdavisgaither,34788,lb,cin,1,0,0.0,80.0,0,0,0,0,0,0,0,0,0,0,0,0,0,0,0,0,0,0,0,0,0,0,0,0,0,0,0,0,0,0,0,0,10,2022,10
jameldean_tb_2022_10,tb_2022_10,jameldean_tb_2022,tb_2022,jameldean,34918,cb,tb,1,0,27.0,50.0,0,0,0,0,0,0,0,0,0,0,0,0,0,0,0,0,0,0,0,0,0,0,0,0,0,0,0,0,0,0,0,0,10,2022,10
taehayes_car_2022_10,car_2022_10,taehayes_car_2022,car_2022,taehayes,35173,cb,car,1,0,,,0,0,0,0,0,0,0,0,0,0,0,0,0,0,0,0,0,0,0,0,0,0,0,0,0,0,0,0,0,0,0,0,10,2022,10
camrynbynum_min_2022_10,min_2022_10,camrynbynum_min_2022,min_2022,camrynbynum,38408,s,min,1,0,12.0,0.0,0,0,0,0,0,0,0,0,0,0,0,0,0,0,0,0,0,0,0,0,0,0,0,0,0,0,0,0,0,0,0,0,10,2022,10
ljariussneed_kc_2022_10,kc_2022_10,ljariussneed_kc_2022,kc_2022,ljariussneed,40588,cb,kc,1,0,14.2,20.0,0,0,0,0,0,0,0,0,0,0,0,0,0,0,0,0,0,0,0,0,0,0,0,0,0,0,0,0,0,0,0,0,10,2022,10
alohigilman_lac_2022_10,lac_2022_10,alohigilman_lac_2022,lac_2022,alohigilman,41662,s,lac,1,0,,,0,0,0,0,0,0,0,0,0,0,0,0,0,0,0,0,0,0,0,0,0,0,0,0,0,0,0,0,0,0,0,0,10,2022,10
trayvonmullen_ari_2022_10,ari_2022_10,trayvonmullen_ari_2022,ari_2022,trayvonmullen,41968,cb,ari,1,0,,,0,0,0,0,0,0,0,0,0,0,0,0,0,0,0,0,0,0,0,0,0,0,0,0,0,0,0,0,0,0,0,0,10,2022,10
isaiahsimmons_ari_2022_10,ari_2022_10,isaiahsimmons_ari_2022,ari_2022,isaiahsimmons,42451,lb,ari,1,0,-0.3,100.0,0,0,0,0,0,0,0,0,0,0,0,0,0,0,0,0,0,0,0,0,0,0,0,0,0,0,0,0,0,0,0,0,10,2022,10
kvonwallace_phi_2022_10,phi_2022_10,kvonwallace_phi_2022,phi_2022,kvonwallace,42467,s,phi,1,1,7.0,100.0,0,0,0,0,0,0,0,0,0,0,0,0,0,0,0,0,0,0,0,0,0,0,0,0,0,0,0,0,0,0,0,0,10,2022,10
kristianfulton_ten_2022_10,ten_2022_10,kristianfulton_ten_2022,ten_2022,kristianfulton,42894,cb,ten,1,0,12.3,44.4,0,0,0,0,0,0,0,0,0,0,0,0,0,0,0,0,0,0,0,0,0,0,0,0,0,0,0,0,0,0,0,0,10,2022,10
devinwhite_tb_2022_10,tb_2022_10,devinwhite_tb_2022,tb_2022,devinwhite,43089,lb,tb,1,0,12.0,0.0,0,0,0,0,0,0,0,0,0,0,0,0,0,0,0,0,0,0,0,0,0,0,0,0,0,0,0,0,0,0,0,0,10,2022,10
mackwilson_ne_2022_10,ne_2022_10,mackwilson_ne_2022,ne_2022,mackwilson,43190,lb,ne,1,1,0.0,100.0,0,0,0,0,0,0,0,0,0,0,0,0,0,0,0,0,0,0,0,0,0,0,0,0,0,0,0,0,0,0,0,0,10,2022,10
richiegrant_atl_2022_10,atl_2022_10,richiegrant_atl_2022,atl_2022,richiegrant,43196,s,atl,1,0,8.2,60.0,0,0,0,0,0,0,0,0,0,0,0,0,0,0,0,0,0,0,0,0,0,0,0,0,0,0,0,0,0,0,0,0,10,2022,10
joebachie_cin_2022_10,cin_2022_10,joebachie_cin_2022,cin_2022,joebachie,43250,lb,cin,1,0,,,0,0,0,0,0,0,0,0,0,0,0,0,0,0,0,0,0,0,0,0,0,0,0,0,0,0,0,0,0,0,0,0,10,2022,10
damarhamlin_buf_2022_10,buf_2022_10,damarhamlin_buf_2022,buf_2022,damarhamlin,43291,s,buf,1,0,4.5,50.0,0,0,0,0,0,0,0,0,0,0,0,0,0,0,0,0,0,0,0,0,0,0,0,0,0,0,0,0,0,0,0,0,10,2022,10
mylesbryant_ne_2022_10,ne_2022_10,mylesbryant_ne_2022,ne_2022,mylesbryant,43336,cb,ne,1,0,18.5,50.0,0,0,0,0,0,0,0,0,0,0,0,0,0,0,0,0,0,0,0,0,0,0,0,0,0,0,0,0,0,0,0,0,10,2022,10
joshmetellus_min_2022_10,min_2022_10,joshmetellus_min_2022,min_2022,joshmetellus,43395,s,min,1,0,,,0,0,0,0,0,0,0,0,0,0,0,0,0,0,0,0,0,0,0,0,0,0,0,0,0,0,0,0,0,0,0,0,10,2022,10
jakehansen_hou_2022_10,hou_2022_10,jakehansen_hou_2022,hou_2022,jakehansen,43645,lb,hou,1,0,6.0,100.0,0,0,0,0,0,0,0,0,0,0,0,0,0,0,0,0,0,0,0,0,0,0,0,0,0,0,0,0,0,0,0,0,10,2022,10
byronmurphyjr_ari_2022_10,ari_2022_10,byronmurphyjr_ari_2022,ari_2022,byronmurphyjr,44027,cb,ari,1,0,7.2,66.7,0,0,0,0,0,0,0,0,0,0,0,0,0,0,0,0,0,0,0,0,0,0,0,0,0,0,0,0,0,0,0,0,10,2022,10
kyzirwhite_phi_2022_10,phi_2022_10,kyzirwhite_phi_2022,phi_2022,kyzirwhite,44485,lb,phi,1,1,5.7,66.7,0,0,0,0,0,0,0,0,0,0,0,0,0,0,0,0,0,0,0,0,0,0,0,0,0,0,0,0,0,0,0,0,10,2022,10
lukemasterson_lv_2022_10,lv_2022_10,lukemasterson_lv_2022,lv_2022,lukemasterson,45046,lb,lv,1,0,,,0,0,0,0,0,0,0,0,0,0,0,0,0,0,0,0,0,0,0,0,0,0,0,0,0,0,0,0,0,0,0,0,10,2022,10
brandonstephens_bal_2022_10,bal_2022_10,brandonstephens_bal_2022,bal_2022,brandonstephens,45644,cb,bal,1,0,7.5,100.0,0,0,0,0,0,0,0,0,0,0,0,0,0,0,0,0,0,0,0,0,0,0,0,0,0,0,0,0,0,0,0,0,10,2022,10
nickscott_lar_2022_10,lar_2022_10,nickscott_lar_2022,lar_2022,nickscott,49012,s,lar,1,3,0.6,80.0,0,0,0,0,0,0,0,0,0,0,0,0,0,0,0,0,0,0,0,0,0,0,0,0,0,0,0,0,0,0,0,0,10,2022,10
justinreid_kc_2022_10,kc_2022_10,justinreid_kc_2022,kc_2022,justinreid,49048,s,kc,1,0,3.0,0.0,0,0,0,0,0,0,0,0,0,0,0,0,0,0,0,0,0,0,0,0,0,0,0,0,0,0,0,0,0,0,0,0,10,2022,10
jalenthompson_ari_2022_10,ari_2022_10,jalenthompson_ari_2022,ari_2022,jalenthompson,49116,s,ari,1,0,9.3,66.7,0,0,0,0,0,0,0,0,0,0,0,0,0,0,0,0,0,0,0,0,0,0,0,0,0,0,0,0,0,0,0,0,10,2022,10
ryanneal_sea_2022_10,sea_2022_10,ryanneal_sea_2022,sea_2022,ryanneal,49132,s,sea,1,0,18.0,0.0,0,0,0,0,0,0,0,0,0,0,0,0,0,0,0,0,0,0,0,0,0,0,0,0,0,0,0,0,0,0,0,0,10,2022,10
myleshartsfield_car_2022_10,car_2022_10,myleshartsfield_car_2022,car_2022,myleshartsfield,49159,s,car,1,0,7.5,100.0,0,0,0,0,0,0,0,0,0,0,0,0,0,0,0,0,0,0,0,0,0,0,0,0,0,0,0,0,0,0,0,0,10,2022,10
jessiebatesiii_cin_2022_10,cin_2022_10,jessiebatesiii_cin_2022,cin_2022,jessiebatesiii,49162,s,cin,1,1,0.0,0.0,0,0,0,0,0,0,0,0,0,0,0,0,0,0,0,0,0,0,0,0,0,0,0,0,0,0,0,0,0,0,0,0,10,2022,10
ezekielturner_ari_2022_10,ari_2022_10,ezekielturner_ari_2022,ari_2022,ezekielturner,49167,lb,ari,1,1,-1.0,100.0,0,0,0,0,0,0,0,0,0,0,0,0,0,0,0,0,0,0,0,0,0,0,0,0,0,0,0,0,0,0,0,0,10,2022,10
elijahcampbell_mia_2022_10,mia_2022_10,elijahcampbell_mia_2022,mia_2022,elijahcampbell,49190,s,mia,1,1,-0.7,66.7,0,0,0,0,0,0,0,0,0,0,0,0,0,0,0,0,0,0,0,0,0,0,0,0,0,0,0,0,0,0,0,0,10,2022,10
jordanwhitehead_nyj_2022_10,nyj_2022_10,jordanwhitehead_nyj_2022,nyj_2022,jordanwhitehead,49196,s,nyj,1,0,10.0,50.0,0,0,0,0,0,0,0,0,0,0,0,0,0,0,0,0,0,0,0,0,0,0,0,0,0,0,0,0,0,0,0,0,10,2022,10
andrewwingard_jax_2022_10,jax_2022_10,andrewwingard_jax_2022,jax_2022,andrewwingard,49268,s,jax,1,0,5.7,33.3,0,0,0,0,0,0,0,0,0,0,0,0,0,0,0,0,0,0,0,0,0,0,0,0,0,0,0,0,0,0,0,0,10,2022,10
carltondavis_tb_2022_10,tb_2022_10,carltondavis_tb_2022,tb_2022,carltondavis,49335,cb,tb,1,1,4.3,62.5,0,0,0,0,0,0,0,0,0,0,0,0,0,0,0,0,0,0,0,0,0,0,0,0,0,0,0,0,0,0,0,0,10,2022,10
chandonsullivan_min_2022_10,min_2022_10,chandonsullivan_min_2022,min_2022,chandonsullivan,49349,cb,min,1,0,2.3,66.7,0,0,0,0,0,0,0,0,0,0,0,0,0,0,0,0,0,0,0,0,0,0,0,0,0,0,0,0,0,0,0,0,10,2022,10
jairealexander_gb_2022_10,gb_2022_10,jairealexander_gb_2022,gb_2022,jairealexander,49350,cb,gb,1,0,7.7,66.7,0,0,0,0,0,0,0,0,0,0,0,0,0,0,0,0,0,0,0,0,0,0,0,0,0,0,0,0,0,0,0,0,10,2022,10
chaunceygardnerjohnson_phi_2022_10,phi_2022_10,chaunceygardnerjohnson_phi_2022,phi_2022,chaunceygardnerjohnson,49371,s,phi,1,0,9.5,50.0,0,0,0,0,0,0,0,0,0,0,0,0,0,0,0,0,0,0,0,0,0,0,0,0,0,0,0,0,0,0,0,0,10,2022,10
jaylonjones_chi_2022_10,chi_2022_10,jaylonjones_chi_2022,chi_2022,jaylonjones,49374,cb,chi,1,1,-3.0,100.0,0,0,0,0,0,0,0,0,0,0,0,0,0,0,0,0,0,0,0,0,0,0,0,0,0,0,0,0,0,0,0,0,10,2022,10
dannyjohnson_was_2022_10,was_2022_10,dannyjohnson_was_2022,was_2022,dannyjohnson,49379,cb,was,1,0,8.6,60.0,0,0,0,0,0,0,0,0,0,0,0,0,0,0,0,0,0,0,0,0,0,0,0,0,0,0,0,0,0,0,0,0,10,2022,10
mjstewart_hou_2022_10,hou_2022_10,mjstewart_hou_2022,hou_2022,mjstewart,49397,s,hou,1,0,-2.0,100.0,0,0,0,0,0,0,0,0,0,0,0,0,0,0,0,0,0,0,0,0,0,0,0,0,0,0,0,0,0,0,0,0,10,2022,10
julianblackmon_ind_2022_10,ind_2022_10,julianblackmon_ind_2022,ind_2022,julianblackmon,49434,s,ind,1,1,,,0,0,0,0,0,0,0,0,0,0,0,0,0,0,0,0,0,0,0,0,0,0,0,0,0,0,0,0,0,0,0,0,10,2022,10
keioncrossen_mia_2022_10,mia_2022_10,keioncrossen_mia_2022,mia_2022,keioncrossen,49454,cb,mia,1,0,19.0,50.0,0,0,0,0,0,0,0,0,0,0,0,0,0,0,0,0,0,0,0,0,0,0,0,0,0,0,0,0,0,0,0,0,10,2022,10
taronjohnson_buf_2022_10,buf_2022_10,taronjohnson_buf_2022,buf_2022,taronjohnson,49511,cb,buf,1,0,3.4,80.0,0,0,0,0,0,0,0,0,0,0,0,0,0,0,0,0,0,0,0,0,0,0,0,0,0,0,0,0,0,0,0,0,10,2022,10
rockyasin_lv_2022_10,lv_2022_10,rockyasin_lv_2022,lv_2022,rockyasin,49564,cb,lv,1,0,4.3,75.0,0,0,0,0,0,0,0,0,0,0,0,0,0,0,0,0,0,0,0,0,0,0,0,0,0,0,0,0,0,0,0,0,10,2022,10
markusbailey_cin_2022_10,cin_2022_10,markusbailey_cin_2022,cin_2022,markusbailey,49681,lb,cin,1,1,2.5,100.0,0,0,0,0,0,0,0,0,0,0,0,0,0,0,0,0,0,0,0,0,0,0,0,0,0,0,0,0,0,0,0,0,10,2022,10
quincywilliams_nyj_2022_10,nyj_2022_10,quincywilliams_nyj_2022,nyj_2022,quincywilliams,49779,lb,nyj,1,0,0.7,66.7,0,0,0,0,0,0,0,0,0,0,0,0,0,0,0,0,0,0,0,0,0,0,0,0,0,0,0,0,0,0,0,0,10,2022,10
zairefranklin_ind_2022_10,ind_2022_10,zairefranklin_ind_2022,ind_2022,zairefranklin,49834,lb,ind,1,0,3.5,75.0,0,0,0,0,0,0,0,0,0,0,0,0,0,0,0,0,0,0,0,0,0,0,0,0,0,0,0,0,0,0,0,0,10,2022,10
rashaanevans_atl_2022_10,atl_2022_10,rashaanevans_atl_2022,atl_2022,rashaanevans,50213,lb,atl,1,3,6.0,75.0,0,0,0,0,0,0,0,0,0,0,0,0,0,0,0,0,0,0,0,0,0,0,0,0,0,0,0,0,0,0,0,0,10,2022,10
cornellarmstrong_atl_2022_10,atl_2022_10,cornellarmstrong_atl_2022,atl_2022,cornellarmstrong,50351,cb,atl,1,1,8.1,90.0,0,0,0,0,0,0,0,0,0,0,0,0,0,0,0,0,0,0,0,0,0,0,0,0,0,0,0,0,0,0,0,0,10,2022,10
anthonyaverett_lv_2022_10,lv_2022_10,anthonyaverett_lv_2022,lv_2022,anthonyaverett,50365,cb,lv,1,0,11.2,80.0,0,0,0,0,0,0,0,0,0,0,0,0,0,0,0,0,0,0,0,0,0,0,0,0,0,0,0,0,0,0,0,0,10,2022,10
treherndon_jax_2022_10,jax_2022_10,treherndon_jax_2022,jax_2022,treherndon,50380,cb,jax,1,0,12.0,50.0,0,0,0,0,0,0,0,0,0,0,0,0,0,0,0,0,0,0,0,0,0,0,0,0,0,0,0,0,0,0,0,0,10,2022,10
isaiaholiver_atl_2022_10,atl_2022_10,isaiaholiver_atl_2022,atl_2022,isaiaholiver,50393,cb,atl,1,0,6.1,85.7,0,0,0,0,0,0,0,0,0,0,0,0,0,0,0,0,0,0,0,0,0,0,0,0,0,0,0,0,0,0,0,0,10,2022,10
juanthornhill_kc_2022_10,kc_2022_10,juanthornhill_kc_2022,kc_2022,juanthornhill,50426,s,kc,1,0,14.5,100.0,0,0,0,0,0,0,0,0,0,0,0,0,0,0,0,0,0,0,0,0,0,0,0,0,0,0,0,0,0,0,0,0,10,2022,10
jalendavis_cin_2022_10,cin_2022_10,jalendavis_cin_2022,cin_2022,jalendavis,50431,cb,cin,1,1,7.6,60.0,0,0,0,0,0,0,0,0,0,0,0,0,0,0,0,0,0,0,0,0,0,0,0,0,0,0,0,0,0,0,0,0,10,2022,10
michaeljackson_sea_2022_10,sea_2022_10,michaeljackson_sea_2022,sea_2022,michaeljackson,50437,cb,sea,1,1,6.7,66.7,0,0,0,0,0,0,0,0,0,0,0,0,0,0,0,0,0,0,0,0,0,0,0,0,0,0,0,0,0,0,0,0,10,2022,10
avontemaddox_phi_2022_10,phi_2022_10,avontemaddox_phi_2022,phi_2022,avontemaddox,50543,cb,phi,1,0,4.7,66.7,0,0,0,0,0,0,0,0,0,0,0,0,0,0,0,0,0,0,0,0,0,0,0,0,0,0,0,0,0,0,0,0,10,2022,10
brandonfacyson_ind_2022_10,ind_2022_10,brandonfacyson_ind_2022,ind_2022,brandonfacyson,50564,cb,ind,1,0,23.0,0.0,0,0,0,0,0,0,0,0,0,0,0,0,0,0,0,0,0,0,0,0,0,0,0,0,0,0,0,0,0,0,0,0,10,2022,10
codybarton_sea_2022_10,sea_2022_10,codybarton_sea_2022,sea_2022,codybarton,50727,lb,sea,1,0,0.8,100.0,0,0,0,0,0,0,0,0,0,0,0,0,0,0,0,0,0,0,0,0,0,0,0,0,0,0,0,0,0,0,0,0,10,2022,10
jordynbrooks_sea_2022_10,sea_2022_10,jordynbrooks_sea_2022,sea_2022,jordynbrooks,50851,lb,sea,1,1,12.5,50.0,0,0,0,0,0,0,0,0,0,0,0,0,0,0,0,0,0,0,0,0,0,0,0,0,0,0,0,0,0,0,0,0,10,2022,10
roquansmith_bal_2022_10,bal_2022_10,roquansmith_bal_2022,bal_2022,roquansmith,50892,lb,bal,1,1,6.5,100.0,0,0,0,0,0,0,0,0,0,0,0,0,0,0,0,0,0,0,0,0,0,0,0,0,0,0,0,0,0,0,0,0,10,2022,10
tremaineedmunds_buf_2022_10,buf_2022_10,tremaineedmunds_buf_2022,buf_2022,tremaineedmunds,50905,lb,buf,1,2,,,0,0,0,0,0,0,0,0,0,0,0,0,0,0,0,0,0,0,0,0,0,0,0,0,0,0,0,0,0,0,0,0,10,2022,10
bobbyokereke_ind_2022_10,ind_2022_10,bobbyokereke_ind_2022,ind_2022,bobbyokereke,50954,lb,ind,1,0,0.6,40.0,0,0,0,0,0,0,0,0,0,0,0,0,0,0,0,0,0,0,0,0,0,0,0,0,0,0,0,0,0,0,0,0,10,2022,10
jawhaunbentley_ne_2022_10,ne_2022_10,jawhaunbentley_ne_2022,ne_2022,jawhaunbentley,50966,lb,ne,1,0,1.3,66.7,0,0,0,0,0,0,0,0,0,0,0,0,0,0,0,0,0,0,0,0,0,0,0,0,0,0,0,0,0,0,0,0,10,2022,10
frankieluvu_car_2022_10,car_2022_10,frankieluvu_car_2022,car_2022,frankieluvu,51028,lb,car,1,0,-2.5,100.0,0,0,0,0,0,0,0,0,0,0,0,0,0,0,0,0,0,0,0,0,0,0,0,0,0,0,0,0,0,0,0,0,10,2022,10
jahlanitavai_ne_2022_10,ne_2022_10,jahlanitavai_ne_2022,ne_2022,jahlanitavai,51055,lb,ne,1,0,5.0,100.0,0,0,0,0,0,0,0,0,0,0,0,0,0,0,0,0,0,0,0,0,0,0,0,0,0,0,0,0,0,0,0,0,10,2022,10
benniemann_ari_2022_10,ari_2022_10,benniemann_ari_2022,ari_2022,benniemann,51099,lb,ari,1,0,-0.3,75.0,0,0,0,0,0,0,0,0,0,0,0,0,0,0,0,0,0,0,0,0,0,0,0,0,0,0,0,0,0,0,0,0,10,2022,10
taylorrapp_lar_2022_10,lar_2022_10,taylorrapp_lar_2022,lar_2022,taylorrapp,51172,s,lar,1,1,1.8,50.0,0,0,0,0,0,0,0,0,0,0,0,0,0,0,0,0,0,0,0,0,0,0,0,0,0,0,0,0,0,0,0,0,10,2022,10
joshuakalu_ten_2022_10,ten_2022_10,joshuakalu_ten_2022,ten_2022,joshuakalu,51203,s,ten,1,1,-0.5,83.3,0,0,0,0,0,0,0,0,0,0,0,0,0,0,0,0,0,0,0,0,0,0,0,0,0,0,0,0,0,0,0,0,10,2022,10
druetranquill_lac_2022_10,lac_2022_10,druetranquill_lac_2022,lac_2022,druetranquill,51276,lb,lac,1,0,7.5,100.0,0,0,0,0,0,0,0,0,0,0,0,0,0,0,0,0,0,0,0,0,0,0,0,0,0,0,0,0,0,0,0,0,10,2022,10
mikeedwards_tb_2022_10,tb_2022_10,mikeedwards_tb_2022,tb_2022,mikeedwards,51282,s,tb,1,0,20.7,66.7,0,0,0,0,0,0,0,0,0,0,0,0,0,0,0,0,0,0,0,0,0,0,0,0,0,0,0,0,0,0,0,0,10,2022,10
seanchandler_car_2022_10,car_2022_10,seanchandler_car_2022,car_2022,seanchandler,51315,s,car,1,0,,,0,0,0,0,0,0,0,0,0,0,0,0,0,0,0,0,0,0,0,0,0,0,0,0,0,0,0,0,0,0,0,0,10,2022,10
willharris_det_2022_10,det_2022_10,willharris_det_2022,det_2022,willharris,51336,cb,det,1,0,13.0,50.0,0,0,0,0,0,0,0,0,0,0,0,0,0,0,0,0,0,0,0,0,0,0,0,0,0,0,0,0,0,0,0,0,10,2022,10
derwinjames_lac_2022_10,lac_2022_10,derwinjames_lac_2022,lac_2022,derwinjames,51368,s,lac,1,0,21.0,0.0,0,0,0,0,0,0,0,0,0,0,0,0,0,0,0,0,0,0,0,0,0,0,0,0,0,0,0,0,0,0,0,0,10,2022,10
marcusepps_phi_2022_10,phi_2022_10,marcusepps_phi_2022,phi_2022,marcusepps,51391,s,phi,1,1,6.5,100.0,0,0,0,0,0,0,0,0,0,0,0,0,0,0,0,0,0,0,0,0,0,0,0,0,0,0,0,0,0,0,0,0,10,2022,10
jaylinnhawkins_atl_2022_10,atl_2022_10,jaylinnhawkins_atl_2022,atl_2022,jaylinnhawkins,51423,s,atl,1,1,-4.0,100.0,0,0,0,0,0,0,0,0,0,0,0,0,0,0,0,0,0,0,0,0,0,0,0,0,0,0,0,0,0,0,0,0,10,2022,10
jaquanjohnson_buf_2022_10,buf_2022_10,jaquanjohnson_buf_2022,buf_2022,jaquanjohnson,51433,s,buf,1,1,3.5,50.0,0,0,0,0,0,0,0,0,0,0,0,0,0,0,0,0,0,0,0,0,0,0,0,0,0,0,0,0,0,0,0,0,10,2022,10
kadenelliss_no_2022_10,no_2022_10,kadenelliss_no_2022,no_2022,kadenelliss,51485,lb,no,1,0,4.0,0.0,0,0,0,0,0,0,0,0,0,0,0,0,0,0,0,0,0,0,0,0,0,0,0,0,0,0,0,0,0,0,0,0,10,2022,10
kennymooreii_ind_2022_10,ind_2022_10,kennymooreii_ind_2022,ind_2022,kennymooreii,51596,cb,ind,1,1,5.7,83.3,0,0,0,0,0,0,0,0,0,0,0,0,0,0,0,0,0,0,0,0,0,0,0,0,0,0,0,0,0,0,0,0,10,2022,10
nicholasmorrow_chi_2022_10,chi_2022_10,nicholasmorrow_chi_2022,chi_2022,nicholasmorrow,51674,lb,chi,1,0,9.0,66.7,0,0,0,0,0,0,0,0,0,0,0,0,0,0,0,0,0,0,0,0,0,0,0,0,0,0,0,0,0,0,0,0,10,2022,10
paulsonadebo_no_2022_10,no_2022_10,paulsonadebo_no_2022,no_2022,paulsonadebo,52280,cb,no,1,0,4.5,50.0,0,0,0,0,0,0,0,0,0,0,0,0,0,0,0,0,0,0,0,0,0,0,0,0,0,0,0,0,0,0,0,0,10,2022,10
darrickforrest_was_2022_10,was_2022_10,darrickforrest_was_2022,was_2022,darrickforrest,55087,s,was,1,2,14.3,33.3,0,0,0,0,0,0,0,0,0,0,0,0,0,0,0,0,0,0,0,0,0,0,0,0,0,0,0,0,0,0,0,0,10,2022,10
cobybryant_sea_2022_10,sea_2022_10,cobybryant_sea_2022,sea_2022,cobybryant,55088,cb,sea,1,0,3.3,83.3,0,0,0,0,0,0,0,0,0,0,0,0,0,0,0,0,0,0,0,0,0,0,0,0,0,0,0,0,0,0,0,0,10,2022,10
marcowilson_ari_2022_10,ari_2022_10,marcowilson_ari_2022,ari_2022,marcowilson,55592,cb,ari,1,0,1.0,0.0,0,0,0,0,0,0,0,0,0,0,0,0,0,0,0,0,0,0,0,0,0,0,0,0,0,0,0,0,0,0,0,0,10,2022,10
cjhenderson_car_2022_10,car_2022_10,cjhenderson_car_2022,car_2022,cjhenderson,55593,cb,car,1,1,8.1,100.0,0,0,0,0,0,0,0,0,0,0,0,0,0,0,0,0,0,0,0,0,0,0,0,0,0,0,0,0,0,0,0,0,10,2022,10
lonniejohnsonjr_ten_2022_10,ten_2022_10,lonniejohnsonjr_ten_2022,ten_2022,lonniejohnsonjr,55615,s,ten,1,1,,,0,0,0,0,0,0,0,0,0,0,0,0,0,0,0,0,0,0,0,0,0,0,0,0,0,0,0,0,0,0,0,0,10,2022,10
amikrobertson_lv_2022_10,lv_2022_10,amikrobertson_lv_2022,lv_2022,amikrobertson,55619,cb,lv,1,0,6.5,50.0,0,0,0,0,0,0,0,0,0,0,0,0,0,0,0,0,0,0,0,0,0,0,0,0,0,0,0,0,0,0,0,0,10,2022,10
jeffreyokudah_det_2022_10,det_2022_10,jeffreyokudah_det_2022,det_2022,jeffreyokudah,55674,cb,det,1,0,17.7,83.3,0,0,0,0,0,0,0,0,0,0,0,0,0,0,0,0,0,0,0,0,0,0,0,0,0,0,0,0,0,0,0,0,10,2022,10
marcusjones_ne_2022_10,ne_2022_10,marcusjones_ne_2022,ne_2022,marcusjones,55717,cb,ne,1,0,,,0,0,0,0,0,0,0,0,0,0,0,0,0,0,0,0,0,0,0,0,0,0,0,0,0,0,0,0,0,0,0,0,10,2022,10
dariouswilliams_jax_2022_10,jax_2022_10,dariouswilliams_jax_2022,jax_2022,dariouswilliams,55724,cb,jax,1,0,13.5,0.0,0,0,0,0,0,0,0,0,0,0,0,0,0,0,0,0,0,0,0,0,0,0,0,0,0,0,0,0,0,0,0,0,10,2022,10
montaricbrown_jax_2022_10,jax_2022_10,montaricbrown_jax_2022,jax_2022,montaricbrown,55797,cb,jax,1,0,12.7,66.7,0,0,0,0,0,0,0,0,0,0,0,0,0,0,0,0,0,0,0,0,0,0,0,0,0,0,0,0,0,0,0,0,10,2022,10
kamrencurl_was_2022_10,was_2022_10,kamrencurl_was_2022,was_2022,kamrencurl,55800,s,was,1,0,12.2,100.0,0,0,0,0,0,0,0,0,0,0,0,0,0,0,0,0,0,0,0,0,0,0,0,0,0,0,0,0,0,0,0,0,10,2022,10
bryancook_kc_2022_10,kc_2022_10,bryancook_kc_2022,kc_2022,bryancook,55940,s,kc,1,0,,,0,0,0,0,0,0,0,0,0,0,0,0,0,0,0,0,0,0,0,0,0,0,0,0,0,0,0,0,0,0,0,0,10,2022,10
genostone_bal_2022_10,bal_2022_10,genostone_bal_2022,bal_2022,genostone,55967,s,bal,1,0,,,0,0,0,0,0,0,0,0,0,0,0,0,0,0,0,0,0,0,0,0,0,0,0,0,0,0,0,0,0,0,0,0,10,2022,10
benjaminstjuste_was_2022_10,was_2022_10,benjaminstjuste_was_2022,was_2022,benjaminstjuste,56061,cb,was,1,0,20.7,66.7,0,0,0,0,0,0,0,0,0,0,0,0,0,0,0,0,0,0,0,0,0,0,0,0,0,0,0,0,0,0,0,0,10,2022,10
treavery_ten_2022_10,ten_2022_10,treavery_ten_2022,ten_2022,treavery,56146,cb,ten,1,0,,,0,0,0,0,0,0,0,0,0,0,0,0,0,0,0,0,0,0,0,0,0,0,0,0,0,0,0,0,0,0,0,0,10,2022,10
keiseannixon_gb_2022_10,gb_2022_10,keiseannixon_gb_2022,gb_2022,keiseannixon,56167,cb,gb,1,1,2.0,50.0,0,0,0,0,0,0,0,0,0,0,0,0,0,0,0,0,0,0,0,0,0,0,0,0,0,0,0,0,0,0,0,0,10,2022,10
jaylonjohnson_chi_2022_10,chi_2022_10,jaylonjohnson_chi_2022,chi_2022,jaylonjohnson,56259,cb,chi,1,0,11.4,80.0,0,0,0,0,0,0,0,0,0,0,0,0,0,0,0,0,0,0,0,0,0,0,0,0,0,0,0,0,0,0,0,0,10,2022,10
marquiseblair_car_2022_10,car_2022_10,marquiseblair_car_2022,car_2022,marquiseblair,56263,s,car,1,0,,,0,0,0,0,0,0,0,0,0,0,0,0,0,0,0,0,0,0,0,0,0,0,0,0,0,0,0,0,0,0,0,0,10,2022,10
allangeorge_cin_2022_10,cin_2022_10,allangeorge_cin_2022,cin_2022,allangeorge,56275,cb,cin,1,0,,,0,0,0,0,0,0,0,0,0,0,0,0,0,0,0,0,0,0,0,0,0,0,0,0,0,0,0,0,0,0,0,0,10,2022,10
keithtaylor_car_2022_10,car_2022_10,keithtaylor_car_2022,car_2022,keithtaylor,56289,cb,car,1,0,5.3,75.0,0,0,0,0,0,0,0,0,0,0,0,0,0,0,0,0,0,0,0,0,0,0,0,0,0,0,0,0,0,0,0,0,10,2022,10
troyandersen_atl_2022_10,atl_2022_10,troyandersen_atl_2022,atl_2022,troyandersen,57317,lb,atl,1,0,,,0,0,0,0,0,0,0,0,0,0,0,0,0,0,0,0,0,0,0,0,0,0,0,0,0,0,0,0,0,0,0,0,10,2022,10
jalenpitre_hou_2022_10,hou_2022_10,jalenpitre_hou_2022,hou_2022,jalenpitre,57737,s,hou,1,0,7.0,100.0,0,0,0,0,0,0,0,0,0,0,0,0,0,0,0,0,0,0,0,0,0,0,0,0,0,0,0,0,0,0,0,0,10,2022,10
terrelbernard_buf_2022_10,buf_2022_10,terrelbernard_buf_2022,buf_2022,terrelbernard,57739,lb,buf,1,1,-2.6,80.0,0,0,0,0,0,0,0,0,0,0,0,0,0,0,0,0,0,0,0,0,0,0,0,0,0,0,0,0,0,0,0,0,10,2022,10
isaiahmcduffie_gb_2022_10,gb_2022_10,isaiahmcduffie_gb_2022,gb_2022,isaiahmcduffie,57754,lb,gb,1,0,,,0,0,0,0,0,0,0,0,0,0,0,0,0,0,0,0,0,0,0,0,0,0,0,0,0,0,0,0,0,0,0,0,10,2022,10
mykalwalker_atl_2022_10,atl_2022_10,mykalwalker_atl_2022,atl_2022,mykalwalker,57834,lb,atl,1,1,5.6,60.0,0,0,0,0,0,0,0,0,0,0,0,0,0,0,0,0,0,0,0,0,0,0,0,0,0,0,0,0,0,0,0,0,10,2022,10
montyrice_ten_2022_10,ten_2022_10,montyrice_ten_2022,ten_2022,montyrice,57839,lb,ten,1,0,9.0,100.0,0,0,0,0,0,0,0,0,0,0,0,0,0,0,0,0,0,0,0,0,0,0,0,0,0,0,0,0,0,0,0,0,10,2022,10
jamindavis_was_2022_10,was_2022_10,jamindavis_was_2022,was_2022,jamindavis,57905,lb,was,1,1,2.0,100.0,0,0,0,0,0,0,0,0,0,0,0,0,0,0,0,0,0,0,0,0,0,0,0,0,0,0,0,0,0,0,0,0,10,2022,10
patrickqueen_bal_2022_10,bal_2022_10,patrickqueen_bal_2022,bal_2022,patrickqueen,57941,lb,bal,1,0,3.0,66.7,0,0,0,0,0,0,0,0,0,0,0,0,0,0,0,0,0,0,0,0,0,0,0,0,0,0,0,0,0,0,0,0,10,2022,10
williegayjr_kc_2022_10,kc_2022_10,williegayjr_kc_2022,kc_2022,williegayjr,57987,lb,kc,1,0,,,0,0,0,0,0,0,0,0,0,0,0,0,0,0,0,0,0,0,0,0,0,0,0,0,0,0,0,0,0,0,0,0,10,2022,10
kennethmurray_lac_2022_10,lac_2022_10,kennethmurray_lac_2022,lac_2022,kennethmurray,58099,lb,lac,1,0,13.5,100.0,0,0,0,0,0,0,0,0,0,0,0,0,0,0,0,0,0,0,0,0,0,0,0,0,0,0,0,0,0,0,0,0,10,2022,10
derrickbarnes_det_2022_10,det_2022_10,derrickbarnes_det_2022,det_2022,derrickbarnes,58120,lb,det,1,1,3.7,100.0,0,0,0,0,0,0,0,0,0,0,0,0,0,0,0,0,0,0,0,0,0,0,0,0,0,0,0,0,0,0,0,0,10,2022,10
devinlloyd_jax_2022_10,jax_2022_10,devinlloyd_jax_2022,jax_2022,devinlloyd,58238,lb,jax,1,0,14.7,33.3,0,0,0,0,0,0,0,0,0,0,0,0,0,0,0,0,0,0,0,0,0,0,0,0,0,0,0,0,0,0,0,0,10,2022,10
michaelcarterii_nyj_2022_10,nyj_2022_10,michaelcarterii_nyj_2022,nyj_2022,michaelcarterii,60644,cb,nyj,1,0,10.3,50.0,0,0,0,0,0,0,0,0,0,0,0,0,0,0,0,0,0,0,0,0,0,0,0,0,0,0,0,0,0,0,0,0,10,2022,10
malcolmrodriguez_det_2022_10,det_2022_10,malcolmrodriguez_det_2022,det_2022,malcolmrodriguez,60731,lb,det,1,0,5.0,100.0,0,0,0,0,0,0,0,0,0,0,0,0,0,0,0,0,0,0,0,0,0,0,0,0,0,0,0,0,0,0,0,0,10,2022,10
darrenhall_atl_2022_10,atl_2022_10,darrenhall_atl_2022,atl_2022,darrenhall,60742,cb,atl,1,1,,,0,0,0,0,0,0,0,0,0,0,0,0,0,0,0,0,0,0,0,0,0,0,0,0,0,0,0,0,0,0,0,0,10,2022,10
garretwallow_hou_2022_10,hou_2022_10,garretwallow_hou_2022,hou_2022,garretwallow,60761,lb,hou,1,0,,,0,0,0,0,0,0,0,0,0,0,0,0,0,0,0,0,0,0,0,0,0,0,0,0,0,0,0,0,0,0,0,0,10,2022,10
noahigbinoghene_mia_2022_10,mia_2022_10,noahigbinoghene_mia_2022,mia_2022,noahigbinoghene,61155,cb,mia,1,0,9.5,50.0,0,0,0,0,0,0,0,0,0,0,0,0,0,0,0,0,0,0,0,0,0,0,0,0,0,0,0,0,0,0,0,0,10,2022,10
tariqwoolen_sea_2022_10,sea_2022_10,tariqwoolen_sea_2022,sea_2022,tariqwoolen,61790,cb,sea,1,0,6.3,66.7,0,0,0,0,0,0,0,0,0,0,0,0,0,0,0,0,0,0,0,0,0,0,0,0,0,0,0,0,0,0,0,0,10,2022,10
akaylebevans_min_2022_10,min_2022_10,akaylebevans_min_2022,min_2022,akaylebevans,65033,cb,min,1,0,6.7,33.3,0,0,0,0,0,0,0,0,0,0,0,0,0,0,0,0,0,0,0,0,0,0,0,0,0,0,0,0,0,0,0,0,10,2022,10
zyonmccollum_tb_2022_10,tb_2022_10,zyonmccollum_tb_2022,tb_2022,zyonmccollum,66769,cb,tb,1,0,,,0,0,0,0,0,0,0,0,0,0,0,0,0,0,0,0,0,0,0,0,0,0,0,0,0,0,0,0,0,0,0,0,10,2022,10
jonathanowens_hou_2022_10,hou_2022_10,jonathanowens_hou_2022,hou_2022,jonathanowens,66930,s,hou,1,1,8.3,100.0,0,0,0,0,0,0,0,0,0,0,0,0,0,0,0,0,0,0,0,0,0,0,0,0,0,0,0,0,0,0,0,0,10,2022,10
tavierrethomas_hou_2022_10,hou_2022_10,tavierrethomas_hou_2022,hou_2022,tavierrethomas,66931,cb,hou,1,0,,,0,0,0,0,0,0,0,0,0,0,0,0,0,0,0,0,0,0,0,0,0,0,0,0,0,0,0,0,0,0,0,0,10,2022,10
trentmcduffie_kc_2022_10,kc_2022_10,trentmcduffie_kc_2022,kc_2022,trentmcduffie,72191,cb,kc,1,0,20.0,0.0,0,0,0,0,0,0,0,0,0,0,0,0,0,0,0,0,0,0,0,0,0,0,0,0,0,0,0,0,0,0,0,0,10,2022,10
chadmuma_jax_2022_10,jax_2022_10,chadmuma_jax_2022,jax_2022,chadmuma,75818,lb,jax,1,0,25.0,0.0,0,0,0,0,0,0,0,0,0,0,0,0,0,0,0,0,0,0,0,0,0,0,0,0,0,0,0,0,0,0,0,0,10,2022,10
asantesamueljr_lac_2022_10,lac_2022_10,asantesamueljr_lac_2022,lac_2022,asantesamueljr,76625,cb,lac,1,0,19.5,0.0,0,0,0,0,0,0,0,0,0,0,0,0,0,0,0,0,0,0,0,0,0,0,0,0,0,0,0,0,0,0,0,0,10,2022,10
andrecisco_jax_2022_10,jax_2022_10,andrecisco_jax_2022,jax_2022,andrecisco,76641,s,jax,1,0,20.5,100.0,0,0,0,0,0,0,0,0,0,0,0,0,0,0,0,0,0,0,0,0,0,0,0,0,0,0,0,0,0,0,0,0,10,2022,10
zavencollins_ari_2022_10,ari_2022_10,zavencollins_ari_2022,ari_2022,zavencollins,77190,lb,ari,1,1,-0.8,87.5,0,0,0,0,0,0,0,0,0,0,0,0,0,0,0,0,0,0,0,0,0,0,0,0,0,0,0,0,0,0,0,0,10,2022,10
trevonmoehrig_lv_2022_10,lv_2022_10,trevonmoehrig_lv_2022,lv_2022,trevonmoehrig,77847,s,lv,1,1,7.3,100.0,0,0,0,0,0,0,0,0,0,0,0,0,0,0,0,0,0,0,0,0,0,0,0,0,0,0,0,0,0,0,0,0,10,2022,10
derionkendrick_lar_2022_10,lar_2022_10,derionkendrick_lar_2022,lar_2022,derionkendrick,78022,cb,lar,1,0,8.4,60.0,0,0,0,0,0,0,0,0,0,0,0,0,0,0,0,0,0,0,0,0,0,0,0,0,0,0,0,0,0,0,0,0,10,2022,10
christianbenford_buf_2022_10,buf_2022_10,christianbenford_buf_2022,buf_2022,christianbenford,79181,cb,buf,1,1,10.5,50.0,0,0,0,0,0,0,0,0,0,0,0,0,0,0,0,0,0,0,0,0,0,0,0,0,0,0,0,0,0,0,0,0,10,2022,10
nickbolton_kc_2022_10,kc_2022_10,nickbolton_kc_2022,kc_2022,nickbolton,81322,lb,kc,1,0,-4.0,100.0,0,0,0,0,0,0,0,0,0,0,0,0,0,0,0,0,0,0,0,0,0,0,0,0,0,0,0,0,0,0,0,0,10,2022,10
ernestjones_lar_2022_10,lar_2022_10,ernestjones_lar_2022,lar_2022,ernestjones,81399,lb,lar,1,0,3.0,100.0,0,0,0,0,0,0,0,0,0,0,0,0,0,0,0,0,0,0,0,0,0,0,0,0,0,0,0,0,0,0,0,0,10,2022,10
quaywalker_gb_2022_10,gb_2022_10,quaywalker_gb_2022,gb_2022,quaywalker,82547,lb,gb,1,0,4.8,75.0,0,0,0,0,0,0,0,0,0,0,0,0,0,0,0,0,0,0,0,0,0,0,0,0,0,0,0,0,0,0,0,0,10,2022,10
channingtindall_mia_2022_10,mia_2022_10,channingtindall_mia_2022,mia_2022,channingtindall,82548,lb,mia,1,0,,,0,0,0,0,0,0,0,0,0,0,0,0,0,0,0,0,0,0,0,0,0,0,0,0,0,0,0,0,0,0,0,0,10,2022,10
jacksanborn_chi_2022_10,chi_2022_10,jacksanborn_chi_2022,chi_2022,jacksanborn,82566,lb,chi,1,0,9.3,100.0,0,0,0,0,0,0,0,0,0,0,0,0,0,0,0,0,0,0,0,0,0,0,0,0,0,0,0,0,0,0,0,0,10,2022,10
jerryjacobs_det_2022_10,det_2022_10,jerryjacobs_det_2022,det_2022,jerryjacobs,83025,cb,det,1,0,14.3,0.0,0,0,0,0,0,0,0,0,0,0,0,0,0,0,0,0,0,0,0,0,0,0,0,0,0,0,0,0,0,0,0,0,10,2022,10
jamiensherwood_nyj_2022_10,nyj_2022_10,jamiensherwood_nyj_2022,nyj_2022,jamiensherwood,83175,lb,nyj,1,0,,,0,0,0,0,0,0,0,0,0,0,0,0,0,0,0,0,0,0,0,0,0,0,0,0,0,0,0,0,0,0,0,0,10,2022,10
rogermccreary_ten_2022_10,ten_2022_10,rogermccreary_ten_2022,ten_2022,rogermccreary,83176,cb,ten,1,1,5.0,62.5,0,0,0,0,0,0,0,0,0,0,0,0,0,0,0,0,0,0,0,0,0,0,0,0,0,0,0,0,0,0,0,0,10,2022,10
tysoncampbell_jax_2022_10,jax_2022_10,tysoncampbell_jax_2022,jax_2022,tysoncampbell,83217,cb,jax,1,0,13.3,62.5,0,0,0,0,0,0,0,0,0,0,0,0,0,0,0,0,0,0,0,0,0,0,0,0,0,0,0,0,0,0,0,0,10,2022,10
kerbyjoseph_det_2022_10,det_2022_10,kerbyjoseph_det_2022,det_2022,kerbyjoseph,83239,s,det,1,2,17.0,60.0,0,0,0,0,0,0,0,0,0,0,0,0,0,0,0,0,0,0,0,0,0,0,0,0,0,0,0,0,0,0,0,0,10,2022,10
camtaylorbritt_cin_2022_10,cin_2022_10,camtaylorbritt_cin_2022,cin_2022,camtaylorbritt,83326,cb,cin,1,0,14.7,66.7,0,0,0,0,0,0,0,0,0,0,0,0,0,0,0,0,0,0,0,0,0,0,0,0,0,0,0,0,0,0,0,0,10,2022,10
jayceehorn_car_2022_10,car_2022_10,jayceehorn_car_2022,car_2022,jayceehorn,83375,cb,car,1,0,6.7,100.0,0,0,0,0,0,0,0,0,0,0,0,0,0,0,0,0,0,0,0,0,0,0,0,0,0,0,0,0,0,0,0,0,10,2022,10
kylergordon_chi_2022_10,chi_2022_10,kylergordon_chi_2022,chi_2022,kylergordon,83451,cb,chi,1,0,4.7,66.7,0,0,0,0,0,0,0,0,0,0,0,0,0,0,0,0,0,0,0,0,0,0,0,0,0,0,0,0,0,0,0,0,10,2022,10
alontaetaylor_no_2022_10,no_2022_10,alontaetaylor_no_2022,no_2022,alontaetaylor,83469,cb,no,1,1,20.3,37.5,0,0,0,0,0,0,0,0,0,0,0,0,0,0,0,0,0,0,0,0,0,0,0,0,0,0,0,0,0,0,0,0,10,2022,10
jevonholland_mia_2022_10,mia_2022_10,jevonholland_mia_2022,mia_2022,jevonholland,83873,s,mia,1,0,4.0,100.0,0,0,0,0,0,0,0,0,0,0,0,0,0,0,0,0,0,0,0,0,0,0,0,0,0,0,0,0,0,0,0,0,10,2022,10
kyledugger_ne_2022_10,ne_2022_10,kyledugger_ne_2022,ne_2022,kyledugger,90621,s,ne,1,1,-0.5,50.0,0,0,0,0,0,0,0,0,0,0,0,0,0,0,0,0,0,0,0,0,0,0,0,0,0,0,0,0,0,0,0,0,10,2022,10
daxtonhill_cin_2022_10,cin_2022_10,daxtonhill_cin_2022,cin_2022,daxtonhill,97519,s,cin,1,0,9.0,100.0,0,0,0,0,0,0,0,0,0,0,0,0,0,0,0,0,0,0,0,0,0,0,0,0,0,0,0,0,0,0,0,0,10,2022,10
derekstingleyjr_hou_2022_10,hou_2022_10,derekstingleyjr_hou_2022,hou_2022,derekstingleyjr,98253,cb,hou,1,0,12.0,50.0,0,0,0,0,0,0,0,0,0,0,0,0,0,0,0,0,0,0,0,0,0,0,0,0,0,0,0,0,0,0,0,0,10,2022,10
brandinechols_nyj_2022_10,nyj_2022_10,brandinechols_nyj_2022,nyj_2022,brandinechols,98900,cb,nyj,1,0,,,0,0,0,0,0,0,0,0,0,0,0,0,0,0,0,0,0,0,0,0,0,0,0,0,0,0,0,0,0,0,0,0,10,2022,10
christianharris_hou_2022_10,hou_2022_10,christianharris_hou_2022,hou_2022,christianharris,98996,lb,hou,1,0,5.2,80.0,0,0,0,0,0,0,0,0,0,0,0,0,0,0,0,0,0,0,0,0,0,0,0,0,0,0,0,0,0,0,0,0,10,2022,10
nakobedean_phi_2022_10,phi_2022_10,nakobedean_phi_2022,phi_2022,nakobedean,99018,lb,phi,1,0,,,0,0,0,0,0,0,0,0,0,0,0,0,0,0,0,0,0,0,0,0,0,0,0,0,0,0,0,0,0,0,0,0,10,2022,10
saucegardner_nyj_2022_10,nyj_2022_10,saucegardner_nyj_2022,nyj_2022,saucegardner,100903,cb,nyj,1,1,38.3,33.3,0,0,0,0,0,0,0,0,0,0,0,0,0,0,0,0,0,0,0,0,0,0,0,0,0,0,0,0,0,0,0,0,10,2022,10
damarionwilliams_bal_2022_10,bal_2022_10,damarionwilliams_bal_2022,bal_2022,damarionwilliams,100904,cb,bal,1,1,9.0,100.0,0,0,0,0,0,0,0,0,0,0,0,0,0,0,0,0,0,0,0,0,0,0,0,0,0,0,0,0,0,0,0,0,10,2022,10
leochenal_kc_2022_10,kc_2022_10,leochenal_kc_2022,kc_2022,leochenal,101463,lb,kc,1,0,-4.0,100.0,0,0,0,0,0,0,0,0,0,0,0,0,0,0,0,0,0,0,0,0,0,0,0,0,0,0,0,0,0,0,0,0,10,2022,10
brandonsmith_car_2022_10,car_2022_10,brandonsmith_car_2022,car_2022,brandonsmith,101497,lb,car,1,0,,,0,0,0,0,0,0,0,0,0,0,0,0,0,0,0,0,0,0,0,0,0,0,0,0,0,0,0,0,0,0,0,0,10,2022,10
jaquanbrisker_chi_2022_10,chi_2022_10,jaquanbrisker_chi_2022,chi_2022,jaquanbrisker,101665,s,chi,1,0,11.7,100.0,0,0,0,0,0,0,0,0,0,0,0,0,0,0,0,0,0,0,0,0,0,0,0,0,0,0,0,0,0,0,0,0,10,2022,10
kylehamilton_bal_2022_10,bal_2022_10,kylehamilton_bal_2022,bal_2022,kylehamilton,102684,s,bal,1,0,4.6,80.0,0,0,0,0,0,0,0,0,0,0,0,0,0,0,0,0,0,0,0,0,0,0,0,0,0,0,0,0,0,0,0,0,10,2022,10
rodneythomasii_ind_2022_10,ind_2022_10,rodneythomasii_ind_2022,ind_2022,rodneythomasii,108389,s,ind,1,0,6.0,100.0,0,0,0,0,0,0,0,0,0,0,0,0,0,0,0,0,0,0,0,0,0,0,0,0,0,0,0,0,0,0,0,0,10,2022,10
deealford_atl_2022_10,atl_2022_10,deealford_atl_2022,atl_2022,deealford,110542,cb,atl,1,0,6.0,100.0,0,0,0,0,0,0,0,0,0,0,0,0,0,0,0,0,0,0,0,0,0,0,0,0,0,0,0,0,0,0,0,0,10,2022,10
jaylenwatson_kc_2022_10,kc_2022_10,jaylenwatson_kc_2022,kc_2022,jaylenwatson,131960,cb,kc,1,0,27.0,0.0,0,0,0,0,0,0,0,0,0,0,0,0,0,0,0,0,0,0,0,0,0,0,0,0,0,0,0,0,0,0,0,0,10,2022,10
samwebb_lv_2022_10,lv_2022_10,samwebb_lv_2022,lv_2022,samwebb,134606,cb,lv,1,1,,,0,0,0,0,0,0,0,0,0,0,0,0,0,0,0,0,0,0,0,0,0,0,0,0,0,0,0,0,0,0,0,0,10,2022,10
kaderkohou_mia_2022_10,mia_2022_10,kaderkohou_mia_2022,mia_2022,kaderkohou,156070,cb,mia,1,0,6.6,57.1,0,0,0,0,0,0,0,0,0,0,0,0,0,0,0,0,0,0,0,0,0,0,0,0,0,0,0,0,0,0,0,0,10,2022,10
joshuawilliams_kc_2022_10,kc_2022_10,joshuawilliams_kc_2022,kc_2022,joshuawilliams,156083,cb,kc,1,0,,,0,0,0,0,0,0,0,0,0,0,0,0,0,0,0,0,0,0,0,0,0,0,0,0,0,0,0,0,0,0,0,0,10,2022,10
