p_id,unique_team_id,player_team_id,team_id_impute,player,numeric_id,position,team_name,player_game_count,assists,avg_depth_of_tackle,declined_penalties,forced_fumbles,franchise_id,grades_coverage_defense,grades_defense,grades_defense_penalty,grades_pass_rush_defense,grades_run_defense,grades_tackle,missed_tackle_rate,missed_tackles,penalties,run_stop_opp,snap_counts_run,stop_percent,stops,tackles,week,year,plyr_number
tysonalualu_pit_2022_10,pit_2022_10,tysonalualu_pit_2022,pit_2022,tysonalualu,5535,di,pit,1,0,,0,0,0,0,0,0,0,0,0,0,0,0,0,0,0,0,0,10,2022,10
kareemjackson_den_2022_10,den_2022_10,kareemjackson_den_2022,den_2022,kareemjackson,5545,s,den,1,0,7.0,0,0,0,0,0,0,0,0,0,0,0,0,0,0,0,0,0,10,2022,10
cameronheyward_pit_2022_10,pit_2022_10,cameronheyward_pit_2022,pit_2022,cameronheyward,6183,di,pit,1,0,1.0,0,0,0,0,0,0,0,0,0,0,0,0,0,0,0,0,0,10,2022,10
tashaungipsonsr_sf_2022_10,sf_2022_10,tashaungipsonsr_sf_2022,sf_2022,tashaungipsonsr,7288,s,sf,1,0,,0,0,0,0,0,0,0,0,0,0,0,0,0,0,0,0,0,10,2022,10
justinbethel_mia_2022_10,mia_2022_10,justinbethel_mia_2022,mia_2022,justinbethel,7654,cb,mia,1,0,7.0,0,0,0,0,0,0,0,0,0,0,0,0,0,0,0,0,0,10,2022,10
johnathanhankins_dal_2022_10,dal_2022_10,johnathanhankins_dal_2022,dal_2022,johnathanhankins,7830,di,dal,1,0,2.0,0,0,0,0,0,0,0,0,0,0,0,0,0,0,0,0,0,10,2022,10
akeemspence_sf_2022_10,sf_2022_10,akeemspence_sf_2022,sf_2022,akeemspence,7882,di,sf,1,0,,0,0,0,0,0,0,0,0,0,0,0,0,0,0,0,0,0,10,2022,10
ajklein_bal_2022_10,bal_2022_10,ajklein_bal_2022,bal_2022,ajklein,7930,lb,bal,1,1,0.0,0,0,0,0,0,0,0,0,0,0,0,0,0,0,0,0,0,10,2022,10
mikepurcell_den_2022_10,den_2022_10,mikepurcell_den_2022,den_2022,mikepurcell,8530,di,den,1,0,2.0,0,0,0,0,0,0,0,0,0,0,0,0,0,0,0,0,0,10,2022,10
jadeveonclowney_cle_2022_10,cle_2022_10,jadeveonclowney_cle_2022,cle_2022,jadeveonclowney,8636,ed,cle,1,0,5.0,0,0,0,0,0,0,0,0,0,0,0,0,0,0,0,0,0,10,2022,10
jimmieward_sf_2022_10,sf_2022_10,jimmieward_sf_2022,sf_2022,jimmieward,8665,s,sf,1,1,5.0,0,0,0,0,0,0,0,0,0,0,0,0,0,0,0,0,0,10,2022,10
demarcuslawrence_dal_2022_10,dal_2022_10,demarcuslawrence_dal_2022,dal_2022,demarcuslawrence,8669,ed,dal,1,0,2.0,0,0,0,0,0,0,0,0,0,0,0,0,0,0,0,0,0,10,2022,10
justinellis_nyg_2022_10,nyg_2022_10,justinellis_nyg_2022,nyg_2022,justinellis,8742,di,nyg,1,0,,0,0,0,0,0,0,0,0,0,0,0,0,0,0,0,0,0,10,2022,10
devonkennard_bal_2022_10,bal_2022_10,devonkennard_bal_2022,bal_2022,devonkennard,8809,ed,bal,1,0,-2.0,0,0,0,0,0,0,0,0,0,0,0,0,0,0,0,0,0,10,2022,10
terrancemitchell_ten_2022_10,ten_2022_10,terrancemitchell_ten_2022,ten_2022,terrancemitchell,8888,cb,ten,1,0,,0,0,0,0,0,0,0,0,0,0,0,0,0,0,0,0,0,10,2022,10
kerryhyder_sf_2022_10,sf_2022_10,kerryhyder_sf_2022,sf_2022,kerryhyder,9045,di,sf,1,0,1.0,0,0,0,0,0,0,0,0,0,0,0,0,0,0,0,0,0,10,2022,10
kwaunwilliams_den_2022_10,den_2022_10,kwaunwilliams_den_2022,den_2022,kwaunwilliams,9332,cb,den,1,0,9.0,0,0,0,0,0,0,0,0,0,0,0,0,0,0,0,0,0,10,2022,10
dantefowlerjr_dal_2022_10,dal_2022_10,dantefowlerjr_dal_2022,dal_2022,dantefowlerjr,9436,ed,dal,1,0,-1.0,0,0,0,0,0,0,0,0,0,0,0,0,0,0,0,0,0,10,2022,10
leonardwilliams_nyg_2022_10,nyg_2022_10,leonardwilliams_nyg_2022,nyg_2022,leonardwilliams,9439,di,nyg,1,0,2.6,0,0,0,0,0,0,0,0,0,0,0,0,0,0,0,0,0,10,2022,10
landoncollins_nyg_2022_10,nyg_2022_10,landoncollins_nyg_2022,nyg_2022,landoncollins,9466,s,nyg,1,0,,0,0,0,0,0,0,0,0,0,0,0,0,0,0,0,0,0,10,2022,10
deshawnwilliams_den_2022_10,den_2022_10,deshawnwilliams_den_2022,den_2022,deshawnwilliams,9891,di,den,1,0,,0,0,0,0,0,0,0,0,0,0,0,0,0,0,0,0,0,10,2022,10
deanmarlowe_atl_2022_10,atl_2022_10,deanmarlowe_atl_2022,atl_2022,deanmarlowe,9966,s,atl,1,0,7.0,0,0,0,0,0,0,0,0,0,0,0,0,0,0,0,0,0,10,2022,10
alexsingleton_den_2022_10,den_2022_10,alexsingleton_den_2022,den_2022,alexsingleton,9994,lb,den,1,0,2.3,0,0,0,0,0,0,0,0,0,0,0,0,0,0,0,0,0,10,2022,10
tymcgill_sf_2022_10,sf_2022_10,tymcgill_sf_2022,sf_2022,tymcgill,10156,di,sf,1,0,,0,0,0,0,0,0,0,0,0,0,0,0,0,0,0,0,0,10,2022,10
jaylonsmith_nyg_2022_10,nyg_2022_10,jaylonsmith_nyg_2022,nyg_2022,jaylonsmith,10668,lb,nyg,1,2,5.5,0,0,0,0,0,0,0,0,0,0,0,0,0,0,0,0,0,10,2022,10
mylesjack_pit_2022_10,pit_2022_10,mylesjack_pit_2022,pit_2022,mylesjack,10670,lb,pit,1,1,7.0,0,0,0,0,0,0,0,0,0,0,0,0,0,0,0,0,0,10,2022,10
jihadward_nyg_2022_10,nyg_2022_10,jihadward_nyg_2022,nyg_2022,jihadward,10678,ed,nyg,1,0,,0,0,0,0,0,0,0,0,0,0,0,0,0,0,0,0,0,10,2022,10
deionjones_cle_2022_10,cle_2022_10,deionjones_cle_2022,cle_2022,deionjones,10686,lb,cle,1,0,,0,0,0,0,0,0,0,0,0,0,0,0,0,0,0,0,0,10,2022,10
justinsimmons_den_2022_10,den_2022_10,justinsimmons_den_2022,den_2022,justinsimmons,10732,s,den,1,1,49.0,0,0,0,0,0,0,0,0,0,0,0,0,0,0,0,0,0,10,2022,10
hassanridgeway_sf_2022_10,sf_2022_10,hassanridgeway_sf_2022,sf_2022,hassanridgeway,10750,di,sf,1,2,4.0,0,0,0,0,0,0,0,0,0,0,0,0,0,0,0,0,0,10,2022,10
anthonybrown_dal_2022_10,dal_2022_10,anthonybrown_dal_2022,dal_2022,anthonybrown,10823,cb,dal,1,1,,0,0,0,0,0,0,0,0,0,0,0,0,0,0,0,0,0,10,2022,10
jayronkearse_dal_2022_10,dal_2022_10,jayronkearse_dal_2022,dal_2022,jayronkearse,10878,s,dal,1,0,2.6,0,0,0,0,0,0,0,0,0,0,0,0,0,0,0,0,0,10,2022,10
claytonfejedelem_mia_2022_10,mia_2022_10,claytonfejedelem_mia_2022,mia_2022,claytonfejedelem,10879,s,mia,1,0,,0,0,0,0,0,0,0,0,0,0,0,0,0,0,0,0,0,10,2022,10
mikehilton_cin_2022_10,cin_2022_10,mikehilton_cin_2022,cin_2022,mikehilton,10898,cb,cin,1,0,2.3,0,0,0,0,0,0,0,0,0,0,0,0,0,0,0,0,0,10,2022,10
antwaunwoods_ari_2022_10,ari_2022_10,antwaunwoods_ari_2022,ari_2022,antwaunwoods,11332,di,ari,1,0,1.0,0,0,0,0,0,0,0,0,0,0,0,0,0,0,0,0,0,10,2022,10
mylesgarrett_cle_2022_10,cle_2022_10,mylesgarrett_cle_2022,cle_2022,mylesgarrett,11756,ed,cle,1,0,,0,0,0,0,0,0,0,0,0,0,0,0,0,0,0,0,0,10,2022,10
adoreejackson_nyg_2022_10,nyg_2022_10,adoreejackson_nyg_2022,nyg_2022,adoreejackson,11773,cb,nyg,1,0,,0,0,0,0,0,0,0,0,0,0,0,0,0,0,0,0,0,10,2022,10
ryananderson_pit_2022_10,pit_2022_10,ryananderson_pit_2022,pit_2022,ryananderson,11804,ed,pit,1,0,,0,0,0,0,0,0,0,0,0,0,0,0,0,0,0,0,0,10,2022,10
chriswormley_pit_2022_10,pit_2022_10,chriswormley_pit_2022,pit_2022,chriswormley,11829,di,pit,1,0,,0,0,0,0,0,0,0,0,0,0,0,0,0,0,0,0,0,10,2022,10
fabianmoreau_nyg_2022_10,nyg_2022_10,fabianmoreau_nyg_2022,nyg_2022,fabianmoreau,11836,cb,nyg,1,0,3.0,0,0,0,0,0,0,0,0,0,0,0,0,0,0,0,0,0,10,2022,10
johnjohnsoniii_cle_2022_10,cle_2022_10,johnjohnsoniii_cle_2022,cle_2022,johnjohnsoniii,11847,s,cle,1,0,,0,0,0,0,0,0,0,0,0,0,0,0,0,0,0,0,0,10,2022,10
montraviusadams_pit_2022_10,pit_2022_10,montraviusadams_pit_2022,pit_2022,montraviusadams,11848,di,pit,1,0,,0,0,0,0,0,0,0,0,0,0,0,0,0,0,0,0,0,10,2022,10
cameronsutton_pit_2022_10,pit_2022_10,cameronsutton_pit_2022,pit_2022,cameronsutton,11850,cb,pit,1,0,0.0,0,0,0,0,0,0,0,0,0,0,0,0,0,0,0,0,0,10,2022,10
carloswatkins_dal_2022_10,dal_2022_10,carloswatkins_dal_2022,dal_2022,carloswatkins,11897,di,dal,1,1,4.0,0,0,0,0,0,0,0,0,0,0,0,0,0,0,0,0,0,10,2022,10
mattmilano_buf_2022_10,buf_2022_10,mattmilano_buf_2022,buf_2022,mattmilano,11918,lb,buf,1,1,9.4,0,0,0,0,0,0,0,0,0,0,0,0,0,0,0,0,0,10,2022,10
djjones_den_2022_10,den_2022_10,djjones_den_2022,den_2022,djjones,11953,di,den,1,1,0.5,0,0,0,0,0,0,0,0,0,0,0,0,0,0,0,0,0,10,2022,10
isaacrochell_cle_2022_10,cle_2022_10,isaacrochell_cle_2022,cle_2022,isaacrochell,11980,ed,cle,1,0,2.0,0,0,0,0,0,0,0,0,0,0,0,0,0,0,0,0,0,10,2022,10
patrickoconnor_tb_2022_10,tb_2022_10,patrickoconnor_tb_2022,tb_2022,patrickoconnor,12005,ed,tb,1,1,,0,0,0,0,0,0,0,0,0,0,0,0,0,0,0,0,0,10,2022,10
arthurmaulet_pit_2022_10,pit_2022_10,arthurmaulet_pit_2022,pit_2022,arthurmaulet,12224,cb,pit,1,0,14.0,0,0,0,0,0,0,0,0,0,0,0,0,0,0,0,0,0,10,2022,10
sionetakitaki_cle_2022_10,cle_2022_10,sionetakitaki_cle_2022,cle_2022,sionetakitaki,12666,lb,cle,1,1,4.0,0,0,0,0,0,0,0,0,0,0,0,0,0,0,0,0,0,10,2022,10
sameguavoen_mia_2022_10,mia_2022_10,sameguavoen_mia_2022,mia_2022,sameguavoen,15301,lb,mia,1,0,,0,0,0,0,0,0,0,0,0,0,0,0,0,0,0,0,0,10,2022,10
dexterlawrence_nyg_2022_10,nyg_2022_10,dexterlawrence_nyg_2022,nyg_2022,dexterlawrence,25991,di,nyg,1,0,2.5,0,0,0,0,0,0,0,0,0,0,0,0,0,0,0,0,0,10,2022,10
isaiahmack_bal_2022_10,bal_2022_10,isaiahmack_bal_2022,bal_2022,isaiahmack,26229,di,bal,1,0,,0,0,0,0,0,0,0,0,0,0,0,0,0,0,0,0,0,10,2022,10
devinbush_pit_2022_10,pit_2022_10,devinbush_pit_2022,pit_2022,devinbush,27375,lb,pit,1,1,2.0,0,0,0,0,0,0,0,0,0,0,0,0,0,0,0,0,0,10,2022,10
dremontjones_den_2022_10,den_2022_10,dremontjones_den_2022,den_2022,dremontjones,28075,di,den,1,1,3.2,0,0,0,0,0,0,0,0,0,0,0,0,0,0,0,0,0,10,2022,10
nevillegallimore_dal_2022_10,dal_2022_10,nevillegallimore_dal_2022,dal_2022,nevillegallimore,28094,di,dal,1,2,,0,0,0,0,0,0,0,0,0,0,0,0,0,0,0,0,0,10,2022,10
kevingivens_sf_2022_10,sf_2022_10,kevingivens_sf_2022,sf_2022,kevingivens,28308,di,sf,1,0,5.0,0,0,0,0,0,0,0,0,0,0,0,0,0,0,0,0,0,10,2022,10
chrisboard_det_2022_10,det_2022_10,chrisboard_det_2022,det_2022,chrisboard,29456,lb,det,1,0,,0,0,0,0,0,0,0,0,0,0,0,0,0,0,0,0,0,10,2022,10
deedelaney_tb_2022_10,tb_2022_10,deedelaney_tb_2022,tb_2022,deedelaney,31078,s,tb,1,0,7.0,0,0,0,0,0,0,0,0,0,0,0,0,0,0,0,0,0,10,2022,10
taecrowder_nyg_2022_10,nyg_2022_10,taecrowder_nyg_2022,nyg_2022,taecrowder,35774,lb,nyg,1,0,2.0,0,0,0,0,0,0,0,0,0,0,0,0,0,0,0,0,0,10,2022,10
jonasgriffith_den_2022_10,den_2022_10,jonasgriffith_den_2022,den_2022,jonasgriffith,35858,lb,den,1,0,,0,0,0,0,0,0,0,0,0,0,0,0,0,0,0,0,0,10,2022,10
austinbryant_det_2022_10,det_2022_10,austinbryant_det_2022,det_2022,austinbryant,36248,ed,det,1,0,,0,0,0,0,0,0,0,0,0,0,0,0,0,0,0,0,0,10,2022,10
jordankunaszyk_cle_2022_10,cle_2022_10,jordankunaszyk_cle_2022,cle_2022,jordankunaszyk,38548,lb,cle,1,1,,0,0,0,0,0,0,0,0,0,0,0,0,0,0,0,0,0,10,2022,10
ericwilson_gb_2022_10,gb_2022_10,ericwilson_gb_2022,gb_2022,ericwilson,38587,lb,gb,1,2,,0,0,0,0,0,0,0,0,0,0,0,0,0,0,0,0,0,10,2022,10
trevondiggs_dal_2022_10,dal_2022_10,trevondiggs_dal_2022,dal_2022,trevondiggs,41817,cb,dal,1,1,6.8,0,0,0,0,0,0,0,0,0,0,0,0,0,0,0,0,0,10,2022,10
jonathankongbo_den_2022_10,den_2022_10,jonathankongbo_den_2022,den_2022,jonathankongbo,42433,ed,den,1,0,2.0,0,0,0,0,0,0,0,0,0,0,0,0,0,0,0,0,0,10,2022,10
tomonfox_nyg_2022_10,nyg_2022_10,tomonfox_nyg_2022,nyg_2022,tomonfox,42486,ed,nyg,1,2,1.2,0,0,0,0,0,0,0,0,0,0,0,0,0,0,0,0,0,10,2022,10
shaunbradley_phi_2022_10,phi_2022_10,shaunbradley_phi_2022,phi_2022,shaunbradley,42632,lb,phi,1,0,4.0,0,0,0,0,0,0,0,0,0,0,0,0,0,0,0,0,0,10,2022,10
chaunceygolston_dal_2022_10,dal_2022_10,chaunceygolston_dal_2022,dal_2022,chaunceygolston,42718,di,dal,1,1,,0,0,0,0,0,0,0,0,0,0,0,0,0,0,0,0,0,10,2022,10
nickbosa_sf_2022_10,sf_2022_10,nickbosa_sf_2022,sf_2022,nickbosa,42741,ed,sf,1,0,1.0,0,0,0,0,0,0,0,0,0,0,0,0,0,0,0,0,0,10,2022,10
osaodighizuwa_dal_2022_10,dal_2022_10,osaodighizuwa_dal_2022,dal_2022,osaodighizuwa,42754,di,dal,1,1,,0,0,0,0,0,0,0,0,0,0,0,0,0,0,0,0,0,10,2022,10
jonathoncooper_den_2022_10,den_2022_10,jonathoncooper_den_2022,den_2022,jonathoncooper,43021,ed,den,1,3,,0,0,0,0,0,0,0,0,0,0,0,0,0,0,0,0,0,10,2022,10
charvariusward_sf_2022_10,sf_2022_10,charvariusward_sf_2022,sf_2022,charvariusward,43034,cb,sf,1,1,5.0,0,0,0,0,0,0,0,0,0,0,0,0,0,0,0,0,0,10,2022,10
mackwilson_ne_2022_10,ne_2022_10,mackwilson_ne_2022,ne_2022,mackwilson,43190,lb,ne,1,0,2.0,0,0,0,0,0,0,0,0,0,0,0,0,0,0,0,0,0,10,2022,10
greedywilliams_cle_2022_10,cle_2022_10,greedywilliams_cle_2022,cle_2022,greedywilliams,43254,cb,cle,1,0,,0,0,0,0,0,0,0,0,0,0,0,0,0,0,0,0,0,10,2022,10
alexhighsmith_pit_2022_10,pit_2022_10,alexhighsmith_pit_2022,pit_2022,alexhighsmith,43507,ed,pit,1,1,3.5,0,0,0,0,0,0,0,0,0,0,0,0,0,0,0,0,0,10,2022,10
kobejones_gb_2022_10,gb_2022_10,kobejones_gb_2022,gb_2022,kobejones,43511,ed,gb,1,0,,0,0,0,0,0,0,0,0,0,0,0,0,0,0,0,0,0,10,2022,10
elersonsmith_nyg_2022_10,nyg_2022_10,elersonsmith_nyg_2022,nyg_2022,elersonsmith,43766,ed,nyg,1,0,,0,0,0,0,0,0,0,0,0,0,0,0,0,0,0,0,0,10,2022,10
isaiahhloudermilk_pit_2022_10,pit_2022_10,isaiahhloudermilk_pit_2022,pit_2022,isaiahhloudermilk,44416,ed,pit,1,1,1.0,0,0,0,0,0,0,0,0,0,0,0,0,0,0,0,0,0,10,2022,10
zechmcphearson_phi_2022_10,phi_2022_10,zechmcphearson_phi_2022,phi_2022,zechmcphearson,45464,cb,phi,1,0,,0,0,0,0,0,0,0,0,0,0,0,0,0,0,0,0,0,10,2022,10
demoneharris_hou_2022_10,hou_2022_10,demoneharris_hou_2022,hou_2022,demoneharris,48452,ed,hou,1,2,,0,0,0,0,0,0,0,0,0,0,0,0,0,0,0,0,0,10,2022,10
dorancearmstrong_dal_2022_10,dal_2022_10,dorancearmstrong_dal_2022,dal_2022,dorancearmstrong,48557,ed,dal,1,0,,0,0,0,0,0,0,0,0,0,0,0,0,0,0,0,0,0,10,2022,10
malikreed_pit_2022_10,pit_2022_10,malikreed_pit_2022,pit_2022,malikreed,48567,ed,pit,1,1,2.0,0,0,0,0,0,0,0,0,0,0,0,0,0,0,0,0,0,10,2022,10
carlosdavis_pit_2022_10,pit_2022_10,carlosdavis_pit_2022,pit_2022,carlosdavis,48662,di,pit,1,0,,0,0,0,0,0,0,0,0,0,0,0,0,0,0,0,0,0,10,2022,10
tavenbryan_cle_2022_10,cle_2022_10,tavenbryan_cle_2022,cle_2022,tavenbryan,48753,di,cle,1,1,2.0,0,0,0,0,0,0,0,0,0,0,0,0,0,0,0,0,0,10,2022,10
deadrinsenat_tb_2022_10,tb_2022_10,deadrinsenat_tb_2022,tb_2022,deadrinsenat,48815,di,tb,1,0,,0,0,0,0,0,0,0,0,0,0,0,0,0,0,0,0,0,10,2022,10
kevinstrongjr_ten_2022_10,ten_2022_10,kevinstrongjr_ten_2022,ten_2022,kevinstrongjr,48981,di,ten,1,1,,0,0,0,0,0,0,0,0,0,0,0,0,0,0,0,0,0,10,2022,10
kendalvickers_lv_2022_10,lv_2022_10,kendalvickers_lv_2022,lv_2022,kendalvickers,48993,di,lv,1,0,,0,0,0,0,0,0,0,0,0,0,0,0,0,0,0,0,0,10,2022,10
treflowers_cin_2022_10,cin_2022_10,treflowers_cin_2022,cin_2022,treflowers,49059,cb,cin,1,1,10.0,0,0,0,0,0,0,0,0,0,0,0,0,0,0,0,0,0,10,2022,10
andrewwingard_jax_2022_10,jax_2022_10,andrewwingard_jax_2022,jax_2022,andrewwingard,49268,s,jax,1,0,,0,0,0,0,0,0,0,0,0,0,0,0,0,0,0,0,0,10,2022,10
donovanwilson_dal_2022_10,dal_2022_10,donovanwilson_dal_2022,dal_2022,donovanwilson,49408,s,dal,1,1,5.6,0,0,0,0,0,0,0,0,0,0,0,0,0,0,0,0,0,10,2022,10
nickmccloud_nyg_2022_10,nyg_2022_10,nickmccloud_nyg_2022,nyg_2022,nickmccloud,49535,cb,nyg,1,0,,0,0,0,0,0,0,0,0,0,0,0,0,0,0,0,0,0,10,2022,10
jujuhughes_det_2022_10,det_2022_10,jujuhughes_det_2022,det_2022,jujuhughes,49545,s,det,1,1,5.5,0,0,0,0,0,0,0,0,0,0,0,0,0,0,0,0,0,10,2022,10
jacobmartin_nyj_2022_10,nyj_2022_10,jacobmartin_nyj_2022,nyj_2022,jacobmartin,50152,ed,nyj,1,0,,0,0,0,0,0,0,0,0,0,0,0,0,0,0,0,0,0,10,2022,10
orenburks_sf_2022_10,sf_2022_10,orenburks_sf_2022,sf_2022,orenburks,50203,lb,sf,1,1,2.3,0,0,0,0,0,0,0,0,0,0,0,0,0,0,0,0,0,10,2022,10
michaelojemudia_den_2022_10,den_2022_10,michaelojemudia_den_2022,den_2022,michaelojemudia,50327,cb,den,1,0,,0,0,0,0,0,0,0,0,0,0,0,0,0,0,0,0,0,10,2022,10
ajgreen_cle_2022_10,cle_2022_10,ajgreen_cle_2022,cle_2022,ajgreen,50394,cb,cle,1,0,,0,0,0,0,0,0,0,0,0,0,0,0,0,0,0,0,0,10,2022,10
jeremyreaves_was_2022_10,was_2022_10,jeremyreaves_was_2022,was_2022,jeremyreaves,50406,s,was,1,0,,0,0,0,0,0,0,0,0,0,0,0,0,0,0,0,0,0,10,2022,10
mikeford_atl_2022_10,atl_2022_10,mikeford_atl_2022,atl_2022,mikeford,50535,cb,atl,1,0,,0,0,0,0,0,0,0,0,0,0,0,0,0,0,0,0,0,10,2022,10
charlesomenihu_sf_2022_10,sf_2022_10,charlesomenihu_sf_2022,sf_2022,charlesomenihu,50612,ed,sf,1,1,3.0,0,0,0,0,0,0,0,0,0,0,0,0,0,0,0,0,0,10,2022,10
joseyjewell_den_2022_10,den_2022_10,joseyjewell_den_2022,den_2022,joseyjewell,50720,lb,den,1,0,4.0,0,0,0,0,0,0,0,0,0,0,0,0,0,0,0,0,0,10,2022,10
robertspillane_pit_2022_10,pit_2022_10,robertspillane_pit_2022,pit_2022,robertspillane,50918,lb,pit,1,0,3.0,0,0,0,0,0,0,0,0,0,0,0,0,0,0,0,0,0,10,2022,10
leightonvanderesch_dal_2022_10,dal_2022_10,leightonvanderesch_dal_2022,dal_2022,leightonvanderesch,50950,lb,dal,1,2,10.6,0,0,0,0,0,0,0,0,0,0,0,0,0,0,0,0,0,10,2022,10
julianlove_nyg_2022_10,nyg_2022_10,julianlove_nyg_2022,nyg_2022,julianlove,51081,s,nyg,1,0,3.0,0,0,0,0,0,0,0,0,0,0,0,0,0,0,0,0,0,10,2022,10
minkahfitzpatrick_pit_2022_10,pit_2022_10,minkahfitzpatrick_pit_2022,pit_2022,minkahfitzpatrick,51206,s,pit,1,0,15.5,0,0,0,0,0,0,0,0,0,0,0,0,0,0,0,0,0,10,2022,10
fredwarner_sf_2022_10,sf_2022_10,fredwarner_sf_2022,sf_2022,fredwarner,51222,lb,sf,1,3,3.3,0,0,0,0,0,0,0,0,0,0,0,0,0,0,0,0,0,10,2022,10
terrelledmunds_pit_2022_10,pit_2022_10,terrelledmunds_pit_2022,pit_2022,terrelledmunds,51334,s,pit,1,0,6.0,0,0,0,0,0,0,0,0,0,0,0,0,0,0,0,0,0,10,2022,10
lonniejohnsonjr_ten_2022_10,ten_2022_10,lonniejohnsonjr_ten_2022,ten_2022,lonniejohnsonjr,55615,s,ten,1,0,7.0,0,0,0,0,0,0,0,0,0,0,0,0,0,0,0,0,0,10,2022,10
josiahscott_phi_2022_10,phi_2022_10,josiahscott_phi_2022,phi_2022,josiahscott,55634,cb,phi,1,0,,0,0,0,0,0,0,0,0,0,0,0,0,0,0,0,0,0,10,2022,10
trenorwood_pit_2022_10,pit_2022_10,trenorwood_pit_2022,pit_2022,trenorwood,55675,s,pit,1,0,,0,0,0,0,0,0,0,0,0,0,0,0,0,0,0,0,0,10,2022,10
deommodorelenoir_sf_2022_10,sf_2022_10,deommodorelenoir_sf_2022,sf_2022,deommodorelenoir,55686,cb,sf,1,0,,0,0,0,0,0,0,0,0,0,0,0,0,0,0,0,0,0,10,2022,10
ajparker_det_2022_10,det_2022_10,ajparker_det_2022,det_2022,ajparker,55983,cb,det,1,0,2.0,0,0,0,0,0,0,0,0,0,0,0,0,0,0,0,0,0,10,2022,10
markquesebell_dal_2022_10,dal_2022_10,markquesebell_dal_2022,dal_2022,markquesebell,56033,s,dal,1,0,,0,0,0,0,0,0,0,0,0,0,0,0,0,0,0,0,0,10,2022,10
ambrythomas_sf_2022_10,sf_2022_10,ambrythomas_sf_2022,sf_2022,ambrythomas,56058,cb,sf,1,0,,0,0,0,0,0,0,0,0,0,0,0,0,0,0,0,0,0,10,2022,10
damarrimathis_den_2022_10,den_2022_10,damarrimathis_den_2022,den_2022,damarrimathis,56143,cb,den,1,0,12.0,0,0,0,0,0,0,0,0,0,0,0,0,0,0,0,0,0,10,2022,10
daronbland_dal_2022_10,dal_2022_10,daronbland_dal_2022,dal_2022,daronbland,56158,cb,dal,1,0,,0,0,0,0,0,0,0,0,0,0,0,0,0,0,0,0,0,10,2022,10
darnayholmes_nyg_2022_10,nyg_2022_10,darnayholmes_nyg_2022,nyg_2022,darnayholmes,56247,cb,nyg,1,0,,0,0,0,0,0,0,0,0,0,0,0,0,0,0,0,0,0,10,2022,10
matthenningsen_den_2022_10,den_2022_10,matthenningsen_den_2022,den_2022,matthenningsen,56484,di,den,1,0,5.3,0,0,0,0,0,0,0,0,0,0,0,0,0,0,0,0,0,10,2022,10
quintonbohanna_dal_2022_10,dal_2022_10,quintonbohanna_dal_2022,dal_2022,quintonbohanna,56673,di,dal,1,0,0.0,0,0,0,0,0,0,0,0,0,0,0,0,0,0,0,0,0,10,2022,10
jordanelliott_cle_2022_10,cle_2022_10,jordanelliott_cle_2022,cle_2022,jordanelliott,56734,di,cle,1,0,,0,0,0,0,0,0,0,0,0,0,0,0,0,0,0,0,0,10,2022,10
isaiahthomas_cle_2022_10,cle_2022_10,isaiahthomas_cle_2022,cle_2022,isaiahthomas,56798,ed,cle,1,0,5.0,0,0,0,0,0,0,0,0,0,0,0,0,0,0,0,0,0,10,2022,10
larrellmurchison_ten_2022_10,ten_2022_10,larrellmurchison_ten_2022,ten_2022,larrellmurchison,57004,di,ten,1,0,-1.0,0,0,0,0,0,0,0,0,0,0,0,0,0,0,0,0,0,10,2022,10
tonyfieldsii_cle_2022_10,cle_2022_10,tonyfieldsii_cle_2022,cle_2022,tonyfieldsii,57698,lb,cle,1,0,,0,0,0,0,0,0,0,0,0,0,0,0,0,0,0,0,0,10,2022,10
kyronjohnson_phi_2022_10,phi_2022_10,kyronjohnson_phi_2022,phi_2022,kyronjohnson,57890,ed,phi,1,0,19.0,0,0,0,0,0,0,0,0,0,0,0,0,0,0,0,0,0,10,2022,10
jamespierre_pit_2022_10,pit_2022_10,jamespierre_pit_2022,pit_2022,jamespierre,60649,cb,pit,1,0,2.0,0,0,0,0,0,0,0,0,0,0,0,0,0,0,0,0,0,10,2022,10
grantdelpit_cle_2022_10,cle_2022_10,grantdelpit_cle_2022,cle_2022,grantdelpit,60685,s,cle,1,2,2.0,0,0,0,0,0,0,0,0,0,0,0,0,0,0,0,0,0,10,2022,10
joshuahbledsoe_ne_2022_10,ne_2022_10,joshuahbledsoe_ne_2022,ne_2022,joshuahbledsoe,60691,s,ne,1,0,,0,0,0,0,0,0,0,0,0,0,0,0,0,0,0,0,0,10,2022,10
zyonmccollum_tb_2022_10,tb_2022_10,zyonmccollum_tb_2022,tb_2022,zyonmccollum,66769,cb,tb,1,0,23.5,0,0,0,0,0,0,0,0,0,0,0,0,0,0,0,0,0,10,2022,10
drakejackson_sf_2022_10,sf_2022_10,drakejackson_sf_2022,sf_2022,drakejackson,70839,ed,sf,1,0,4.0,0,0,0,0,0,0,0,0,0,0,0,0,0,0,0,0,0,10,2022,10
nikbonitto_den_2022_10,den_2022_10,nikbonitto_den_2022,den_2022,nikbonitto,77196,ed,den,1,0,1.0,0,0,0,0,0,0,0,0,0,0,0,0,0,0,0,0,0,10,2022,10
micahmcfadden_nyg_2022_10,nyg_2022_10,micahmcfadden_nyg_2022,nyg_2022,micahmcfadden,81246,lb,nyg,1,0,,0,0,0,0,0,0,0,0,0,0,0,0,0,0,0,0,0,10,2022,10
damoneclark_dal_2022_10,dal_2022_10,damoneclark_dal_2022,dal_2022,damoneclark,81282,lb,dal,1,3,6.5,0,0,0,0,0,0,0,0,0,0,0,0,0,0,0,0,0,10,2022,10
micahparsons_dal_2022_10,dal_2022_10,micahparsons_dal_2022,dal_2022,micahparsons,81360,ed,dal,1,0,3.3,0,0,0,0,0,0,0,0,0,0,0,0,0,0,0,0,0,10,2022,10
tommytogiai_cle_2022_10,cle_2022_10,tommytogiai_cle_2022,cle_2022,tommytogiai,82501,di,cle,1,0,,0,0,0,0,0,0,0,0,0,0,0,0,0,0,0,0,0,10,2022,10
channingtindall_mia_2022_10,mia_2022_10,channingtindall_mia_2022,mia_2022,channingtindall,82548,lb,mia,1,0,,0,0,0,0,0,0,0,0,0,0,0,0,0,0,0,0,0,10,2022,10
kelvinjoseph_dal_2022_10,dal_2022_10,kelvinjoseph_dal_2022,dal_2022,kelvinjoseph,83051,cb,dal,1,0,,0,0,0,0,0,0,0,0,0,0,0,0,0,0,0,0,0,10,2022,10
veronemckinleyiii_mia_2022_10,mia_2022_10,veronemckinleyiii_mia_2022,mia_2022,veronemckinleyiii,83068,s,mia,1,0,,0,0,0,0,0,0,0,0,0,0,0,0,0,0,0,0,0,10,2022,10
rachadwildgoose_was_2022_10,was_2022_10,rachadwildgoose_was_2022,was_2022,rachadwildgoose,83111,cb,was,1,0,5.0,0,0,0,0,0,0,0,0,0,0,0,0,0,0,0,0,0,10,2022,10
patricksurtainii_den_2022_10,den_2022_10,patricksurtainii_den_2022,den_2022,patricksurtainii,83119,cb,den,1,1,8.0,0,0,0,0,0,0,0,0,0,0,0,0,0,0,0,0,0,10,2022,10
gregnewsomeii_cle_2022_10,cle_2022_10,gregnewsomeii_cle_2022,cle_2022,gregnewsomeii,83341,cb,cle,1,0,7.0,0,0,0,0,0,0,0,0,0,0,0,0,0,0,0,0,0,10,2022,10
israelmukuamu_dal_2022_10,dal_2022_10,israelmukuamu_dal_2022,dal_2022,israelmukuamu,83377,s,dal,1,0,,0,0,0,0,0,0,0,0,0,0,0,0,0,0,0,0,0,10,2022,10
talanoahufanga_sf_2022_10,sf_2022_10,talanoahufanga_sf_2022,sf_2022,talanoahufanga,83903,s,sf,1,1,2.5,0,0,0,0,0,0,0,0,0,0,0,0,0,0,0,0,0,10,2022,10
daxtonhill_cin_2022_10,cin_2022_10,daxtonhill_cin_2022,cin_2022,daxtonhill,97519,s,cin,1,0,7.0,0,0,0,0,0,0,0,0,0,0,0,0,0,0,0,0,0,10,2022,10
martinemerson_cle_2022_10,cle_2022_10,martinemerson_cle_2022,cle_2022,martinemerson,97872,cb,cle,1,1,0.0,0,0,0,0,0,0,0,0,0,0,0,0,0,0,0,0,0,10,2022,10
alexwright_cle_2022_10,cle_2022_10,alexwright_cle_2022,cle_2022,alexwright,98318,ed,cle,1,0,,0,0,0,0,0,0,0,0,0,0,0,0,0,0,0,0,0,10,2022,10
kayvonthibodeaux_nyg_2022_10,nyg_2022_10,kayvonthibodeaux_nyg_2022,nyg_2022,kayvonthibodeaux,98444,ed,nyg,1,0,,0,0,0,0,0,0,0,0,0,0,0,0,0,0,0,0,0,10,2022,10
nakobedean_phi_2022_10,phi_2022_10,nakobedean_phi_2022,phi_2022,nakobedean,99018,lb,phi,1,0,,0,0,0,0,0,0,0,0,0,0,0,0,0,0,0,0,0,10,2022,10
danebelton_nyg_2022_10,nyg_2022_10,danebelton_nyg_2022,nyg_2022,danebelton,101398,s,nyg,1,0,,0,0,0,0,0,0,0,0,0,0,0,0,0,0,0,0,0,10,2022,10
samokuayinonu_ten_2022_10,ten_2022_10,samokuayinonu_ten_2022,ten_2022,samokuayinonu,101425,ed,ten,1,0,1.0,0,0,0,0,0,0,0,0,0,0,0,0,0,0,0,0,0,10,2022,10
calaiscampbell_bal_2022_10,bal_2022_10,calaiscampbell_bal_2022,bal_2022,calaiscampbell,4364,di,bal,1,0,-4.0,0,0,0,0,0,0,0,0,0,0,0,0,0,0,0,0,0,10,2022,10
brandongraham_phi_2022_10,phi_2022_10,brandongraham_phi_2022,phi_2022,brandongraham,5538,ed,phi,1,0,-2.0,0,0,0,0,0,0,0,0,0,0,0,0,0,0,0,0,0,10,2022,10
jasonpierrepaul_bal_2022_10,bal_2022_10,jasonpierrepaul_bal_2022,bal_2022,jasonpierrepaul,5540,ed,bal,1,0,,0,0,0,0,0,0,0,0,0,0,0,0,0,0,0,0,0,10,2022,10
devinmccourty_ne_2022_10,ne_2022_10,devinmccourty_ne_2022,ne_2022,devinmccourty,5552,s,ne,1,0,,0,0,0,0,0,0,0,0,0,0,0,0,0,0,0,0,0,10,2022,10
jerryhughes_hou_2022_10,hou_2022_10,jerryhughes_hou_2022,hou_2022,jerryhughes,5556,ed,hou,1,0,-0.5,0,0,0,0,0,0,0,0,0,0,0,0,0,0,0,0,0,10,2022,10
carlosdunlap_kc_2022_10,kc_2022_10,carlosdunlap_kc_2022,kc_2022,carlosdunlap,5579,ed,kc,1,0,5.0,0,0,0,0,0,0,0,0,0,0,0,0,0,0,0,0,0,10,2022,10
coreypeters_jax_2022_10,jax_2022_10,coreypeters_jax_2022,jax_2022,coreypeters,5607,di,jax,1,0,1.0,0,0,0,0,0,0,0,0,0,0,0,0,0,0,0,0,0,10,2022,10
alwoods_sea_2022_10,sea_2022_10,alwoods_sea_2022,sea_2022,alwoods,5646,di,sea,1,0,,0,0,0,0,0,0,0,0,0,0,0,0,0,0,0,0,0,10,2022,10
vonmiller_buf_2022_10,buf_2022_10,vonmiller_buf_2022,buf_2022,vonmiller,6154,ed,buf,1,0,-2.0,0,0,0,0,0,0,0,0,0,0,0,0,0,0,0,0,0,10,2022,10
patrickpeterson_min_2022_10,min_2022_10,patrickpeterson_min_2022,min_2022,patrickpeterson,6157,cb,min,1,0,,0,0,0,0,0,0,0,0,0,0,0,0,0,0,0,0,0,10,2022,10
jjwatt_ari_2022_10,ari_2022_10,jjwatt_ari_2022,ari_2022,jjwatt,6163,ed,ari,1,0,2.3,0,0,0,0,0,0,0,0,0,0,0,0,0,0,0,0,0,10,2022,10
robertquinn_phi_2022_10,phi_2022_10,robertquinn_phi_2022,phi_2022,robertquinn,6166,ed,phi,1,0,,0,0,0,0,0,0,0,0,0,0,0,0,0,0,0,0,0,10,2022,10
cameronjordan_no_2022_10,no_2022_10,cameronjordan_no_2022,no_2022,cameronjordan,6176,ed,no,1,1,8.0,0,0,0,0,0,0,0,0,0,0,0,0,0,0,0,0,0,10,2022,10
justinhouston_bal_2022_10,bal_2022_10,justinhouston_bal_2022,bal_2022,justinhouston,6222,ed,bal,1,0,,0,0,0,0,0,0,0,0,0,0,0,0,0,0,0,0,0,10,2022,10
lawrenceguy_ne_2022_10,ne_2022_10,lawrenceguy_ne_2022,ne_2022,lawrenceguy,6385,di,ne,1,3,4.5,0,0,0,0,0,0,0,0,0,0,0,0,0,0,0,0,0,10,2022,10
chrisharrisjr_no_2022_10,no_2022_10,chrisharrisjr_no_2022,no_2022,chrisharrisjr,6457,cb,no,1,0,0.0,0,0,0,0,0,0,0,0,0,0,0,0,0,0,0,0,0,10,2022,10
marioaddison_hou_2022_10,hou_2022_10,marioaddison_hou_2022,hou_2022,marioaddison,6558,ed,hou,1,0,,0,0,0,0,0,0,0,0,0,0,0,0,0,0,0,0,0,10,2022,10
stephongilmore_ind_2022_10,ind_2022_10,stephongilmore_ind_2022,ind_2022,stephongilmore,7016,cb,ind,1,0,2.0,0,0,0,0,0,0,0,0,0,0,0,0,0,0,0,0,0,10,2022,10
fletchercox_phi_2022_10,phi_2022_10,fletchercox_phi_2022,phi_2022,fletchercox,7018,di,phi,1,1,3.5,0,0,0,0,0,0,0,0,0,0,0,0,0,0,0,0,0,10,2022,10
bruceirvin_sea_2022_10,sea_2022_10,bruceirvin_sea_2022,sea_2022,bruceirvin,7021,ed,sea,1,0,4.0,0,0,0,0,0,0,0,0,0,0,0,0,0,0,0,0,0,10,2022,10
melviningramiii_mia_2022_10,mia_2022_10,melviningramiii_mia_2022,mia_2022,melviningramiii,7024,ed,mia,1,0,2.0,0,0,0,0,0,0,0,0,0,0,0,0,0,0,0,0,0,10,2022,10
chandlerjones_lv_2022_10,lv_2022_10,chandlerjones_lv_2022,lv_2022,chandlerjones,7027,ed,lv,1,1,3.0,0,0,0,0,0,0,0,0,0,0,0,0,0,0,0,0,0,10,2022,10
bobbywagner_lar_2022_10,lar_2022_10,bobbywagner_lar_2022,lar_2022,bobbywagner,7050,lb,lar,1,2,2.3,0,0,0,0,0,0,0,0,0,0,0,0,0,0,0,0,0,10,2022,10
lavontedavid_tb_2022_10,tb_2022_10,lavontedavid_tb_2022,tb_2022,lavontedavid,7060,lb,tb,1,0,-0.5,0,0,0,0,0,0,0,0,0,0,0,0,0,0,0,0,0,10,2022,10
vinnycurry_nyj_2022_10,nyj_2022_10,vinnycurry_nyj_2022,nyj_2022,vinnycurry,7061,ed,nyj,1,0,5.0,0,0,0,0,0,0,0,0,0,0,0,0,0,0,0,0,0,10,2022,10
demariodavis_no_2022_10,no_2022_10,demariodavis_no_2022,no_2022,demariodavis,7079,lb,no,1,1,0.5,0,0,0,0,0,0,0,0,0,0,0,0,0,0,0,0,0,10,2022,10
akiemhicks_tb_2022_10,tb_2022_10,akiemhicks_tb_2022,tb_2022,akiemhicks,7090,di,tb,1,0,,0,0,0,0,0,0,0,0,0,0,0,0,0,0,0,0,0,10,2022,10
rodneymcleod_ind_2022_10,ind_2022_10,rodneymcleod_ind_2022,ind_2022,rodneymcleod,7271,s,ind,1,0,5.5,0,0,0,0,0,0,0,0,0,0,0,0,0,0,0,0,0,10,2022,10
michaelthomas_cin_2022_10,cin_2022_10,michaelthomas_cin_2022,cin_2022,michaelthomas,7279,s,cin,1,0,7.0,0,0,0,0,0,0,0,0,0,0,0,0,0,0,0,0,0,10,2022,10
harrisonsmith_min_2022_10,min_2022_10,harrisonsmith_min_2022,min_2022,harrisonsmith,7641,s,min,1,2,16.0,0,0,0,0,0,0,0,0,0,0,0,0,0,0,0,0,0,10,2022,10
dariusslay_phi_2022_10,phi_2022_10,dariusslay_phi_2022,phi_2022,dariusslay,7817,cb,phi,1,0,10.0,0,0,0,0,0,0,0,0,0,0,0,0,0,0,0,0,0,10,2022,10
jonbostic_was_2022_10,was_2022_10,jonbostic_was_2022,was_2022,jonbostic,7831,lb,was,1,2,2.0,0,0,0,0,0,0,0,0,0,0,0,0,0,0,0,0,0,10,2022,10
tyrannmathieu_no_2022_10,no_2022_10,tyrannmathieu_no_2022,no_2022,tyrannmathieu,7850,s,no,1,2,2.0,0,0,0,0,0,0,0,0,0,0,0,0,0,0,0,0,0,10,2022,10
johnjenkins_mia_2022_10,mia_2022_10,johnjenkins_mia_2022,mia_2022,johnjenkins,7863,di,mia,1,0,0.0,0,0,0,0,0,0,0,0,0,0,0,0,0,0,0,0,0,10,2022,10
duronharmon_lv_2022_10,lv_2022_10,duronharmon_lv_2022,lv_2022,duronharmon,7872,s,lv,1,1,6.3,0,0,0,0,0,0,0,0,0,0,0,0,0,0,0,0,0,10,2022,10
williamgholston_tb_2022_10,tb_2022_10,williamgholston_tb_2022,tb_2022,williamgholston,7908,di,tb,1,2,0.0,0,0,0,0,0,0,0,0,0,0,0,0,0,0,0,0,0,10,2022,10
nickellrobeycoleman_lv_2022_10,lv_2022_10,nickellrobeycoleman_lv_2022,lv_2022,nickellrobeycoleman,8483,cb,lv,1,0,,0,0,0,0,0,0,0,0,0,0,0,0,0,0,0,0,0,10,2022,10
khalilmack_lac_2022_10,lac_2022_10,khalilmack_lac_2022,lac_2022,khalilmack,8640,ed,lac,1,0,4.0,0,0,0,0,0,0,0,0,0,0,0,0,0,0,0,0,0,10,2022,10
aarondonald_lar_2022_10,lar_2022_10,aarondonald_lar_2022,lar_2022,aarondonald,8648,di,lar,1,1,0.5,0,0,0,0,0,0,0,0,0,0,0,0,0,0,0,0,0,10,2022,10
cjmosley_nyj_2022_10,nyj_2022_10,cjmosley_nyj_2022,nyj_2022,cjmosley,8652,lb,nyj,1,0,9.0,0,0,0,0,0,0,0,0,0,0,0,0,0,0,0,0,0,10,2022,10
kylevannoy_lac_2022_10,lac_2022_10,kylevannoy_lac_2022,lac_2022,kylevannoy,8675,ed,lac,1,0,,0,0,0,0,0,0,0,0,0,0,0,0,0,0,0,0,0,10,2022,10
lamarcusjoyner_nyj_2022_10,nyj_2022_10,lamarcusjoyner_nyj_2022,nyj_2022,lamarcusjoyner,8676,s,nyj,1,1,,0,0,0,0,0,0,0,0,0,0,0,0,0,0,0,0,0,10,2022,10
jeremiahattaochu_lac_2022_10,lac_2022_10,jeremiahattaochu_lac_2022,lac_2022,jeremiahattaochu,8685,ed,lac,1,0,,0,0,0,0,0,0,0,0,0,0,0,0,0,0,0,0,0,10,2022,10
christiankirksey_hou_2022_10,hou_2022_10,christiankirksey_hou_2022,hou_2022,christiankirksey,8706,lb,hou,1,0,1.5,0,0,0,0,0,0,0,0,0,0,0,0,0,0,0,0,0,10,2022,10
daquanjones_buf_2022_10,buf_2022_10,daquanjones_buf_2022,buf_2022,daquanjones,8747,di,buf,1,0,,0,0,0,0,0,0,0,0,0,0,0,0,0,0,0,0,0,10,2022,10
brenturban_bal_2022_10,bal_2022_10,brenturban_bal_2022,bal_2022,brenturban,8769,di,bal,1,0,,0,0,0,0,0,0,0,0,0,0,0,0,0,0,0,0,0,10,2022,10
shelbyharris_sea_2022_10,sea_2022_10,shelbyharris_sea_2022,sea_2022,shelbyharris,8869,di,sea,1,1,6.0,0,0,0,0,0,0,0,0,0,0,0,0,0,0,0,0,0,10,2022,10
denicoautry_ten_2022_10,ten_2022_10,denicoautry_ten_2022,ten_2022,denicoautry,8982,ed,ten,1,0,1.0,0,0,0,0,0,0,0,0,0,0,0,0,0,0,0,0,0,10,2022,10
adrianphillips_ne_2022_10,ne_2022_10,adrianphillips_ne_2022,ne_2022,adrianphillips,9177,s,ne,1,0,3.5,0,0,0,0,0,0,0,0,0,0,0,0,0,0,0,0,0,10,2022,10
joethomas_chi_2022_10,chi_2022_10,joethomas_chi_2022,chi_2022,joethomas,9272,lb,chi,1,0,2.0,0,0,0,0,0,0,0,0,0,0,0,0,0,0,0,0,0,10,2022,10
mikepennel_chi_2022_10,chi_2022_10,mikepennel_chi_2022,chi_2022,mikepennel,9316,di,chi,1,0,1.0,0,0,0,0,0,0,0,0,0,0,0,0,0,0,0,0,0,10,2022,10
marcuspeters_bal_2022_10,bal_2022_10,marcuspeters_bal_2022,bal_2022,marcuspeters,9451,cb,bal,1,1,0.0,0,0,0,0,0,0,0,0,0,0,0,0,0,0,0,0,0,10,2022,10
shaqthompson_car_2022_10,car_2022_10,shaqthompson_car_2022,car_2022,shaqthompson,9458,lb,car,1,2,10.3,0,0,0,0,0,0,0,0,0,0,0,0,0,0,0,0,0,10,2022,10
marioedwardsjr_ten_2022_10,ten_2022_10,marioedwardsjr_ten_2022,ten_2022,marioedwardsjr,9468,ed,ten,1,0,3.0,0,0,0,0,0,0,0,0,0,0,0,0,0,0,0,0,0,10,2022,10
prestonsmith_gb_2022_10,gb_2022_10,prestonsmith_gb_2022,gb_2022,prestonsmith,9471,ed,gb,1,1,,0,0,0,0,0,0,0,0,0,0,0,0,0,0,0,0,0,10,2022,10
erickendricks_min_2022_10,min_2022_10,erickendricks_min_2022,min_2022,erickendricks,9478,lb,min,1,1,7.0,0,0,0,0,0,0,0,0,0,0,0,0,0,0,0,0,0,10,2022,10
ericrowe_mia_2022_10,mia_2022_10,ericrowe_mia_2022,mia_2022,ericrowe,9480,s,mia,1,0,5.0,0,0,0,0,0,0,0,0,0,0,0,0,0,0,0,0,0,10,2022,10
denzelperryman_lv_2022_10,lv_2022_10,denzelperryman_lv_2022,lv_2022,denzelperryman,9481,lb,lv,1,0,5.2,0,0,0,0,0,0,0,0,0,0,0,0,0,0,0,0,0,10,2022,10
jordanphillips_buf_2022_10,buf_2022_10,jordanphillips_buf_2022,buf_2022,jordanphillips,9485,di,buf,1,2,1.0,0,0,0,0,0,0,0,0,0,0,0,0,0,0,0,0,0,10,2022,10
markusgolden_ari_2022_10,ari_2022_10,markusgolden_ari_2022,ari_2022,markusgolden,9491,ed,ari,1,1,0.0,0,0,0,0,0,0,0,0,0,0,0,0,0,0,0,0,0,10,2022,10
pjwilliams_no_2022_10,no_2022_10,pjwilliams_no_2022,no_2022,pjwilliams,9511,s,no,1,0,,0,0,0,0,0,0,0,0,0,0,0,0,0,0,0,0,0,10,2022,10
jordanhicks_min_2022_10,min_2022_10,jordanhicks_min_2022,min_2022,jordanhicks,9517,lb,min,1,1,2.4,0,0,0,0,0,0,0,0,0,0,0,0,0,0,0,0,0,10,2022,10
daniellehunter_min_2022_10,min_2022_10,daniellehunter_min_2022,min_2022,daniellehunter,9521,ed,min,1,1,2.8,0,0,0,0,0,0,0,0,0,0,0,0,0,0,0,0,0,10,2022,10
carldavis_ne_2022_10,ne_2022_10,carldavis_ne_2022,ne_2022,carldavis,9523,di,ne,1,0,,0,0,0,0,0,0,0,0,0,0,0,0,0,0,0,0,0,10,2022,10
stevennelson_hou_2022_10,hou_2022_10,stevennelson_hou_2022,hou_2022,stevennelson,9531,cb,hou,1,0,8.0,0,0,0,0,0,0,0,0,0,0,0,0,0,0,0,0,0,10,2022,10
angeloblackson_chi_2022_10,chi_2022_10,angeloblackson_chi_2022,chi_2022,angeloblackson,9533,di,chi,1,0,,0,0,0,0,0,0,0,0,0,0,0,0,0,0,0,0,0,10,2022,10
zadariussmith_min_2022_10,min_2022_10,zadariussmith_min_2022,min_2022,zadariussmith,9555,ed,min,1,1,5.0,0,0,0,0,0,0,0,0,0,0,0,0,0,0,0,0,0,10,2022,10
kwonalexander_nyj_2022_10,nyj_2022_10,kwonalexander_nyj_2022,nyj_2022,kwonalexander,9557,lb,nyj,1,0,2.0,0,0,0,0,0,0,0,0,0,0,0,0,0,0,0,0,0,10,2022,10
damienwilson_car_2022_10,car_2022_10,damienwilson_car_2022,car_2022,damienwilson,9560,lb,car,1,0,5.5,0,0,0,0,0,0,0,0,0,0,0,0,0,0,0,0,0,10,2022,10
gradyjarrett_atl_2022_10,atl_2022_10,gradyjarrett_atl_2022,atl_2022,gradyjarrett,9570,di,atl,1,1,-1.0,0,0,0,0,0,0,0,0,0,0,0,0,0,0,0,0,0,10,2022,10
adrianamos_gb_2022_10,gb_2022_10,adrianamos_gb_2022,gb_2022,adrianamos,9575,s,gb,1,0,6.0,0,0,0,0,0,0,0,0,0,0,0,0,0,0,0,0,0,10,2022,10
bobbymccain_was_2022_10,was_2022_10,bobbymccain_was_2022,was_2022,bobbymccain,9578,s,was,1,2,-1.0,0,0,0,0,0,0,0,0,0,0,0,0,0,0,0,0,0,10,2022,10
quandrediggs_sea_2022_10,sea_2022_10,quandrediggs_sea_2022,sea_2022,quandrediggs,9633,s,sea,1,0,,0,0,0,0,0,0,0,0,0,0,0,0,0,0,0,0,0,10,2022,10
christiancovington_lac_2022_10,lac_2022_10,christiancovington_lac_2022,lac_2022,christiancovington,9649,di,lac,1,2,5.0,0,0,0,0,0,0,0,0,0,0,0,0,0,0,0,0,0,10,2022,10
rakeemnunezroches_tb_2022_10,tb_2022_10,rakeemnunezroches_tb_2022,tb_2022,rakeemnunezroches,9650,di,tb,1,0,3.0,0,0,0,0,0,0,0,0,0,0,0,0,0,0,0,0,0,10,2022,10
troyhill_lar_2022_10,lar_2022_10,troyhill_lar_2022,lar_2022,troyhill,9881,cb,lar,1,2,1.0,0,0,0,0,0,0,0,0,0,0,0,0,0,0,0,0,0,10,2022,10
brycecallahan_lac_2022_10,lac_2022_10,brycecallahan_lac_2022,lac_2022,brycecallahan,10000,cb,lac,1,0,3.0,0,0,0,0,0,0,0,0,0,0,0,0,0,0,0,0,0,10,2022,10
efeobada_was_2022_10,was_2022_10,efeobada_was_2022,was_2022,efeobada,10235,ed,was,1,0,2.0,0,0,0,0,0,0,0,0,0,0,0,0,0,0,0,0,0,10,2022,10
jalenramsey_lar_2022_10,lar_2022_10,jalenramsey_lar_2022,lar_2022,jalenramsey,10639,cb,lar,1,1,,0,0,0,0,0,0,0,0,0,0,0,0,0,0,0,0,0,10,2022,10
deforestbuckner_ind_2022_10,ind_2022_10,deforestbuckner_ind_2022,ind_2022,deforestbuckner,10641,di,ind,1,0,2.0,0,0,0,0,0,0,0,0,0,0,0,0,0,0,0,0,0,10,2022,10
leonardfloyd_lar_2022_10,lar_2022_10,leonardfloyd_lar_2022,lar_2022,leonardfloyd,10643,ed,lar,1,0,3.0,0,0,0,0,0,0,0,0,0,0,0,0,0,0,0,0,0,10,2022,10
eliapple_cin_2022_10,cin_2022_10,eliapple_cin_2022,cin_2022,eliapple,10644,cb,cin,1,0,,0,0,0,0,0,0,0,0,0,0,0,0,0,0,0,0,0,10,2022,10
keanuneal_tb_2022_10,tb_2022_10,keanuneal_tb_2022,tb_2022,keanuneal,10651,s,tb,1,4,4.0,0,0,0,0,0,0,0,0,0,0,0,0,0,0,0,0,0,10,2022,10
shaqlawson_buf_2022_10,buf_2022_10,shaqlawson_buf_2022,buf_2022,shaqlawson,10653,ed,buf,1,1,1.5,0,0,0,0,0,0,0,0,0,0,0,0,0,0,0,0,0,10,2022,10
kennyclark_gb_2022_10,gb_2022_10,kennyclark_gb_2022,gb_2022,kennyclark,10661,di,gb,1,3,4.7,0,0,0,0,0,0,0,0,0,0,0,0,0,0,0,0,0,10,2022,10
emmanuelogbah_mia_2022_10,mia_2022_10,emmanuelogbah_mia_2022,mia_2022,emmanuelogbah,10666,ed,mia,1,1,,0,0,0,0,0,0,0,0,0,0,0,0,0,0,0,0,0,10,2022,10
chrisjones_kc_2022_10,kc_2022_10,chrisjones_kc_2022,kc_2022,chrisjones,10671,di,kc,1,0,4.0,1,0,0,0,0,0,0,0,0,0,0,0,0,0,0,0,0,10,2022,10
xavienhoward_mia_2022_10,mia_2022_10,xavienhoward_mia_2022,mia_2022,xavienhoward,10672,cb,mia,1,1,,1,0,0,0,0,0,0,0,0,0,0,0,0,0,0,0,0,10,2022,10
ashawnrobinson_lar_2022_10,lar_2022_10,ashawnrobinson_lar_2022,lar_2022,ashawnrobinson,10680,di,lar,1,1,2.5,0,0,0,0,0,0,0,0,0,0,0,0,0,0,0,0,0,10,2022,10
jarranreed_gb_2022_10,gb_2022_10,jarranreed_gb_2022,gb_2022,jarranreed,10683,di,gb,1,2,,0,0,0,0,0,0,0,0,0,0,0,0,0,0,0,0,0,10,2022,10
vonnbell_cin_2022_10,cin_2022_10,vonnbell_cin_2022,cin_2022,vonnbell,10695,s,cin,1,0,2.0,0,0,0,0,0,0,0,0,0,0,0,0,0,0,0,0,0,10,2022,10
jamesbradberry_phi_2022_10,phi_2022_10,jamesbradberry_phi_2022,phi_2022,jamesbradberry,10696,cb,phi,1,0,6.0,0,0,0,0,0,0,0,0,0,0,0,0,0,0,0,0,0,10,2022,10
adamgotsis_jax_2022_10,jax_2022_10,adamgotsis_jax_2022,jax_2022,adamgotsis,10697,di,jax,1,0,,0,0,0,0,0,0,0,0,0,0,0,0,0,0,0,0,0,10,2022,10
kevinbyard_ten_2022_10,ten_2022_10,kevinbyard_ten_2022,ten_2022,kevinbyard,10698,s,ten,1,0,,0,0,0,0,0,0,0,0,0,0,0,0,0,0,0,0,0,10,2022,10
carlnassib_tb_2022_10,tb_2022_10,carlnassib_tb_2022,tb_2022,carlnassib,10699,ed,tb,1,0,6.0,0,0,0,0,0,0,0,0,0,0,0,0,0,0,0,0,0,10,2022,10
yannickngakoue_ind_2022_10,ind_2022_10,yannickngakoue_ind_2022,ind_2022,yannickngakoue,10703,ed,ind,1,0,,0,0,0,0,0,0,0,0,0,0,0,0,0,0,0,0,0,10,2022,10
jonathanbullard_min_2022_10,min_2022_10,jonathanbullard_min_2022,min_2022,jonathanbullard,10706,di,min,1,1,3.0,0,0,0,0,0,0,0,0,0,0,0,0,0,0,0,0,0,10,2022,10
kendallfuller_was_2022_10,was_2022_10,kendallfuller_was_2022,was_2022,kendallfuller,10718,cb,was,1,0,4.3,0,0,0,0,0,0,0,0,0,0,0,0,0,0,0,0,0,10,2022,10
javonhargrave_phi_2022_10,phi_2022_10,javonhargrave_phi_2022,phi_2022,javonhargrave,10723,di,phi,1,1,6.0,0,0,0,0,0,0,0,0,0,0,0,0,0,0,0,0,0,10,2022,10
ericmurray_hou_2022_10,hou_2022_10,ericmurray_hou_2022,hou_2022,ericmurray,10740,s,hou,1,1,,0,0,0,0,0,0,0,0,0,0,0,0,0,0,0,0,0,10,2022,10
davidonyemata_no_2022_10,no_2022_10,davidonyemata_no_2022,no_2022,davidonyemata,10754,di,no,1,0,,0,0,0,0,0,0,0,0,0,0,0,0,0,0,0,0,0,10,2022,10
andrewbillings_lv_2022_10,lv_2022_10,andrewbillings_lv_2022,lv_2022,andrewbillings,10756,di,lv,1,1,0.5,0,0,0,0,0,0,0,0,0,0,0,0,0,0,0,0,0,10,2022,10
blakemartinez_lv_2022_10,lv_2022_10,blakemartinez_lv_2022,lv_2022,blakemartinez,10765,lb,lv,1,3,6.8,0,0,0,0,0,0,0,0,0,0,0,0,0,0,0,0,0,10,2022,10
deanlowry_gb_2022_10,gb_2022_10,deanlowry_gb_2022,gb_2022,deanlowry,10771,di,gb,1,0,1.0,0,0,0,0,0,0,0,0,0,0,0,0,0,0,0,0,0,10,2022,10
matthewjudon_ne_2022_10,ne_2022_10,matthewjudon_ne_2022,ne_2022,matthewjudon,10780,ed,ne,1,1,0.0,0,0,0,0,0,0,0,0,0,0,0,0,0,0,0,0,0,10,2022,10
quintonjefferson_sea_2022_10,sea_2022_10,quintonjefferson_sea_2022,sea_2022,quintonjefferson,10781,di,sea,1,0,,0,0,0,0,0,0,0,0,0,0,0,0,0,0,0,0,0,10,2022,10
mattioannidis_car_2022_10,car_2022_10,mattioannidis_car_2022,car_2022,mattioannidis,10786,di,car,1,0,3.0,1,0,0,0,0,0,0,0,0,0,0,0,0,0,0,0,0,10,2022,10
deandrehoustoncarson_chi_2022_10,chi_2022_10,deandrehoustoncarson_chi_2022,chi_2022,deandrehoustoncarson,10819,s,chi,1,0,,0,0,0,0,0,0,0,0,0,0,0,0,0,0,0,0,0,10,2022,10
elandonroberts_mia_2022_10,mia_2022_10,elandonroberts_mia_2022,mia_2022,elandonroberts,10848,lb,mia,1,4,2.8,0,0,0,0,0,0,0,0,0,0,0,0,0,0,0,0,0,10,2022,10
willparks_nyj_2022_10,nyj_2022_10,willparks_nyj_2022,nyj_2022,willparks,10853,s,nyj,1,0,,0,0,0,0,0,0,0,0,0,0,0,0,0,0,0,0,0,10,2022,10
jalenmills_ne_2022_10,ne_2022_10,jalenmills_ne_2022,ne_2022,jalenmills,10867,cb,ne,1,0,2.0,0,0,0,0,0,0,0,0,0,0,0,0,0,0,0,0,0,10,2022,10
morganfox_lac_2022_10,lac_2022_10,morganfox_lac_2022,lac_2022,morganfox,11184,di,lac,1,2,2.0,0,0,0,0,0,0,0,0,0,0,0,0,0,0,0,0,0,10,2022,10
corylittleton_car_2022_10,car_2022_10,corylittleton_car_2022,car_2022,corylittleton,11190,lb,car,1,0,,0,0,0,0,0,0,0,0,0,0,0,0,0,0,0,0,0,10,2022,10
jonathanjones_ne_2022_10,ne_2022_10,jonathanjones_ne_2022,ne_2022,jonathanjones,11217,cb,ne,1,0,,0,0,0,0,0,0,0,0,0,0,0,0,0,0,0,0,0,10,2022,10
andrewadams_ten_2022_10,ten_2022_10,andrewadams_ten_2022,ten_2022,andrewadams,11240,s,ten,1,0,,0,0,0,0,0,0,0,0,0,0,0,0,0,0,0,0,0,10,2022,10
royrobertsonharris_jax_2022_10,jax_2022_10,royrobertsonharris_jax_2022,jax_2022,royrobertsonharris,11341,di,jax,1,0,4.5,0,0,0,0,0,0,0,0,0,0,0,0,0,0,0,0,0,10,2022,10
antoniohamilton_ari_2022_10,ari_2022_10,antoniohamilton_ari_2022,ari_2022,antoniohamilton,11353,cb,ari,1,0,,0,0,0,0,0,0,0,0,0,0,0,0,0,0,0,0,0,10,2022,10
solomonthomas_nyj_2022_10,nyj_2022_10,solomonthomas_nyj_2022,nyj_2022,solomonthomas,11758,di,nyj,1,0,,0,0,0,0,0,0,0,0,0,0,0,0,0,0,0,0,0,10,2022,10
haasonreddick_phi_2022_10,phi_2022_10,haasonreddick_phi_2022,phi_2022,haasonreddick,11768,ed,phi,1,1,-1.0,0,0,0,0,0,0,0,0,0,0,0,0,0,0,0,0,0,10,2022,10
marlonhumphrey_bal_2022_10,bal_2022_10,marlonhumphrey_bal_2022,bal_2022,marlonhumphrey,11771,cb,bal,1,1,0.0,0,0,0,0,0,0,0,0,0,0,0,0,0,0,0,0,0,10,2022,10
jonathanallen_was_2022_10,was_2022_10,jonathanallen_was_2022,was_2022,jonathanallen,11772,di,was,1,0,-1.0,0,0,0,0,0,0,0,0,0,0,0,0,0,0,0,0,0,10,2022,10
jabrillpeppers_ne_2022_10,ne_2022_10,jabrillpeppers_ne_2022,ne_2022,jabrillpeppers,11780,s,ne,1,2,0.5,0,0,0,0,0,0,0,0,0,0,0,0,0,0,0,0,0,10,2022,10
buddabaker_ari_2022_10,ari_2022_10,buddabaker_ari_2022,ari_2022,buddabaker,11791,s,ari,1,2,8.2,0,0,0,0,0,0,0,0,0,0,0,0,0,0,0,0,0,10,2022,10
marcusmaye_no_2022_10,no_2022_10,marcusmaye_no_2022,no_2022,marcusmaye,11794,s,no,1,1,8.5,0,0,0,0,0,0,0,0,0,0,0,0,0,0,0,0,0,10,2022,10
tyusbowser_bal_2022_10,bal_2022_10,tyusbowser_bal_2022,bal_2022,tyusbowser,11802,ed,bal,1,0,,0,0,0,0,0,0,0,0,0,0,0,0,0,0,0,0,0,10,2022,10
demarcuswalker_ten_2022_10,ten_2022_10,demarcuswalker_ten_2022,ten_2022,demarcuswalker,11806,ed,ten,1,0,,0,0,0,0,0,0,0,0,0,0,0,0,0,0,0,0,0,10,2022,10
raekwonmcmillan_ne_2022_10,ne_2022_10,raekwonmcmillan_ne_2022,ne_2022,raekwonmcmillan,11809,lb,ne,1,1,,0,0,0,0,0,0,0,0,0,0,0,0,0,0,0,0,0,10,2022,10
tanohkpassagnon_no_2022_10,no_2022_10,tanohkpassagnon_no_2022,no_2022,tanohkpassagnon,11814,ed,no,1,0,4.6,0,0,0,0,0,0,0,0,0,0,0,0,0,0,0,0,0,10,2022,10
joshjones_sea_2022_10,sea_2022_10,joshjones_sea_2022,sea_2022,joshjones,11816,s,sea,1,0,4.0,0,0,0,0,0,0,0,0,0,0,0,0,0,0,0,0,0,10,2022,10
dawuanesmoot_jax_2022_10,jax_2022_10,dawuanesmoot_jax_2022,jax_2022,dawuanesmoot,11823,ed,jax,1,0,,0,0,0,0,0,0,0,0,0,0,0,0,0,0,0,0,0,10,2022,10
dukeriley_mia_2022_10,mia_2022_10,dukeriley_mia_2022,mia_2022,dukeriley,11830,lb,mia,1,0,2.0,0,0,0,0,0,0,0,0,0,0,0,0,0,0,0,0,0,10,2022,10
alexanzalone_det_2022_10,det_2022_10,alexanzalone_det_2022,det_2022,alexanzalone,11831,lb,det,1,2,7.0,0,0,0,0,0,0,0,0,0,0,0,0,0,0,0,0,0,10,2022,10
rasuldouglas_gb_2022_10,gb_2022_10,rasuldouglas_gb_2022,gb_2022,rasuldouglas,11854,cb,gb,1,0,9.0,0,0,0,0,0,0,0,0,0,0,0,0,0,0,0,0,0,10,2022,10
treyhendrickson_cin_2022_10,cin_2022_10,treyhendrickson_cin_2022,cin_2022,treyhendrickson,11858,ed,cin,1,0,,0,0,0,0,0,0,0,0,0,0,0,0,0,0,0,0,0,10,2022,10
jaleeljohnson_hou_2022_10,hou_2022_10,jaleeljohnson_hou_2022,hou_2022,jaleeljohnson,11864,di,hou,1,0,,0,0,0,0,0,0,0,0,0,0,0,0,0,0,0,0,0,10,2022,10
eddiejackson_chi_2022_10,chi_2022_10,eddiejackson_chi_2022,chi_2022,eddiejackson,11867,s,chi,1,0,16.3,0,0,0,0,0,0,0,0,0,0,0,0,0,0,0,0,0,10,2022,10
rayshawnjenkins_jax_2022_10,jax_2022_10,rayshawnjenkins_jax_2022,jax_2022,rayshawnjenkins,11868,s,jax,1,3,-2.0,0,0,0,0,0,0,0,0,0,0,0,0,0,0,0,0,0,10,2022,10
carllawson_nyj_2022_10,nyj_2022_10,carllawson_nyj_2022,nyj_2022,carllawson,11871,ed,nyj,1,0,,0,0,0,0,0,0,0,0,0,0,0,0,0,0,0,0,0,10,2022,10
jalenreevesmaybin_hou_2022_10,hou_2022_10,jalenreevesmaybin_hou_2022,hou_2022,jalenreevesmaybin,11879,lb,hou,1,0,,0,0,0,0,0,0,0,0,0,0,0,0,0,0,0,0,0,10,2022,10
deatrichwisejr_ne_2022_10,ne_2022_10,deatrichwisejr_ne_2022,ne_2022,deatrichwisejr,11886,ed,ne,1,0,1.5,0,0,0,0,0,0,0,0,0,0,0,0,0,0,0,0,0,10,2022,10
groverstewart_ind_2022_10,ind_2022_10,groverstewart_ind_2022,ind_2022,groverstewart,11899,di,ind,1,1,-0.3,0,0,0,0,0,0,0,0,0,0,0,0,0,0,0,0,0,10,2022,10
desmondkingii_hou_2022_10,hou_2022_10,desmondkingii_hou_2022,hou_2022,desmondkingii,11906,cb,hou,1,0,-4.0,0,0,0,0,0,0,0,0,0,0,0,0,0,0,0,0,0,10,2022,10
davongodchaux_ne_2022_10,ne_2022_10,davongodchaux_ne_2022,ne_2022,davongodchaux,11934,di,ne,1,0,3.5,0,0,0,0,0,0,0,0,0,0,0,0,0,0,0,0,0,10,2022,10
chuckclark_bal_2022_10,bal_2022_10,chuckclark_bal_2022,bal_2022,chuckclark,11941,s,bal,1,1,,0,0,0,0,0,0,0,0,0,0,0,0,0,0,0,0,0,10,2022,10
xavierwoods_car_2022_10,car_2022_10,xavierwoods_car_2022,car_2022,xavierwoods,11946,s,car,1,0,4.8,0,0,0,0,0,0,0,0,0,0,0,0,0,0,0,0,0,10,2022,10
tannervallejo_ari_2022_10,ari_2022_10,tannervallejo_ari_2022,ari_2022,tannervallejo,11950,lb,ari,1,0,5.0,0,0,0,0,0,0,0,0,0,0,0,0,0,0,0,0,0,10,2022,10
ifeadiodenigbo_ind_2022_10,ind_2022_10,ifeadiodenigbo_ind_2022,ind_2022,ifeadiodenigbo,11975,ed,ind,1,0,,0,0,0,0,0,0,0,0,0,0,0,0,0,0,0,0,0,10,2022,10
michaeldavis_lac_2022_10,lac_2022_10,michaeldavis_lac_2022,lac_2022,michaeldavis,12040,cb,lac,1,2,7.0,0,0,0,0,0,0,0,0,0,0,0,0,0,0,0,0,0,10,2022,10
joejones_ten_2022_10,ten_2022_10,joejones_ten_2022,ten_2022,joejones,12321,lb,ten,1,0,,1,0,0,0,0,0,0,0,0,0,0,0,0,0,0,0,0,10,2022,10
jonathanledbetter_ari_2022_10,ari_2022_10,jonathanledbetter_ari_2022,ari_2022,jonathanledbetter,18645,di,ari,1,1,2.0,0,0,0,0,0,0,0,0,0,0,0,0,0,0,0,0,0,10,2022,10
dylancole_ten_2022_10,ten_2022_10,dylancole_ten_2022,ten_2022,dylancole,24304,lb,ten,1,0,1.0,0,0,0,0,0,0,0,0,0,0,0,0,0,0,0,0,0,10,2022,10
nathanshepherd_nyj_2022_10,nyj_2022_10,nathanshepherd_nyj_2022,nyj_2022,nathanshepherd,24614,di,nyj,1,1,,0,0,0,0,0,0,0,0,0,0,0,0,0,0,0,0,0,10,2022,10
foyesadeoluokun_jax_2022_10,jax_2022_10,foyesadeoluokun_jax_2022,jax_2022,foyesadeoluokun,24904,lb,jax,1,0,3.5,0,0,0,0,0,0,0,0,0,0,0,0,0,0,0,0,0,10,2022,10
anferneejennings_ne_2022_10,ne_2022_10,anferneejennings_ne_2022,ne_2022,anferneejennings,25449,ed,ne,1,1,,0,0,0,0,0,0,0,0,0,0,0,0,0,0,0,0,0,10,2022,10
bravvionroy_car_2022_10,car_2022_10,bravvionroy_car_2022,car_2022,bravvionroy,25644,di,car,1,3,10.0,0,0,0,0,0,0,0,0,0,0,0,0,0,0,0,0,0,10,2022,10
seanmurphybunting_tb_2022_10,tb_2022_10,seanmurphybunting_tb_2022,tb_2022,seanmurphybunting,25891,cb,tb,1,0,7.3,0,0,0,0,0,0,0,0,0,0,0,0,0,0,0,0,0,10,2022,10
clelinferrell_lv_2022_10,lv_2022_10,clelinferrell_lv_2022,lv_2022,clelinferrell,25955,ed,lv,1,2,5.0,0,0,0,0,0,0,0,0,0,0,0,0,0,0,0,0,0,10,2022,10
maxxcrosby_lv_2022_10,lv_2022_10,maxxcrosby_lv_2022,lv_2022,maxxcrosby,26316,ed,lv,1,0,-0.3,0,0,0,0,0,0,0,0,0,0,0,0,0,0,0,0,0,10,2022,10
benbanogu_ind_2022_10,ind_2022_10,benbanogu_ind_2022,ind_2022,benbanogu,26554,ed,ind,1,0,,0,0,0,0,0,0,0,0,0,0,0,0,0,0,0,0,0,10,2022,10
cjmoore_det_2022_10,det_2022_10,cjmoore_det_2022,det_2022,cjmoore,26617,s,det,1,1,,0,0,0,0,0,0,0,0,0,0,0,0,0,0,0,0,0,10,2022,10
djreedjr_nyj_2022_10,nyj_2022_10,djreedjr_nyj_2022,nyj_2022,djreedjr,26940,cb,nyj,1,0,6.0,0,0,0,0,0,0,0,0,0,0,0,0,0,0,0,0,0,10,2022,10
isaiahrodgers_ind_2022_10,ind_2022_10,isaiahrodgers_ind_2022,ind_2022,isaiahrodgers,27069,cb,ind,1,0,,0,0,0,0,0,0,0,0,0,0,0,0,0,0,0,0,0,10,2022,10
brycehuff_nyj_2022_10,nyj_2022_10,brycehuff_nyj_2022,nyj_2022,brycehuff,27128,ed,nyj,1,0,,0,0,0,0,0,0,0,0,0,0,0,0,0,0,0,0,0,10,2022,10
montezsweat_was_2022_10,was_2022_10,montezsweat_was_2022,was_2022,montezsweat,27271,ed,was,1,0,,0,0,0,0,0,0,0,0,0,0,0,0,0,0,0,0,0,10,2022,10
davidlongjr_lar_2022_10,lar_2022_10,davidlongjr_lar_2022,lar_2022,davidlongjr,27377,cb,lar,1,0,,0,0,0,0,0,0,0,0,0,0,0,0,0,0,0,0,0,10,2022,10
joshuche_ne_2022_10,ne_2022_10,joshuche_ne_2022,ne_2022,joshuche,27379,ed,ne,1,0,5.0,0,0,0,0,0,0,0,0,0,0,0,0,0,0,0,0,0,10,2022,10
jalendalton_atl_2022_10,atl_2022_10,jalendalton_atl_2022,atl_2022,jalendalton,27753,di,atl,1,0,3.3,0,0,0,0,0,0,0,0,0,0,0,0,0,0,0,0,0,10,2022,10
armonwatts_chi_2022_10,chi_2022_10,armonwatts_chi_2022,chi_2022,armonwatts,27844,di,chi,1,0,0.5,0,0,0,0,0,0,0,0,0,0,0,0,0,0,0,0,0,10,2022,10
davonhamilton_jax_2022_10,jax_2022_10,davonhamilton_jax_2022,jax_2022,davonhamilton,28072,di,jax,1,2,0.0,0,0,0,0,0,0,0,0,0,0,0,0,0,0,0,0,0,10,2022,10
malikharrison_bal_2022_10,bal_2022_10,malikharrison_bal_2022,bal_2022,malikharrison,28081,lb,bal,1,0,,0,0,0,0,0,0,0,0,0,0,0,0,0,0,0,0,0,10,2022,10
jeromebaker_mia_2022_10,mia_2022_10,jeromebaker_mia_2022,mia_2022,jeromebaker,28091,lb,mia,1,1,4.3,0,0,0,0,0,0,0,0,0,0,0,0,0,0,0,0,0,10,2022,10
bilalnichols_lv_2022_10,lv_2022_10,bilalnichols_lv_2022,lv_2022,bilalnichols,28451,di,lv,1,2,,0,0,0,0,0,0,0,0,0,0,0,0,0,0,0,0,0,10,2022,10
deshonelliott_det_2022_10,det_2022_10,deshonelliott_det_2022,det_2022,deshonelliott,28854,s,det,1,1,5.5,0,0,0,0,0,0,0,0,0,0,0,0,0,0,0,0,0,10,2022,10
jackjones_ne_2022_10,ne_2022_10,jackjones_ne_2022,ne_2022,jackjones,29050,cb,ne,1,0,,0,0,0,0,0,0,0,0,0,0,0,0,0,0,0,0,0,10,2022,10
dariusharris_kc_2022_10,kc_2022_10,dariusharris_kc_2022,kc_2022,dariusharris,29188,lb,kc,1,0,,0,0,0,0,0,0,0,0,0,0,0,0,0,0,0,0,0,10,2022,10
davidlong_ten_2022_10,ten_2022_10,davidlong_ten_2022,ten_2022,davidlong,29367,lb,ten,1,1,1.0,0,0,0,0,0,0,0,0,0,0,0,0,0,0,0,0,0,10,2022,10
germainepratt_cin_2022_10,cin_2022_10,germainepratt_cin_2022,cin_2022,germainepratt,29407,lb,cin,1,1,,0,0,0,0,0,0,0,0,0,0,0,0,0,0,0,0,0,10,2022,10
loganwilson_cin_2022_10,cin_2022_10,loganwilson_cin_2022,cin_2022,loganwilson,29623,lb,cin,1,0,2.0,0,0,0,0,0,0,0,0,0,0,0,0,0,0,0,0,0,10,2022,10
andrewvanginkel_mia_2022_10,mia_2022_10,andrewvanginkel_mia_2022,mia_2022,andrewvanginkel,30267,ed,mia,1,0,,0,0,0,0,0,0,0,0,0,0,0,0,0,0,0,0,0,10,2022,10
tjedwards_phi_2022_10,phi_2022_10,tjedwards_phi_2022,phi_2022,tjedwards,30737,lb,phi,1,0,4.0,0,0,0,0,0,0,0,0,0,0,0,0,0,0,0,0,0,10,2022,10
khalensaunders_kc_2022_10,kc_2022_10,khalensaunders_kc_2022,kc_2022,khalensaunders,31534,di,kc,1,2,1.7,0,0,0,0,0,0,0,0,0,0,0,0,0,0,0,0,0,10,2022,10
abdullahanderson_atl_2022_10,atl_2022_10,abdullahanderson_atl_2022,atl_2022,abdullahanderson,32708,di,atl,1,1,,0,0,0,0,0,0,0,0,0,0,0,0,0,0,0,0,0,10,2022,10
danejackson_buf_2022_10,buf_2022_10,danejackson_buf_2022,buf_2022,danejackson,32989,cb,buf,1,1,6.0,0,0,0,0,0,0,0,0,0,0,0,0,0,0,0,0,0,10,2022,10
ericjohnson_ind_2022_10,ind_2022_10,ericjohnson_ind_2022,ind_2022,ericjohnson,33698,di,ind,1,0,,0,0,0,0,0,0,0,0,0,0,0,0,0,0,0,0,0,10,2022,10
nasiradderley_lac_2022_10,lac_2022_10,nasiradderley_lac_2022,lac_2022,nasiradderley,33880,s,lac,1,1,27.0,0,0,0,0,0,0,0,0,0,0,0,0,0,0,0,0,0,10,2022,10
mikehughes_det_2022_10,det_2022_10,mikehughes_det_2022,det_2022,mikehughes,34057,cb,det,1,0,4.5,0,0,0,0,0,0,0,0,0,0,0,0,0,0,0,0,0,10,2022,10
darnellsavage_gb_2022_10,gb_2022_10,darnellsavage_gb_2022,gb_2022,darnellsavage,34247,s,gb,1,0,8.5,0,0,0,0,0,0,0,0,0,0,0,0,0,0,0,0,0,10,2022,10
zackbaun_no_2022_10,no_2022_10,zackbaun_no_2022,no_2022,zackbaun,34632,lb,no,1,0,7.0,0,0,0,0,0,0,0,0,0,0,0,0,0,0,0,0,0,10,2022,10
johnathanabram_lv_2022_10,lv_2022_10,johnathanabram_lv_2022,lv_2022,johnathanabram,34646,s,lv,1,0,4.5,0,0,0,0,0,0,0,0,0,0,0,0,0,0,0,0,0,10,2022,10
akeemdavisgaither_cin_2022_10,cin_2022_10,akeemdavisgaither_cin_2022,cin_2022,akeemdavisgaither,34788,lb,cin,1,1,3.0,0,0,0,0,0,0,0,0,0,0,0,0,0,0,0,0,0,10,2022,10
jameldean_tb_2022_10,tb_2022_10,jameldean_tb_2022,tb_2022,jameldean,34918,cb,tb,1,0,2.0,0,0,0,0,0,0,0,0,0,0,0,0,0,0,0,0,0,10,2022,10
taehayes_car_2022_10,car_2022_10,taehayes_car_2022,car_2022,taehayes,35173,cb,car,1,1,11.0,0,0,0,0,0,0,0,0,0,0,0,0,0,0,0,0,0,10,2022,10
trevisgipson_chi_2022_10,chi_2022_10,trevisgipson_chi_2022,chi_2022,trevisgipson,35241,ed,chi,1,1,1.0,0,0,0,0,0,0,0,0,0,0,0,0,0,0,0,0,0,10,2022,10
blakecashman_hou_2022_10,hou_2022_10,blakecashman_hou_2022,hou_2022,blakecashman,35413,lb,hou,1,0,,0,0,0,0,0,0,0,0,0,0,0,0,0,0,0,0,0,10,2022,10
shytuttle_no_2022_10,no_2022_10,shytuttle_no_2022,no_2022,shytuttle,37279,di,no,1,0,,0,0,0,0,0,0,0,0,0,0,0,0,0,0,0,0,0,10,2022,10
derrektuszka_lac_2022_10,lac_2022_10,derrektuszka_lac_2022,lac_2022,derrektuszka,37724,ed,lac,1,0,,0,0,0,0,0,0,0,0,0,0,0,0,0,0,0,0,0,10,2022,10
camrynbynum_min_2022_10,min_2022_10,camrynbynum_min_2022,min_2022,camrynbynum,38408,s,min,1,1,,0,0,0,0,0,0,0,0,0,0,0,0,0,0,0,0,0,10,2022,10
bryanmone_sea_2022_10,sea_2022_10,bryanmone_sea_2022,sea_2022,bryanmone,38461,di,sea,1,0,,0,0,0,0,0,0,0,0,0,0,0,0,0,0,0,0,0,10,2022,10
caseytoohill_was_2022_10,was_2022_10,caseytoohill_was_2022,was_2022,caseytoohill,38472,ed,was,1,0,4.0,0,0,0,0,0,0,0,0,0,0,0,0,0,0,0,0,0,10,2022,10
marquisecopeland_lar_2022_10,lar_2022_10,marquisecopeland_lar_2022,lar_2022,marquisecopeland,38540,di,lar,1,0,5.0,0,0,0,0,0,0,0,0,0,0,0,0,0,0,0,0,0,10,2022,10
folorunsofatukasi_jax_2022_10,jax_2022_10,folorunsofatukasi_jax_2022,jax_2022,folorunsofatukasi,38558,di,jax,1,1,1.0,0,0,0,0,0,0,0,0,0,0,0,0,0,0,0,0,0,10,2022,10
ljariussneed_kc_2022_10,kc_2022_10,ljariussneed_kc_2022,kc_2022,ljariussneed,40588,cb,kc,1,1,5.7,0,0,0,0,0,0,0,0,0,0,0,0,0,0,0,0,0,10,2022,10
alohigilman_lac_2022_10,lac_2022_10,alohigilman_lac_2022,lac_2022,alohigilman,41662,s,lac,1,1,4.0,0,0,0,0,0,0,0,0,0,0,0,0,0,0,0,0,0,10,2022,10
edoliver_buf_2022_10,buf_2022_10,edoliver_buf_2022,buf_2022,edoliver,42200,di,buf,1,0,7.3,0,0,0,0,0,0,0,0,0,0,0,0,0,0,0,0,0,10,2022,10
isaiahsimmons_ari_2022_10,ari_2022_10,isaiahsimmons_ari_2022,ari_2022,isaiahsimmons,42451,lb,ari,1,1,3.0,0,0,0,0,0,0,0,0,0,0,0,0,0,0,0,0,0,10,2022,10
kvonwallace_phi_2022_10,phi_2022_10,kvonwallace_phi_2022,phi_2022,kvonwallace,42467,s,phi,1,0,7.0,0,0,0,0,0,0,0,0,0,0,0,0,0,0,0,0,0,10,2022,10
rashadweaver_ten_2022_10,ten_2022_10,rashadweaver_ten_2022,ten_2022,rashadweaver,42495,ed,ten,1,0,,0,0,0,0,0,0,0,0,0,0,0,0,0,0,0,0,0,10,2022,10
terrelllewis_lar_2022_10,lar_2022_10,terrelllewis_lar_2022,lar_2022,terrelllewis,42845,ed,lar,1,0,1.0,2,0,0,0,0,0,0,0,0,0,0,0,0,0,0,0,0,10,2022,10
kristianfulton_ten_2022_10,ten_2022_10,kristianfulton_ten_2022,ten_2022,kristianfulton,42894,cb,ten,1,0,,2,0,0,0,0,0,0,0,0,0,0,0,0,0,0,0,0,10,2022,10
devinwhite_tb_2022_10,tb_2022_10,devinwhite_tb_2022,tb_2022,devinwhite,43089,lb,tb,1,1,-2.0,0,0,0,0,0,0,0,0,0,0,0,0,0,0,0,0,0,10,2022,10
richiegrant_atl_2022_10,atl_2022_10,richiegrant_atl_2022,atl_2022,richiegrant,43196,s,atl,1,1,5.8,0,0,0,0,0,0,0,0,0,0,0,0,0,0,0,0,0,10,2022,10
joebachie_cin_2022_10,cin_2022_10,joebachie_cin_2022,cin_2022,joebachie,43250,lb,cin,1,3,3.0,0,0,0,0,0,0,0,0,0,0,0,0,0,0,0,0,0,10,2022,10
damarhamlin_buf_2022_10,buf_2022_10,damarhamlin_buf_2022,buf_2022,damarhamlin,43291,s,buf,1,3,10.3,0,0,0,0,0,0,0,0,0,0,0,0,0,0,0,0,0,10,2022,10
mylesbryant_ne_2022_10,ne_2022_10,mylesbryant_ne_2022,ne_2022,mylesbryant,43336,cb,ne,1,0,,0,0,0,0,0,0,0,0,0,0,0,0,0,0,0,0,0,10,2022,10
joshmetellus_min_2022_10,min_2022_10,joshmetellus_min_2022,min_2022,joshmetellus,43395,s,min,1,0,,0,0,0,0,0,0,0,0,0,0,0,0,0,0,0,0,0,10,2022,10
jakehansen_hou_2022_10,hou_2022_10,jakehansen_hou_2022,hou_2022,jakehansen,43645,lb,hou,1,0,5.0,0,0,0,0,0,0,0,0,0,0,0,0,0,0,0,0,0,10,2022,10
derrickbrown_car_2022_10,car_2022_10,derrickbrown_car_2022,car_2022,derrickbrown,43883,di,car,1,1,,0,0,0,0,0,0,0,0,0,0,0,0,0,0,0,0,0,10,2022,10
timmyhorne_atl_2022_10,atl_2022_10,timmyhorne_atl_2022,atl_2022,timmyhorne,43918,di,atl,1,0,,0,0,0,0,0,0,0,0,0,0,0,0,0,0,0,0,0,10,2022,10
patrickjonesii_min_2022_10,min_2022_10,patrickjonesii_min_2022,min_2022,patrickjonesii,43974,ed,min,1,0,,0,0,0,0,0,0,0,0,0,0,0,0,0,0,0,0,0,10,2022,10
byronmurphyjr_ari_2022_10,ari_2022_10,byronmurphyjr_ari_2022,ari_2022,byronmurphyjr,44027,cb,ari,1,0,,0,0,0,0,0,0,0,0,0,0,0,0,0,0,0,0,0,10,2022,10
benitojones_det_2022_10,det_2022_10,benitojones_det_2022,det_2022,benitojones,44035,di,det,1,0,0.0,0,0,0,0,0,0,0,0,0,0,0,0,0,0,0,0,0,10,2022,10
adetokunboogundeji_atl_2022_10,atl_2022_10,adetokunboogundeji_atl_2022,atl_2022,adetokunboogundeji,44047,ed,atl,1,1,,0,0,0,0,0,0,0,0,0,0,0,0,0,0,0,0,0,10,2022,10
julianokwara_det_2022_10,det_2022_10,julianokwara_det_2022,det_2022,julianokwara,44152,ed,det,1,1,1.0,0,0,0,0,0,0,0,0,0,0,0,0,0,0,0,0,0,10,2022,10
quinnenwilliams_nyj_2022_10,nyj_2022_10,quinnenwilliams_nyj_2022,nyj_2022,quinnenwilliams,44216,di,nyj,1,1,1.0,0,0,0,0,0,0,0,0,0,0,0,0,0,0,0,0,0,10,2022,10
justinmadubuike_bal_2022_10,bal_2022_10,justinmadubuike_bal_2022,bal_2022,justinmadubuike,44304,di,bal,1,0,4.0,0,0,0,0,0,0,0,0,0,0,0,0,0,0,0,0,0,10,2022,10
boogiebasham_buf_2022_10,buf_2022_10,boogiebasham_buf_2022,buf_2022,boogiebasham,44320,ed,buf,1,1,,0,0,0,0,0,0,0,0,0,0,0,0,0,0,0,0,0,10,2022,10
naquanjones_ten_2022_10,ten_2022_10,naquanjones_ten_2022,ten_2022,naquanjones,44363,di,ten,1,0,3.0,0,0,0,0,0,0,0,0,0,0,0,0,0,0,0,0,0,10,2022,10
kyzirwhite_phi_2022_10,phi_2022_10,kyzirwhite_phi_2022,phi_2022,kyzirwhite,44485,lb,phi,1,1,2.7,0,0,0,0,0,0,0,0,0,0,0,0,0,0,0,0,0,10,2022,10
brianburns_car_2022_10,car_2022_10,brianburns_car_2022,car_2022,brianburns,44522,ed,car,1,0,4.0,1,0,0,0,0,0,0,0,0,0,0,0,0,0,0,0,0,10,2022,10
rossblacklock_min_2022_10,min_2022_10,rossblacklock_min_2022,min_2022,rossblacklock,44526,di,min,1,0,,0,0,0,0,0,0,0,0,0,0,0,0,0,0,0,0,0,10,2022,10
djwonnum_min_2022_10,min_2022_10,djwonnum_min_2022,min_2022,djwonnum,44550,ed,min,1,0,,0,0,0,0,0,0,0,0,0,0,0,0,0,0,0,0,0,10,2022,10
raekwondavis_mia_2022_10,mia_2022_10,raekwondavis_mia_2022,mia_2022,raekwondavis,44582,di,mia,1,0,2.3,0,0,0,0,0,0,0,0,0,0,0,0,0,0,0,0,0,10,2022,10
lekifotu_ari_2022_10,ari_2022_10,lekifotu_ari_2022,ari_2022,lekifotu,44614,di,ari,1,0,4.0,0,0,0,0,0,0,0,0,0,0,0,0,0,0,0,0,0,10,2022,10
lukemasterson_lv_2022_10,lv_2022_10,lukemasterson_lv_2022,lv_2022,lukemasterson,45046,lb,lv,1,2,,0,0,0,0,0,0,0,0,0,0,0,0,0,0,0,0,0,10,2022,10
brandonstephens_bal_2022_10,bal_2022_10,brandonstephens_bal_2022,bal_2022,brandonstephens,45644,cb,bal,1,0,,0,0,0,0,0,0,0,0,0,0,0,0,0,0,0,0,0,10,2022,10
kentaviusstreet_no_2022_10,no_2022_10,kentaviusstreet_no_2022,no_2022,kentaviusstreet,48404,di,no,1,0,5.0,0,0,0,0,0,0,0,0,0,0,0,0,0,0,0,0,0,10,2022,10
anthonynelson_tb_2022_10,tb_2022_10,anthonynelson_tb_2022,tb_2022,anthonynelson,48405,ed,tb,1,1,5.0,0,0,0,0,0,0,0,0,0,0,0,0,0,0,0,0,0,10,2022,10
michaeldanna_kc_2022_10,kc_2022_10,michaeldanna_kc_2022,kc_2022,michaeldanna,48415,ed,kc,1,1,4.0,0,0,0,0,0,0,0,0,0,0,0,0,0,0,0,0,0,10,2022,10
jamessmithwilliams_was_2022_10,was_2022_10,jamessmithwilliams_was_2022,was_2022,jamessmithwilliams,48455,ed,was,1,0,2.7,0,0,0,0,0,0,0,0,0,0,0,0,0,0,0,0,0,10,2022,10
samhubbard_cin_2022_10,cin_2022_10,samhubbard_cin_2022,cin_2022,samhubbard,48457,ed,cin,1,1,3.0,0,0,0,0,0,0,0,0,0,0,0,0,0,0,0,0,0,10,2022,10
justinhollins_lar_2022_10,lar_2022_10,justinhollins_lar_2022,lar_2022,justinhollins,48498,ed,lar,1,0,,0,0,0,0,0,0,0,0,0,0,0,0,0,0,0,0,0,10,2022,10
carlgranderson_no_2022_10,no_2022_10,carlgranderson_no_2022,no_2022,carlgranderson,48500,ed,no,1,0,5.7,0,0,0,0,0,0,0,0,0,0,0,0,0,0,0,0,0,10,2022,10
bradleychubb_mia_2022_10,mia_2022_10,bradleychubb_mia_2022,mia_2022,bradleychubb,48526,ed,mia,1,1,,0,0,0,0,0,0,0,0,0,0,0,0,0,0,0,0,0,10,2022,10
roylopez_hou_2022_10,hou_2022_10,roylopez_hou_2022,hou_2022,roylopez,48676,di,hou,1,0,,0,0,0,0,0,0,0,0,0,0,0,0,0,0,0,0,0,10,2022,10
harrisonphillips_min_2022_10,min_2022_10,harrisonphillips_min_2022,min_2022,harrisonphillips,48690,di,min,1,2,4.0,0,0,0,0,0,0,0,0,0,0,0,0,0,0,0,0,0,10,2022,10
daronpayne_was_2022_10,was_2022_10,daronpayne_was_2022,was_2022,daronpayne,48698,di,was,1,0,1.3,0,0,0,0,0,0,0,0,0,0,0,0,0,0,0,0,0,10,2022,10
rasheemgreen_hou_2022_10,hou_2022_10,rasheemgreen_hou_2022,hou_2022,rasheemgreen,48731,ed,hou,1,0,4.0,0,0,0,0,0,0,0,0,0,0,0,0,0,0,0,0,0,10,2022,10
ljcollier_sea_2022_10,sea_2022_10,ljcollier_sea_2022,sea_2022,ljcollier,48822,di,sea,1,0,11.0,0,0,0,0,0,0,0,0,0,0,0,0,0,0,0,0,0,10,2022,10
michaeldogbe_ari_2022_10,ari_2022_10,michaeldogbe_ari_2022,ari_2022,michaeldogbe,48850,di,ari,1,0,,0,0,0,0,0,0,0,0,0,0,0,0,0,0,0,0,0,10,2022,10
danielekuale_ne_2022_10,ne_2022_10,danielekuale_ne_2022,ne_2022,danielekuale,48874,di,ne,1,0,,0,0,0,0,0,0,0,0,0,0,0,0,0,0,0,0,0,10,2022,10
poonaford_sea_2022_10,sea_2022_10,poonaford_sea_2022,sea_2022,poonaford,48875,di,sea,1,0,,0,0,0,0,0,0,0,0,0,0,0,0,0,0,0,0,0,10,2022,10
danielwise_was_2022_10,was_2022_10,danielwise_was_2022,was_2022,danielwise,48922,di,was,1,1,,0,0,0,0,0,0,0,0,0,0,0,0,0,0,0,0,0,10,2022,10
taylorstallworth_kc_2022_10,kc_2022_10,taylorstallworth_kc_2022,kc_2022,taylorstallworth,48935,di,kc,1,1,1.0,0,0,0,0,0,0,0,0,0,0,0,0,0,0,0,0,0,10,2022,10
justinjones_chi_2022_10,chi_2022_10,justinjones_chi_2022,chi_2022,justinjones,48940,di,chi,1,2,1.0,0,0,0,0,0,0,0,0,0,0,0,0,0,0,0,0,0,10,2022,10
vitavea_tb_2022_10,tb_2022_10,vitavea_tb_2022,tb_2022,vitavea,48956,di,tb,1,0,0.0,0,0,0,0,0,0,0,0,0,0,0,0,0,0,0,0,0,10,2022,10
timsettle_buf_2022_10,buf_2022_10,timsettle_buf_2022,buf_2022,timsettle,48966,di,buf,1,0,,0,0,0,0,0,0,0,0,0,0,0,0,0,0,0,0,0,10,2022,10
nickscott_lar_2022_10,lar_2022_10,nickscott_lar_2022,lar_2022,nickscott,49012,s,lar,1,0,2.0,0,0,0,0,0,0,0,0,0,0,0,0,0,0,0,0,0,10,2022,10
justinreid_kc_2022_10,kc_2022_10,justinreid_kc_2022,kc_2022,justinreid,49048,s,kc,1,0,24.0,0,0,0,0,0,0,0,0,0,0,0,0,0,0,0,0,0,10,2022,10
jalenthompson_ari_2022_10,ari_2022_10,jalenthompson_ari_2022,ari_2022,jalenthompson,49116,s,ari,1,0,7.0,0,0,0,0,0,0,0,0,0,0,0,0,0,0,0,0,0,10,2022,10
ryanneal_sea_2022_10,sea_2022_10,ryanneal_sea_2022,sea_2022,ryanneal,49132,s,sea,1,0,1.0,0,0,0,0,0,0,0,0,0,0,0,0,0,0,0,0,0,10,2022,10
myleshartsfield_car_2022_10,car_2022_10,myleshartsfield_car_2022,car_2022,myleshartsfield,49159,s,car,1,1,2.5,0,0,0,0,0,0,0,0,0,0,0,0,0,0,0,0,0,10,2022,10
jessiebatesiii_cin_2022_10,cin_2022_10,jessiebatesiii_cin_2022,cin_2022,jessiebatesiii,49162,s,cin,1,1,0.0,0,0,0,0,0,0,0,0,0,0,0,0,0,0,0,0,0,10,2022,10
ezekielturner_ari_2022_10,ari_2022_10,ezekielturner_ari_2022,ari_2022,ezekielturner,49167,lb,ari,1,0,-2.0,0,0,0,0,0,0,0,0,0,0,0,0,0,0,0,0,0,10,2022,10
elijahcampbell_mia_2022_10,mia_2022_10,elijahcampbell_mia_2022,mia_2022,elijahcampbell,49190,s,mia,1,0,3.0,0,0,0,0,0,0,0,0,0,0,0,0,0,0,0,0,0,10,2022,10
jordanwhitehead_nyj_2022_10,nyj_2022_10,jordanwhitehead_nyj_2022,nyj_2022,jordanwhitehead,49196,s,nyj,1,0,4.0,0,0,0,0,0,0,0,0,0,0,0,0,0,0,0,0,0,10,2022,10
carltondavis_tb_2022_10,tb_2022_10,carltondavis_tb_2022,tb_2022,carltondavis,49335,cb,tb,1,0,1.0,0,0,0,0,0,0,0,0,0,0,0,0,0,0,0,0,0,10,2022,10
chandonsullivan_min_2022_10,min_2022_10,chandonsullivan_min_2022,min_2022,chandonsullivan,49349,cb,min,1,0,,0,0,0,0,0,0,0,0,0,0,0,0,0,0,0,0,0,10,2022,10
jairealexander_gb_2022_10,gb_2022_10,jairealexander_gb_2022,gb_2022,jairealexander,49350,cb,gb,1,0,,0,0,0,0,0,0,0,0,0,0,0,0,0,0,0,0,0,10,2022,10
chaunceygardnerjohnson_phi_2022_10,phi_2022_10,chaunceygardnerjohnson_phi_2022,phi_2022,chaunceygardnerjohnson,49371,s,phi,1,2,,0,0,0,0,0,0,0,0,0,0,0,0,0,0,0,0,0,10,2022,10
jaylonjones_chi_2022_10,chi_2022_10,jaylonjones_chi_2022,chi_2022,jaylonjones,49374,cb,chi,1,0,,0,0,0,0,0,0,0,0,0,0,0,0,0,0,0,0,0,10,2022,10
dannyjohnson_was_2022_10,was_2022_10,dannyjohnson_was_2022,was_2022,dannyjohnson,49379,cb,was,1,2,,0,0,0,0,0,0,0,0,0,0,0,0,0,0,0,0,0,10,2022,10
mjstewart_hou_2022_10,hou_2022_10,mjstewart_hou_2022,hou_2022,mjstewart,49397,s,hou,1,0,8.0,0,0,0,0,0,0,0,0,0,0,0,0,0,0,0,0,0,10,2022,10
julianblackmon_ind_2022_10,ind_2022_10,julianblackmon_ind_2022,ind_2022,julianblackmon,49434,s,ind,1,0,16.0,0,0,0,0,0,0,0,0,0,0,0,0,0,0,0,0,0,10,2022,10
keioncrossen_mia_2022_10,mia_2022_10,keioncrossen_mia_2022,mia_2022,keioncrossen,49454,cb,mia,1,0,,0,0,0,0,0,0,0,0,0,0,0,0,0,0,0,0,0,10,2022,10
taronjohnson_buf_2022_10,buf_2022_10,taronjohnson_buf_2022,buf_2022,taronjohnson,49511,cb,buf,1,1,5.3,0,0,0,0,0,0,0,0,0,0,0,0,0,0,0,0,0,10,2022,10
ashtyndavis_nyj_2022_10,nyj_2022_10,ashtyndavis_nyj_2022,nyj_2022,ashtyndavis,49560,s,nyj,1,0,,0,0,0,0,0,0,0,0,0,0,0,0,0,0,0,0,0,10,2022,10
rockyasin_lv_2022_10,lv_2022_10,rockyasin_lv_2022,lv_2022,rockyasin,49564,cb,lv,1,1,,0,0,0,0,0,0,0,0,0,0,0,0,0,0,0,0,0,10,2022,10
zachallen_ari_2022_10,ari_2022_10,zachallen_ari_2022,ari_2022,zachallen,49605,di,ari,1,2,8.0,0,0,0,0,0,0,0,0,0,0,0,0,0,0,0,0,0,10,2022,10
markusbailey_cin_2022_10,cin_2022_10,markusbailey_cin_2022,cin_2022,markusbailey,49681,lb,cin,1,0,5.0,0,0,0,0,0,0,0,0,0,0,0,0,0,0,0,0,0,10,2022,10
genardavery_tb_2022_10,tb_2022_10,genardavery_tb_2022,tb_2022,genardavery,49699,ed,tb,1,0,3.0,0,0,0,0,0,0,0,0,0,0,0,0,0,0,0,0,0,10,2022,10
quincywilliams_nyj_2022_10,nyj_2022_10,quincywilliams_nyj_2022,nyj_2022,quincywilliams,49779,lb,nyj,1,0,3.5,0,0,0,0,0,0,0,0,0,0,0,0,0,0,0,0,0,10,2022,10
zairefranklin_ind_2022_10,ind_2022_10,zairefranklin_ind_2022,ind_2022,zairefranklin,49834,lb,ind,1,0,1.3,0,0,0,0,0,0,0,0,0,0,0,0,0,0,0,0,0,10,2022,10
bjhill_cin_2022_10,cin_2022_10,bjhill_cin_2022,cin_2022,bjhill,49894,di,cin,1,0,4.0,0,0,0,0,0,0,0,0,0,0,0,0,0,0,0,0,0,10,2022,10
sebastianjosephday_lac_2022_10,lac_2022_10,sebastianjosephday_lac_2022,lac_2022,sebastianjosephday,49935,di,lac,1,0,3.0,0,0,0,0,0,0,0,0,0,0,0,0,0,0,0,0,0,10,2022,10
derricknnadi_kc_2022_10,kc_2022_10,derricknnadi_kc_2022,kc_2022,derricknnadi,49970,di,kc,1,1,,0,0,0,0,0,0,0,0,0,0,0,0,0,0,0,0,0,10,2022,10
broderickwashingtonjr_bal_2022_10,bal_2022_10,broderickwashingtonjr_bal_2022,bal_2022,broderickwashingtonjr,50049,di,bal,1,0,4.3,0,0,0,0,0,0,0,0,0,0,0,0,0,0,0,0,0,10,2022,10
uchennanwosu_sea_2022_10,sea_2022_10,uchennanwosu_sea_2022,sea_2022,uchennanwosu,50084,ed,sea,1,1,0.0,0,0,0,0,0,0,0,0,0,0,0,0,0,0,0,0,0,10,2022,10
johnfranklinmyers_nyj_2022_10,nyj_2022_10,johnfranklinmyers_nyj_2022,nyj_2022,johnfranklinmyers,50088,ed,nyj,1,0,3.0,0,0,0,0,0,0,0,0,0,0,0,0,0,0,0,0,0,10,2022,10
joshsweat_phi_2022_10,phi_2022_10,joshsweat_phi_2022,phi_2022,joshsweat,50120,ed,phi,1,1,2.3,0,0,0,0,0,0,0,0,0,0,0,0,0,0,0,0,0,10,2022,10
lorenzocarter_atl_2022_10,atl_2022_10,lorenzocarter_atl_2022,atl_2022,lorenzocarter,50126,ed,atl,1,0,3.5,0,0,0,0,0,0,0,0,0,0,0,0,0,0,0,0,0,10,2022,10
ogbonniaokoronkwo_hou_2022_10,hou_2022_10,ogbonniaokoronkwo_hou_2022,hou_2022,ogbonniaokoronkwo,50130,ed,hou,1,0,9.0,0,0,0,0,0,0,0,0,0,0,0,0,0,0,0,0,0,10,2022,10
malcolmroach_no_2022_10,no_2022_10,malcolmroach_no_2022,no_2022,malcolmroach,50191,di,no,1,0,7.0,0,0,0,0,0,0,0,0,0,0,0,0,0,0,0,0,0,10,2022,10
ardenkey_jax_2022_10,jax_2022_10,ardenkey_jax_2022,jax_2022,ardenkey,50201,ed,jax,1,0,1.0,0,0,0,0,0,0,0,0,0,0,0,0,0,0,0,0,0,10,2022,10
rashaanevans_atl_2022_10,atl_2022_10,rashaanevans_atl_2022,atl_2022,rashaanevans,50213,lb,atl,1,2,4.0,0,0,0,0,0,0,0,0,0,0,0,0,0,0,0,0,0,10,2022,10
joshallen_jax_2022_10,jax_2022_10,joshallen_jax_2022,jax_2022,joshallen,50235,ed,jax,1,1,4.5,0,0,0,0,0,0,0,0,0,0,0,0,0,0,0,0,0,10,2022,10
marquishaynes_car_2022_10,car_2022_10,marquishaynes_car_2022,car_2022,marquishaynes,50244,ed,car,1,0,,0,0,0,0,0,0,0,0,0,0,0,0,0,0,0,0,0,10,2022,10
marcusdavenport_no_2022_10,no_2022_10,marcusdavenport_no_2022,no_2022,marcusdavenport,50291,ed,no,1,1,2.0,0,0,0,0,0,0,0,0,0,0,0,0,0,0,0,0,0,10,2022,10
christianwilkins_mia_2022_10,mia_2022_10,christianwilkins_mia_2022,mia_2022,christianwilkins,50293,di,mia,1,2,1.0,0,0,0,0,0,0,0,0,0,0,0,0,0,0,0,0,0,10,2022,10
cornellarmstrong_atl_2022_10,atl_2022_10,cornellarmstrong_atl_2022,atl_2022,cornellarmstrong,50351,cb,atl,1,0,,0,0,0,0,0,0,0,0,0,0,0,0,0,0,0,0,0,10,2022,10
anthonyaverett_lv_2022_10,lv_2022_10,anthonyaverett_lv_2022,lv_2022,anthonyaverett,50365,cb,lv,1,0,,1,0,0,0,0,0,0,0,0,0,0,0,0,0,0,0,0,10,2022,10
treherndon_jax_2022_10,jax_2022_10,treherndon_jax_2022,jax_2022,treherndon,50380,cb,jax,1,0,12.0,0,0,0,0,0,0,0,0,0,0,0,0,0,0,0,0,0,10,2022,10
isaiaholiver_atl_2022_10,atl_2022_10,isaiaholiver_atl_2022,atl_2022,isaiaholiver,50393,cb,atl,1,2,9.0,0,0,0,0,0,0,0,0,0,0,0,0,0,0,0,0,0,10,2022,10
juanthornhill_kc_2022_10,kc_2022_10,juanthornhill_kc_2022,kc_2022,juanthornhill,50426,s,kc,1,0,,0,0,0,0,0,0,0,0,0,0,0,0,0,0,0,0,0,10,2022,10
jalendavis_cin_2022_10,cin_2022_10,jalendavis_cin_2022,cin_2022,jalendavis,50431,cb,cin,1,0,,0,0,0,0,0,0,0,0,0,0,0,0,0,0,0,0,0,10,2022,10
michaeljackson_sea_2022_10,sea_2022_10,michaeljackson_sea_2022,sea_2022,michaeljackson,50437,cb,sea,1,0,,0,0,0,0,0,0,0,0,0,0,0,0,0,0,0,0,0,10,2022,10
amanioruwariye_det_2022_10,det_2022_10,amanioruwariye_det_2022,det_2022,amanioruwariye,50533,cb,det,1,0,,0,0,0,0,0,0,0,0,0,0,0,0,0,0,0,0,0,10,2022,10
avontemaddox_phi_2022_10,phi_2022_10,avontemaddox_phi_2022,phi_2022,avontemaddox,50543,cb,phi,1,0,36.0,0,0,0,0,0,0,0,0,0,0,0,0,0,0,0,0,0,10,2022,10
brandonfacyson_ind_2022_10,ind_2022_10,brandonfacyson_ind_2022,ind_2022,brandonfacyson,50564,cb,ind,1,0,,0,0,0,0,0,0,0,0,0,0,0,0,0,0,0,0,0,10,2022,10
byroncowart_ind_2022_10,ind_2022_10,byroncowart_ind_2022,ind_2022,byroncowart,50588,di,ind,1,0,,0,0,0,0,0,0,0,0,0,0,0,0,0,0,0,0,0,10,2022,10
codybarton_sea_2022_10,sea_2022_10,codybarton_sea_2022,sea_2022,codybarton,50727,lb,sea,1,1,2.0,0,0,0,0,0,0,0,0,0,0,0,0,0,0,0,0,0,10,2022,10
jordynbrooks_sea_2022_10,sea_2022_10,jordynbrooks_sea_2022,sea_2022,jordynbrooks,50851,lb,sea,1,1,6.3,0,0,0,0,0,0,0,0,0,0,0,0,0,0,0,0,0,10,2022,10
roquansmith_bal_2022_10,bal_2022_10,roquansmith_bal_2022,bal_2022,roquansmith,50892,lb,bal,1,2,3.0,0,0,0,0,0,0,0,0,0,0,0,0,0,0,0,0,0,10,2022,10
tremaineedmunds_buf_2022_10,buf_2022_10,tremaineedmunds_buf_2022,buf_2022,tremaineedmunds,50905,lb,buf,1,2,2.3,0,0,0,0,0,0,0,0,0,0,0,0,0,0,0,0,0,10,2022,10
bobbyokereke_ind_2022_10,ind_2022_10,bobbyokereke_ind_2022,ind_2022,bobbyokereke,50954,lb,ind,1,0,0.0,0,0,0,0,0,0,0,0,0,0,0,0,0,0,0,0,0,10,2022,10
jawhaunbentley_ne_2022_10,ne_2022_10,jawhaunbentley_ne_2022,ne_2022,jawhaunbentley,50966,lb,ne,1,2,1.0,0,0,0,0,0,0,0,0,0,0,0,0,0,0,0,0,0,10,2022,10
frankieluvu_car_2022_10,car_2022_10,frankieluvu_car_2022,car_2022,frankieluvu,51028,lb,car,1,1,3.0,0,0,0,0,0,0,0,0,0,0,0,0,0,0,0,0,0,10,2022,10
jahlanitavai_ne_2022_10,ne_2022_10,jahlanitavai_ne_2022,ne_2022,jahlanitavai,51055,lb,ne,1,0,2.0,0,0,0,0,0,0,0,0,0,0,0,0,0,0,0,0,0,10,2022,10
benniemann_ari_2022_10,ari_2022_10,benniemann_ari_2022,ari_2022,benniemann,51099,lb,ari,1,0,8.0,0,0,0,0,0,0,0,0,0,0,0,0,0,0,0,0,0,10,2022,10
taylorrapp_lar_2022_10,lar_2022_10,taylorrapp_lar_2022,lar_2022,taylorrapp,51172,s,lar,1,1,,0,0,0,0,0,0,0,0,0,0,0,0,0,0,0,0,0,10,2022,10
joshuakalu_ten_2022_10,ten_2022_10,joshuakalu_ten_2022,ten_2022,joshuakalu,51203,s,ten,1,2,0.0,0,0,0,0,0,0,0,0,0,0,0,0,0,0,0,0,0,10,2022,10
druetranquill_lac_2022_10,lac_2022_10,druetranquill_lac_2022,lac_2022,druetranquill,51276,lb,lac,1,2,2.7,0,0,0,0,0,0,0,0,0,0,0,0,0,0,0,0,0,10,2022,10
mikeedwards_tb_2022_10,tb_2022_10,mikeedwards_tb_2022,tb_2022,mikeedwards,51282,s,tb,1,0,,0,0,0,0,0,0,0,0,0,0,0,0,0,0,0,0,0,10,2022,10
seanchandler_car_2022_10,car_2022_10,seanchandler_car_2022,car_2022,seanchandler,51315,s,car,1,1,21.0,0,0,0,0,0,0,0,0,0,0,0,0,0,0,0,0,0,10,2022,10
willharris_det_2022_10,det_2022_10,willharris_det_2022,det_2022,willharris,51336,cb,det,1,3,,0,0,0,0,0,0,0,0,0,0,0,0,0,0,0,0,0,10,2022,10
derwinjames_lac_2022_10,lac_2022_10,derwinjames_lac_2022,lac_2022,derwinjames,51368,s,lac,1,2,5.0,0,0,0,0,0,0,0,0,0,0,0,0,0,0,0,0,0,10,2022,10
marcusepps_phi_2022_10,phi_2022_10,marcusepps_phi_2022,phi_2022,marcusepps,51391,s,phi,1,1,9.0,0,0,0,0,0,0,0,0,0,0,0,0,0,0,0,0,0,10,2022,10
jaylinnhawkins_atl_2022_10,atl_2022_10,jaylinnhawkins_atl_2022,atl_2022,jaylinnhawkins,51423,s,atl,1,0,5.5,0,0,0,0,0,0,0,0,0,0,0,0,0,0,0,0,0,10,2022,10
jaquanjohnson_buf_2022_10,buf_2022_10,jaquanjohnson_buf_2022,buf_2022,jaquanjohnson,51433,s,buf,1,1,5.6,0,0,0,0,0,0,0,0,0,0,0,0,0,0,0,0,0,10,2022,10
kadenelliss_no_2022_10,no_2022_10,kadenelliss_no_2022,no_2022,kadenelliss,51485,lb,no,1,0,3.5,0,0,0,0,0,0,0,0,0,0,0,0,0,0,0,0,0,10,2022,10
kennymooreii_ind_2022_10,ind_2022_10,kennymooreii_ind_2022,ind_2022,kennymooreii,51596,cb,ind,1,1,5.0,0,0,0,0,0,0,0,0,0,0,0,0,0,0,0,0,0,10,2022,10
nicholasmorrow_chi_2022_10,chi_2022_10,nicholasmorrow_chi_2022,chi_2022,nicholasmorrow,51674,lb,chi,1,1,-0.5,0,0,0,0,0,0,0,0,0,0,0,0,0,0,0,0,0,10,2022,10
khyiristonga_min_2022_10,min_2022_10,khyiristonga_min_2022,min_2022,khyiristonga,52000,di,min,1,1,5.0,0,0,0,0,0,0,0,0,0,0,0,0,0,0,0,0,0,10,2022,10
mannyjones_ari_2022_10,ari_2022_10,mannyjones_ari_2022,ari_2022,mannyjones,52026,di,ari,1,0,,0,0,0,0,0,0,0,0,0,0,0,0,0,0,0,0,0,10,2022,10
paulsonadebo_no_2022_10,no_2022_10,paulsonadebo_no_2022,no_2022,paulsonadebo,52280,cb,no,1,0,9.0,0,0,0,0,0,0,0,0,0,0,0,0,0,0,0,0,0,10,2022,10
jeffreygunter_cin_2022_10,cin_2022_10,jeffreygunter_cin_2022,cin_2022,jeffreygunter,54402,ed,cin,1,0,,0,0,0,0,0,0,0,0,0,0,0,0,0,0,0,0,0,10,2022,10
malcolmkoonce_lv_2022_10,lv_2022_10,malcolmkoonce_lv_2022,lv_2022,malcolmkoonce,55015,ed,lv,1,0,3.0,0,0,0,0,0,0,0,0,0,0,0,0,0,0,0,0,0,10,2022,10
darrickforrest_was_2022_10,was_2022_10,darrickforrest_was_2022,was_2022,darrickforrest,55087,s,was,1,1,,0,0,0,0,0,0,0,0,0,0,0,0,0,0,0,0,0,10,2022,10
cobybryant_sea_2022_10,sea_2022_10,cobybryant_sea_2022,sea_2022,cobybryant,55088,cb,sea,1,0,,0,0,0,0,0,0,0,0,0,0,0,0,0,0,0,0,0,10,2022,10
boyemafe_sea_2022_10,sea_2022_10,boyemafe_sea_2022,sea_2022,boyemafe,55220,ed,sea,1,0,2.0,0,0,0,0,0,0,0,0,0,0,0,0,0,0,0,0,0,10,2022,10
marcowilson_ari_2022_10,ari_2022_10,marcowilson_ari_2022,ari_2022,marcowilson,55592,cb,ari,1,0,3.5,0,0,0,0,0,0,0,0,0,0,0,0,0,0,0,0,0,10,2022,10
cjhenderson_car_2022_10,car_2022_10,cjhenderson_car_2022,car_2022,cjhenderson,55593,cb,car,1,0,,0,0,0,0,0,0,0,0,0,0,0,0,0,0,0,0,0,10,2022,10
amikrobertson_lv_2022_10,lv_2022_10,amikrobertson_lv_2022,lv_2022,amikrobertson,55619,cb,lv,1,0,,1,0,0,0,0,0,0,0,0,0,0,0,0,0,0,0,0,10,2022,10
jeffreyokudah_det_2022_10,det_2022_10,jeffreyokudah_det_2022,det_2022,jeffreyokudah,55674,cb,det,1,0,-1.0,0,0,0,0,0,0,0,0,0,0,0,0,0,0,0,0,0,10,2022,10
marcusjones_ne_2022_10,ne_2022_10,marcusjones_ne_2022,ne_2022,marcusjones,55717,cb,ne,1,0,,0,0,0,0,0,0,0,0,0,0,0,0,0,0,0,0,0,10,2022,10
dariouswilliams_jax_2022_10,jax_2022_10,dariouswilliams_jax_2022,jax_2022,dariouswilliams,55724,cb,jax,1,0,9.0,0,0,0,0,0,0,0,0,0,0,0,0,0,0,0,0,0,10,2022,10
montaricbrown_jax_2022_10,jax_2022_10,montaricbrown_jax_2022,jax_2022,montaricbrown,55797,cb,jax,1,0,,0,0,0,0,0,0,0,0,0,0,0,0,0,0,0,0,0,10,2022,10
kamrencurl_was_2022_10,was_2022_10,kamrencurl_was_2022,was_2022,kamrencurl,55800,s,was,1,2,2.3,0,0,0,0,0,0,0,0,0,0,0,0,0,0,0,0,0,10,2022,10
bryancook_kc_2022_10,kc_2022_10,bryancook_kc_2022,kc_2022,bryancook,55940,s,kc,1,0,,0,0,0,0,0,0,0,0,0,0,0,0,0,0,0,0,0,10,2022,10
genostone_bal_2022_10,bal_2022_10,genostone_bal_2022,bal_2022,genostone,55967,s,bal,1,0,,0,0,0,0,0,0,0,0,0,0,0,0,0,0,0,0,0,10,2022,10
benjaminstjuste_was_2022_10,was_2022_10,benjaminstjuste_was_2022,was_2022,benjaminstjuste,56061,cb,was,1,0,,0,0,0,0,0,0,0,0,0,0,0,0,0,0,0,0,0,10,2022,10
keiseannixon_gb_2022_10,gb_2022_10,keiseannixon_gb_2022,gb_2022,keiseannixon,56167,cb,gb,1,0,4.0,0,0,0,0,0,0,0,0,0,0,0,0,0,0,0,0,0,10,2022,10
jaylonjohnson_chi_2022_10,chi_2022_10,jaylonjohnson_chi_2022,chi_2022,jaylonjohnson,56259,cb,chi,1,1,,0,0,0,0,0,0,0,0,0,0,0,0,0,0,0,0,0,10,2022,10
allangeorge_cin_2022_10,cin_2022_10,allangeorge_cin_2022,cin_2022,allangeorge,56275,cb,cin,1,0,,0,0,0,0,0,0,0,0,0,0,0,0,0,0,0,0,0,10,2022,10
keithtaylor_car_2022_10,car_2022_10,keithtaylor_car_2022,car_2022,keithtaylor,56289,cb,car,1,0,9.0,0,0,0,0,0,0,0,0,0,0,0,0,0,0,0,0,0,10,2022,10
victordimukeje_ari_2022_10,ari_2022_10,victordimukeje_ari_2022,ari_2022,victordimukeje,56347,ed,ari,1,0,4.0,0,0,0,0,0,0,0,0,0,0,0,0,0,0,0,0,0,10,2022,10
zacharycarter_cin_2022_10,cin_2022_10,zacharycarter_cin_2022,cin_2022,zacharycarter,56349,di,cin,1,0,,0,0,0,0,0,0,0,0,0,0,0,0,0,0,0,0,0,10,2022,10
ajepenesa_buf_2022_10,buf_2022_10,ajepenesa_buf_2022,buf_2022,ajepenesa,56369,ed,buf,1,0,,0,0,0,0,0,0,0,0,0,0,0,0,0,0,0,0,0,10,2022,10
neilfarrelljr_lv_2022_10,lv_2022_10,neilfarrelljr_lv_2022,lv_2022,neilfarrelljr,56401,di,lv,1,1,-1.5,0,0,0,0,0,0,0,0,0,0,0,0,0,0,0,0,0,10,2022,10
yeturgrossmatos_car_2022_10,car_2022_10,yeturgrossmatos_car_2022,car_2022,yeturgrossmatos,56444,ed,car,1,1,1.7,1,0,0,0,0,0,0,0,0,0,0,0,0,0,0,0,0,10,2022,10
patrickjohnson_phi_2022_10,phi_2022_10,patrickjohnson_phi_2022,phi_2022,patrickjohnson,56460,ed,phi,1,0,,0,0,0,0,0,0,0,0,0,0,0,0,0,0,0,0,0,10,2022,10
cameronsample_cin_2022_10,cin_2022_10,cameronsample_cin_2022,cin_2022,cameronsample,56462,ed,cin,1,0,,0,0,0,0,0,0,0,0,0,0,0,0,0,0,0,0,0,10,2022,10
isaiahbuggs_det_2022_10,det_2022_10,isaiahbuggs_det_2022,det_2022,isaiahbuggs,56503,di,det,1,0,,0,0,0,0,0,0,0,0,0,0,0,0,0,0,0,0,0,10,2022,10
tedarrellslaton_gb_2022_10,gb_2022_10,tedarrellslaton_gb_2022,gb_2022,tedarrellslaton,56597,di,gb,1,0,1.0,0,0,0,0,0,0,0,0,0,0,0,0,0,0,0,0,0,10,2022,10
malikherring_kc_2022_10,kc_2022_10,malikherring_kc_2022,kc_2022,malikherring,56616,ed,kc,1,1,,0,0,0,0,0,0,0,0,0,0,0,0,0,0,0,0,0,10,2022,10
paytonturner_no_2022_10,no_2022_10,paytonturner_no_2022,no_2022,paytonturner,56624,ed,no,1,0,-0.3,0,0,0,0,0,0,0,0,0,0,0,0,0,0,0,0,0,10,2022,10
miltonwilliams_phi_2022_10,phi_2022_10,miltonwilliams_phi_2022,phi_2022,miltonwilliams,56682,di,phi,1,0,2.5,0,0,0,0,0,0,0,0,0,0,0,0,0,0,0,0,0,10,2022,10
jonathangarvin_gb_2022_10,gb_2022_10,jonathangarvin_gb_2022,gb_2022,jonathangarvin,56703,ed,gb,1,1,,0,0,0,0,0,0,0,0,0,0,0,0,0,0,0,0,0,10,2022,10
kwitypaye_ind_2022_10,ind_2022_10,kwitypaye_ind_2022,ind_2022,kwitypaye,56713,ed,ind,1,2,1.5,0,0,0,0,0,0,0,0,0,0,0,0,0,0,0,0,0,10,2022,10
kurthinish_hou_2022_10,hou_2022_10,kurthinish_hou_2022,hou_2022,kurthinish,56787,di,hou,1,1,2.0,0,0,0,0,0,0,0,0,0,0,0,0,0,0,0,0,0,10,2022,10
kingsleyjonathan_chi_2022_10,chi_2022_10,kingsleyjonathan_chi_2022,chi_2022,kingsleyjonathan,56856,ed,chi,1,0,,0,0,0,0,0,0,0,0,0,0,0,0,0,0,0,0,0,10,2022,10
arnoldebiketie_atl_2022_10,atl_2022_10,arnoldebiketie_atl_2022,atl_2022,arnoldebiketie,56862,ed,atl,1,0,5.0,0,0,0,0,0,0,0,0,0,0,0,0,0,0,0,0,0,10,2022,10
taquongraham_atl_2022_10,atl_2022_10,taquongraham_atl_2022,atl_2022,taquongraham,56868,di,atl,1,1,2.0,0,0,0,0,0,0,0,0,0,0,0,0,0,0,0,0,0,10,2022,10
michealclemons_nyj_2022_10,nyj_2022_10,michealclemons_nyj_2022,nyj_2022,michealclemons,56872,ed,nyj,1,1,2.5,0,0,0,0,0,0,0,0,0,0,0,0,0,0,0,0,0,10,2022,10
jaelanphillips_mia_2022_10,mia_2022_10,jaelanphillips_mia_2022,mia_2022,jaelanphillips,56902,ed,mia,1,2,7.5,0,0,0,0,0,0,0,0,0,0,0,0,0,0,0,0,0,10,2022,10
jaytufele_cin_2022_10,cin_2022_10,jaytufele_cin_2022,cin_2022,jaytufele,56913,di,cin,1,0,4.0,0,0,0,0,0,0,0,0,0,0,0,0,0,0,0,0,0,10,2022,10
dayoodeyingbo_ind_2022_10,ind_2022_10,dayoodeyingbo_ind_2022,ind_2022,dayoodeyingbo,56923,ed,ind,1,0,,0,0,0,0,0,0,0,0,0,0,0,0,0,0,0,0,0,10,2022,10
deangelomalone_atl_2022_10,atl_2022_10,deangelomalone_atl_2022,atl_2022,deangelomalone,56941,ed,atl,1,0,2.0,0,0,0,0,0,0,0,0,0,0,0,0,0,0,0,0,0,10,2022,10
jameslynch_min_2022_10,min_2022_10,jameslynch_min_2022,min_2022,jameslynch,56962,di,min,1,0,2.0,0,0,0,0,0,0,0,0,0,0,0,0,0,0,0,0,0,10,2022,10
marvinwilson_phi_2022_10,phi_2022_10,marvinwilson_phi_2022,phi_2022,marvinwilson,56977,di,phi,1,2,6.0,0,0,0,0,0,0,0,0,0,0,0,0,0,0,0,0,0,10,2022,10
marlontuipulotu_phi_2022_10,phi_2022_10,marlontuipulotu_phi_2022,phi_2022,marlontuipulotu,57035,di,phi,1,1,,0,0,0,0,0,0,0,0,0,0,0,0,0,0,0,0,0,10,2022,10
troyandersen_atl_2022_10,atl_2022_10,troyandersen_atl_2022,atl_2022,troyandersen,57317,lb,atl,1,0,,0,0,0,0,0,0,0,0,0,0,0,0,0,0,0,0,0,10,2022,10
jalenpitre_hou_2022_10,hou_2022_10,jalenpitre_hou_2022,hou_2022,jalenpitre,57737,s,hou,1,2,6.7,0,0,0,0,0,0,0,0,0,0,0,0,0,0,0,0,0,10,2022,10
terrelbernard_buf_2022_10,buf_2022_10,terrelbernard_buf_2022,buf_2022,terrelbernard,57739,lb,buf,1,3,1.7,0,0,0,0,0,0,0,0,0,0,0,0,0,0,0,0,0,10,2022,10
isaiahmcduffie_gb_2022_10,gb_2022_10,isaiahmcduffie_gb_2022,gb_2022,isaiahmcduffie,57754,lb,gb,1,0,1.3,0,0,0,0,0,0,0,0,0,0,0,0,0,0,0,0,0,10,2022,10
mykalwalker_atl_2022_10,atl_2022_10,mykalwalker_atl_2022,atl_2022,mykalwalker,57834,lb,atl,1,4,3.0,0,0,0,0,0,0,0,0,0,0,0,0,0,0,0,0,0,10,2022,10
jamindavis_was_2022_10,was_2022_10,jamindavis_was_2022,was_2022,jamindavis,57905,lb,was,1,0,4.5,0,0,0,0,0,0,0,0,0,0,0,0,0,0,0,0,0,10,2022,10
joshpaschal_det_2022_10,det_2022_10,joshpaschal_det_2022,det_2022,joshpaschal,57908,ed,det,1,1,2.0,0,0,0,0,0,0,0,0,0,0,0,0,0,0,0,0,0,10,2022,10
patrickqueen_bal_2022_10,bal_2022_10,patrickqueen_bal_2022,bal_2022,patrickqueen,57941,lb,bal,1,0,6.0,0,0,0,0,0,0,0,0,0,0,0,0,0,0,0,0,0,10,2022,10
williegayjr_kc_2022_10,kc_2022_10,williegayjr_kc_2022,kc_2022,williegayjr,57987,lb,kc,1,0,2.5,0,0,0,0,0,0,0,0,0,0,0,0,0,0,0,0,0,10,2022,10
kennethmurray_lac_2022_10,lac_2022_10,kennethmurray_lac_2022,lac_2022,kennethmurray,58099,lb,lac,1,1,5.2,0,0,0,0,0,0,0,0,0,0,0,0,0,0,0,0,0,10,2022,10
derrickbarnes_det_2022_10,det_2022_10,derrickbarnes_det_2022,det_2022,derrickbarnes,58120,lb,det,1,4,2.5,0,0,0,0,0,0,0,0,0,0,0,0,0,0,0,0,0,10,2022,10
devinlloyd_jax_2022_10,jax_2022_10,devinlloyd_jax_2022,jax_2022,devinlloyd,58238,lb,jax,1,1,,0,0,0,0,0,0,0,0,0,0,0,0,0,0,0,0,0,10,2022,10
joetryonshoyinka_tb_2022_10,tb_2022_10,joetryonshoyinka_tb_2022,tb_2022,joetryonshoyinka,58272,ed,tb,1,1,1.0,0,0,0,0,0,0,0,0,0,0,0,0,0,0,0,0,0,10,2022,10
michaelcarterii_nyj_2022_10,nyj_2022_10,michaelcarterii_nyj_2022,nyj_2022,michaelcarterii,60644,cb,nyj,1,0,,0,0,0,0,0,0,0,0,0,0,0,0,0,0,0,0,0,10,2022,10
malcolmrodriguez_det_2022_10,det_2022_10,malcolmrodriguez_det_2022,det_2022,malcolmrodriguez,60731,lb,det,1,1,6.0,0,0,0,0,0,0,0,0,0,0,0,0,0,0,0,0,0,10,2022,10
darrenhall_atl_2022_10,atl_2022_10,darrenhall_atl_2022,atl_2022,darrenhall,60742,cb,atl,1,0,,0,0,0,0,0,0,0,0,0,0,0,0,0,0,0,0,0,10,2022,10
garretwallow_hou_2022_10,hou_2022_10,garretwallow_hou_2022,hou_2022,garretwallow,60761,lb,hou,1,2,1.0,0,0,0,0,0,0,0,0,0,0,0,0,0,0,0,0,0,10,2022,10
noahigbinoghene_mia_2022_10,mia_2022_10,noahigbinoghene_mia_2022,mia_2022,noahigbinoghene,61155,cb,mia,1,0,,0,0,0,0,0,0,0,0,0,0,0,0,0,0,0,0,0,10,2022,10
dominiquerobinson_chi_2022_10,chi_2022_10,dominiquerobinson_chi_2022,chi_2022,dominiquerobinson,61436,ed,chi,1,0,,0,0,0,0,0,0,0,0,0,0,0,0,0,0,0,0,0,10,2022,10
tariqwoolen_sea_2022_10,sea_2022_10,tariqwoolen_sea_2022,sea_2022,tariqwoolen,61790,cb,sea,1,0,7.0,0,0,0,0,0,0,0,0,0,0,0,0,0,0,0,0,0,10,2022,10
matthewbutler_lv_2022_10,lv_2022_10,matthewbutler_lv_2022,lv_2022,matthewbutler,62931,di,lv,1,0,4.0,0,0,0,0,0,0,0,0,0,0,0,0,0,0,0,0,0,10,2022,10
akaylebevans_min_2022_10,min_2022_10,akaylebevans_min_2022,min_2022,akaylebevans,65033,cb,min,1,0,9.7,0,0,0,0,0,0,0,0,0,0,0,0,0,0,0,0,0,10,2022,10
johnridgeway_was_2022_10,was_2022_10,johnridgeway_was_2022,was_2022,johnridgeway,66694,di,was,1,0,4.0,0,0,0,0,0,0,0,0,0,0,0,0,0,0,0,0,0,10,2022,10
zachsieler_mia_2022_10,mia_2022_10,zachsieler_mia_2022,mia_2022,zachsieler,66917,di,mia,1,2,3.8,0,0,0,0,0,0,0,0,0,0,0,0,0,0,0,0,0,10,2022,10
jonathanowens_hou_2022_10,hou_2022_10,jonathanowens_hou_2022,hou_2022,jonathanowens,66930,s,hou,1,1,11.4,0,0,0,0,0,0,0,0,0,0,0,0,0,0,0,0,0,10,2022,10
tavierrethomas_hou_2022_10,hou_2022_10,tavierrethomas_hou_2022,hou_2022,tavierrethomas,66931,cb,hou,1,1,,0,0,0,0,0,0,0,0,0,0,0,0,0,0,0,0,0,10,2022,10
trentmcduffie_kc_2022_10,kc_2022_10,trentmcduffie_kc_2022,kc_2022,trentmcduffie,72191,cb,kc,1,0,56.0,0,0,0,0,0,0,0,0,0,0,0,0,0,0,0,0,0,10,2022,10
chadmuma_jax_2022_10,jax_2022_10,chadmuma_jax_2022,jax_2022,chadmuma,75818,lb,jax,1,0,,0,0,0,0,0,0,0,0,0,0,0,0,0,0,0,0,0,10,2022,10
asantesamueljr_lac_2022_10,lac_2022_10,asantesamueljr_lac_2022,lac_2022,asantesamueljr,76625,cb,lac,1,1,,0,0,0,0,0,0,0,0,0,0,0,0,0,0,0,0,0,10,2022,10
andrecisco_jax_2022_10,jax_2022_10,andrecisco_jax_2022,jax_2022,andrecisco,76641,s,jax,1,2,,0,0,0,0,0,0,0,0,0,0,0,0,0,0,0,0,0,10,2022,10
myjaisanders_ari_2022_10,ari_2022_10,myjaisanders_ari_2022,ari_2022,myjaisanders,76816,ed,ari,1,1,,0,0,0,0,0,0,0,0,0,0,0,0,0,0,0,0,0,10,2022,10
gregoryrousseau_buf_2022_10,buf_2022_10,gregoryrousseau_buf_2022,buf_2022,gregoryrousseau,76889,ed,buf,1,0,-4.0,0,0,0,0,0,0,0,0,0,0,0,0,0,0,0,0,0,10,2022,10
travisjones_bal_2022_10,bal_2022_10,travisjones_bal_2022,bal_2022,travisjones,76914,di,bal,1,0,3.0,0,0,0,0,0,0,0,0,0,0,0,0,0,0,0,0,0,10,2022,10
loganhall_tb_2022_10,tb_2022_10,loganhall_tb_2022,tb_2022,loganhall,76919,di,tb,1,0,,0,0,0,0,0,0,0,0,0,0,0,0,0,0,0,0,0,10,2022,10
alimmcneill_det_2022_10,det_2022_10,alimmcneill_det_2022,det_2022,alimmcneill,76996,di,det,1,1,,0,0,0,0,0,0,0,0,0,0,0,0,0,0,0,0,0,10,2022,10
zavencollins_ari_2022_10,ari_2022_10,zavencollins_ari_2022,ari_2022,zavencollins,77190,lb,ari,1,1,0.0,0,0,0,0,0,0,0,0,0,0,0,0,0,0,0,0,0,10,2022,10
brianasamoah_min_2022_10,min_2022_10,brianasamoah_min_2022,min_2022,brianasamoah,77195,lb,min,1,0,,0,0,0,0,0,0,0,0,0,0,0,0,0,0,0,0,0,10,2022,10
josephossai_cin_2022_10,cin_2022_10,josephossai_cin_2022,cin_2022,josephossai,77205,ed,cin,1,0,,0,0,0,0,0,0,0,0,0,0,0,0,0,0,0,0,0,10,2022,10
trevonmoehrig_lv_2022_10,lv_2022_10,trevonmoehrig_lv_2022,lv_2022,trevonmoehrig,77847,s,lv,1,0,,0,0,0,0,0,0,0,0,0,0,0,0,0,0,0,0,0,10,2022,10
derionkendrick_lar_2022_10,lar_2022_10,derionkendrick_lar_2022,lar_2022,derionkendrick,78022,cb,lar,1,0,,0,0,0,0,0,0,0,0,0,0,0,0,0,0,0,0,0,10,2022,10
christianbenford_buf_2022_10,buf_2022_10,christianbenford_buf_2022,buf_2022,christianbenford,79181,cb,buf,1,0,17.0,0,0,0,0,0,0,0,0,0,0,0,0,0,0,0,0,0,10,2022,10
nickbolton_kc_2022_10,kc_2022_10,nickbolton_kc_2022,kc_2022,nickbolton,81322,lb,kc,1,0,1.5,0,0,0,0,0,0,0,0,0,0,0,0,0,0,0,0,0,10,2022,10
jesseluketa_ari_2022_10,ari_2022_10,jesseluketa_ari_2022,ari_2022,jesseluketa,81361,ed,ari,1,0,,0,0,0,0,0,0,0,0,0,0,0,0,0,0,0,0,0,10,2022,10
ernestjones_lar_2022_10,lar_2022_10,ernestjones_lar_2022,lar_2022,ernestjones,81399,lb,lar,1,1,5.3,0,0,0,0,0,0,0,0,0,0,0,0,0,0,0,0,0,10,2022,10
odafeoweh_bal_2022_10,bal_2022_10,odafeoweh_bal_2022,bal_2022,odafeoweh,82161,ed,bal,1,1,-1.0,0,0,0,0,0,0,0,0,0,0,0,0,0,0,0,0,0,10,2022,10
thomasbooker_hou_2022_10,hou_2022_10,thomasbooker_hou_2022,hou_2022,thomasbooker,82168,di,hou,1,1,,0,0,0,0,0,0,0,0,0,0,0,0,0,0,0,0,0,10,2022,10
teairtart_ten_2022_10,ten_2022_10,teairtart_ten_2022,ten_2022,teairtart,82261,di,ten,1,1,2.0,0,0,0,0,0,0,0,0,0,0,0,0,0,0,0,0,0,10,2022,10
devontewyatt_gb_2022_10,gb_2022_10,devontewyatt_gb_2022,gb_2022,devontewyatt,82268,di,gb,1,1,6.0,0,0,0,0,0,0,0,0,0,0,0,0,0,0,0,0,0,10,2022,10
marquanmccall_car_2022_10,car_2022_10,marquanmccall_car_2022,car_2022,marquanmccall,82301,di,car,1,2,,0,0,0,0,0,0,0,0,0,0,0,0,0,0,0,0,0,10,2022,10
aidanhutchinson_det_2022_10,det_2022_10,aidanhutchinson_det_2022,det_2022,aidanhutchinson,82330,ed,det,1,0,1.0,0,0,0,0,0,0,0,0,0,0,0,0,0,0,0,0,0,10,2022,10
cameronthomas_ari_2022_10,ari_2022_10,cameronthomas_ari_2022,ari_2022,cameronthomas,82387,ed,ari,1,1,3.0,0,0,0,0,0,0,0,0,0,0,0,0,0,0,0,0,0,10,2022,10
kingsleyenagbare_gb_2022_10,gb_2022_10,kingsleyenagbare_gb_2022,gb_2022,kingsleyenagbare,82409,ed,gb,1,0,3.0,0,0,0,0,0,0,0,0,0,0,0,0,0,0,0,0,0,10,2022,10
otitoogbonnia_lac_2022_10,lac_2022_10,otitoogbonnia_lac_2022,lac_2022,otitoogbonnia,82450,di,lac,1,0,7.0,0,0,0,0,0,0,0,0,0,0,0,0,0,0,0,0,0,10,2022,10
daviyonnixon_car_2022_10,car_2022_10,daviyonnixon_car_2022,car_2022,daviyonnixon,82488,di,car,1,0,2.0,0,0,0,0,0,0,0,0,0,0,0,0,0,0,0,0,0,10,2022,10
quaywalker_gb_2022_10,gb_2022_10,quaywalker_gb_2022,gb_2022,quaywalker,82547,lb,gb,1,0,3.0,0,0,0,0,0,0,0,0,0,0,0,0,0,0,0,0,0,10,2022,10
jacksanborn_chi_2022_10,chi_2022_10,jacksanborn_chi_2022,chi_2022,jacksanborn,82566,lb,chi,1,0,3.0,0,0,0,0,0,0,0,0,0,0,0,0,0,0,0,0,0,10,2022,10
jerryjacobs_det_2022_10,det_2022_10,jerryjacobs_det_2022,det_2022,jerryjacobs,83025,cb,det,1,0,1.7,0,0,0,0,0,0,0,0,0,0,0,0,0,0,0,0,0,10,2022,10
jamiensherwood_nyj_2022_10,nyj_2022_10,jamiensherwood_nyj_2022,nyj_2022,jamiensherwood,83175,lb,nyj,1,0,3.0,0,0,0,0,0,0,0,0,0,0,0,0,0,0,0,0,0,10,2022,10
rogermccreary_ten_2022_10,ten_2022_10,rogermccreary_ten_2022,ten_2022,rogermccreary,83176,cb,ten,1,0,0.0,1,0,0,0,0,0,0,0,0,0,0,0,0,0,0,0,0,10,2022,10
tysoncampbell_jax_2022_10,jax_2022_10,tysoncampbell_jax_2022,jax_2022,tysoncampbell,83217,cb,jax,1,0,6.0,0,0,0,0,0,0,0,0,0,0,0,0,0,0,0,0,0,10,2022,10
kerbyjoseph_det_2022_10,det_2022_10,kerbyjoseph_det_2022,det_2022,kerbyjoseph,83239,s,det,1,0,4.5,0,0,0,0,0,0,0,0,0,0,0,0,0,0,0,0,0,10,2022,10
camtaylorbritt_cin_2022_10,cin_2022_10,camtaylorbritt_cin_2022,cin_2022,camtaylorbritt,83326,cb,cin,1,0,2.0,1,0,0,0,0,0,0,0,0,0,0,0,0,0,0,0,0,10,2022,10
jayceehorn_car_2022_10,car_2022_10,jayceehorn_car_2022,car_2022,jayceehorn,83375,cb,car,1,0,13.0,0,0,0,0,0,0,0,0,0,0,0,0,0,0,0,0,0,10,2022,10
kylergordon_chi_2022_10,chi_2022_10,kylergordon_chi_2022,chi_2022,kylergordon,83451,cb,chi,1,2,3.0,0,0,0,0,0,0,0,0,0,0,0,0,0,0,0,0,0,10,2022,10
alontaetaylor_no_2022_10,no_2022_10,alontaetaylor_no_2022,no_2022,alontaetaylor,83469,cb,no,1,0,4.0,0,0,0,0,0,0,0,0,0,0,0,0,0,0,0,0,0,10,2022,10
jevonholland_mia_2022_10,mia_2022_10,jevonholland_mia_2022,mia_2022,jevonholland,83873,s,mia,1,0,17.0,0,0,0,0,0,0,0,0,0,0,0,0,0,0,0,0,0,10,2022,10
johncominsky_det_2022_10,det_2022_10,johncominsky_det_2022,det_2022,johncominsky,88313,di,det,1,1,7.0,0,0,0,0,0,0,0,0,0,0,0,0,0,0,0,0,0,10,2022,10
kyledugger_ne_2022_10,ne_2022_10,kyledugger_ne_2022,ne_2022,kyledugger,90621,s,ne,1,0,,0,0,0,0,0,0,0,0,0,0,0,0,0,0,0,0,0,10,2022,10
ejspeed_ind_2022_10,ind_2022_10,ejspeed_ind_2022,ind_2022,ejspeed,94351,lb,ind,1,0,,0,0,0,0,0,0,0,0,0,0,0,0,0,0,0,0,0,10,2022,10
derekstingleyjr_hou_2022_10,hou_2022_10,derekstingleyjr_hou_2022,hou_2022,derekstingleyjr,98253,cb,hou,1,0,,0,0,0,0,0,0,0,0,0,0,0,0,0,0,0,0,0,10,2022,10
georgekarlaftis_kc_2022_10,kc_2022_10,georgekarlaftis_kc_2022,kc_2022,georgekarlaftis,98319,ed,kc,1,1,5.0,0,0,0,0,0,0,0,0,0,0,0,0,0,0,0,0,0,10,2022,10
brandinechols_nyj_2022_10,nyj_2022_10,brandinechols_nyj_2022,nyj_2022,brandinechols,98900,cb,nyj,1,0,,0,0,0,0,0,0,0,0,0,0,0,0,0,0,0,0,0,10,2022,10
travonwalker_jax_2022_10,jax_2022_10,travonwalker_jax_2022,jax_2022,travonwalker,98940,ed,jax,1,0,3.0,0,0,0,0,0,0,0,0,0,0,0,0,0,0,0,0,0,10,2022,10
christianharris_hou_2022_10,hou_2022_10,christianharris_hou_2022,hou_2022,christianharris,98996,lb,hou,1,1,4.0,0,0,0,0,0,0,0,0,0,0,0,0,0,0,0,0,0,10,2022,10
jermainejohnsonii_nyj_2022_10,nyj_2022_10,jermainejohnsonii_nyj_2022,nyj_2022,jermainejohnsonii,99015,ed,nyj,1,0,,0,0,0,0,0,0,0,0,0,0,0,0,0,0,0,0,0,10,2022,10
amarebarno_car_2022_10,car_2022_10,amarebarno_car_2022,car_2022,amarebarno,99780,ed,car,1,0,3.0,0,0,0,0,0,0,0,0,0,0,0,0,0,0,0,0,0,10,2022,10
saucegardner_nyj_2022_10,nyj_2022_10,saucegardner_nyj_2022,nyj_2022,saucegardner,100903,cb,nyj,1,1,5.5,0,0,0,0,0,0,0,0,0,0,0,0,0,0,0,0,0,10,2022,10
damarionwilliams_bal_2022_10,bal_2022_10,damarionwilliams_bal_2022,bal_2022,damarionwilliams,100904,cb,bal,1,0,,0,0,0,0,0,0,0,0,0,0,0,0,0,0,0,0,0,10,2022,10
leochenal_kc_2022_10,kc_2022_10,leochenal_kc_2022,kc_2022,leochenal,101463,lb,kc,1,0,4.0,0,0,0,0,0,0,0,0,0,0,0,0,0,0,0,0,0,10,2022,10
brandonsmith_car_2022_10,car_2022_10,brandonsmith_car_2022,car_2022,brandonsmith,101497,lb,car,1,0,,0,0,0,0,0,0,0,0,0,0,0,0,0,0,0,0,0,10,2022,10
jaquanbrisker_chi_2022_10,chi_2022_10,jaquanbrisker_chi_2022,chi_2022,jaquanbrisker,101665,s,chi,1,0,7.0,0,0,0,0,0,0,0,0,0,0,0,0,0,0,0,0,0,10,2022,10
kylehamilton_bal_2022_10,bal_2022_10,kylehamilton_bal_2022,bal_2022,kylehamilton,102684,s,bal,1,0,9.0,0,0,0,0,0,0,0,0,0,0,0,0,0,0,0,0,0,10,2022,10
rodneythomasii_ind_2022_10,ind_2022_10,rodneythomasii_ind_2022,ind_2022,rodneythomasii,108389,s,ind,1,0,8.5,0,0,0,0,0,0,0,0,0,0,0,0,0,0,0,0,0,10,2022,10
deealford_atl_2022_10,atl_2022_10,deealford_atl_2022,atl_2022,deealford,110542,cb,atl,1,0,,0,0,0,0,0,0,0,0,0,0,0,0,0,0,0,0,0,10,2022,10
domeniquedavis_cin_2022_10,cin_2022_10,domeniquedavis_cin_2022,cin_2022,domeniquedavis,112887,di,cin,1,0,,0,0,0,0,0,0,0,0,0,0,0,0,0,0,0,0,0,10,2022,10
jaylenwatson_kc_2022_10,kc_2022_10,jaylenwatson_kc_2022,kc_2022,jaylenwatson,131960,cb,kc,1,0,,0,0,0,0,0,0,0,0,0,0,0,0,0,0,0,0,0,10,2022,10
samwebb_lv_2022_10,lv_2022_10,samwebb_lv_2022,lv_2022,samwebb,134606,cb,lv,1,1,,0,0,0,0,0,0,0,0,0,0,0,0,0,0,0,0,0,10,2022,10
kaderkohou_mia_2022_10,mia_2022_10,kaderkohou_mia_2022,mia_2022,kaderkohou,156070,cb,mia,1,0,1.0,0,0,0,0,0,0,0,0,0,0,0,0,0,0,0,0,0,10,2022,10
joshuawilliams_kc_2022_10,kc_2022_10,joshuawilliams_kc_2022,kc_2022,joshuawilliams,156083,cb,kc,1,0,-2.0,0,0,0,0,0,0,0,0,0,0,0,0,0,0,0,0,0,10,2022,10
joshonujiogu_sea_2022_10,sea_2022_10,joshonujiogu_sea_2022,sea_2022,joshonujiogu,156131,ed,sea,1,0,5.0,0,0,0,0,0,0,0,0,0,0,0,0,0,0,0,0,0,10,2022,10
