Player,Team,Pos,Injury,Status,Est. Return
Jamal Adams,SEA,S,Knee,IR,Subscribers Only
Rodney Adams,NYJ,WR,Illness,NFI-R,Subscribers Only
Otaro Alaka,FA,LB,Undisclosed,Questionable,Subscribers Only
Isaac Alarcon,FA,OT,Ankle,Questionable,Subscribers Only
Christian Albright,FA,LB,Undisclosed,Questionable,Subscribers Only
Maurice Alexander,FA,WR,Ankle,Questionable,Subscribers Only
Christopher Allen,DEN,LB,Foot,IR,Subscribers Only
Dakota Allen,DEN,LB,Hamstring,Questionable,Subscribers Only
Zach Allen,ARI,DE,Hand,Out,Subscribers Only
Tremayne Anchrum,LAR,OT,Lower Leg,IR,Subscribers Only
Darius Anderson,HOU,RB,Knee,IR,Subscribers Only
Tycen Anderson,CIN,S,Hamstring,IR,Subscribers Only
Eli Ankou,FA,DT,Undisclosed,Out,Subscribers Only
Ezekiel Ansah,FA,DE,Biceps,Questionable,Subscribers Only
Andre Anthony,FA,LB,Undisclosed,Out,Subscribers Only
Jalyn Armour-Davis,BAL,CB,Hip,IR,Subscribers Only
Terron Armstead,MIA,OT,Toe,Questionable,Subscribers Only
Grayland Arnold,HOU,S,Quadriceps,IR-R,Subscribers Only
Jaytlin Askew,FA,CB,Quadriceps,Questionable,Subscribers Only
Calvin Austin,PIT,WR,Foot,IR,Subscribers Only
Denico Autry,TEN,DE,Knee,Questionable,Subscribers Only
Anthony Averett,LV,CB,Toe,IR,Subscribers Only
C. J. Avery,FA,LB,Undisclosed,Questionable,Subscribers Only
Genard Avery,TB,LB,Abdomen,Questionable,Subscribers Only
Tre Avery,TEN,CB,Concussion,Questionable,Subscribers Only
Kayode Awosika,DET,OG,Ankle,Questionable,Subscribers Only
Chidobe Awuzie,CIN,CB,Knee - ACL,IR,Subscribers Only
Jake Bailey,NE,P,Back,IR,Subscribers Only
David Bakhtiari,GB,OT,Appendix,Questionable,Subscribers Only
Christian Barmore,NE,DT,Knee,IR-R,Subscribers Only
Derrick Barnes,DET,LB,Knee,Questionable,Subscribers Only
Derek Barnett,PHI,DE,Knee - ACL,IR,Subscribers Only
Shaquil Barrett,TB,LB,Achilles,IR,Subscribers Only
Alex Bars,LV,OG,Knee,Questionable,Subscribers Only
Ben Bartch,JAX,OG,Knee,IR,Subscribers Only
Rashod Bateman,BAL,WR,Foot,IR,Subscribers Only
Ryan Bates,BUF,OG,Ankle,Questionable,Subscribers Only
Zack Baun,NO,LB,Ankle,Questionable,Subscribers Only
Nick Bawden,NYJ,FB,Undisclosed,IR,Subscribers Only
Evan Baylis,FA,TE,Ankle,Questionable,Subscribers Only
Darrian Beavers,NYG,LB,Knee - ACL,IR,Subscribers Only
Willie Beavers,FA,OG,Undisclosed,Questionable,Subscribers Only
Andrew Beck,DEN,TE,Hamstring,Questionable,Subscribers Only
Nate Becker,FA,TE,Undisclosed,Questionable,Subscribers Only
Odell Beckham,FA,WR,Knee - ACL,Questionable,Subscribers Only
Mekhi Becton,NYJ,OT,Kneecap,IR,Subscribers Only
Blake Bell,KC,TE,Hip,IR,Subscribers Only
David Bell,CLE,WR,Thumb,Questionable,Subscribers Only
Greg Bell,DET,RB,Hamstring,IR,Subscribers Only
Daniel Bellinger,NYG,TE,Ribs,Questionable,Subscribers Only
B.J. Bello,FA,LB,Ankle,Questionable,Subscribers Only
Christian Benford,BUF,CB,Oblique,IR,Subscribers Only
Trinity Benson,DET,WR,Knee,IR,Subscribers Only
Jared Bernhardt,ATL,WR,Groin,IR,Subscribers Only
Taylor Bertolet,FA,K,Quadriceps,Out,Subscribers Only
Vince Biegel,BAL,LB,Achilles,IR,Subscribers Only
Andrew Billings,LV,DT,Lower Leg,Questionable,Subscribers Only
Reed Blankenship,PHI,S,Knee,Questionable,Subscribers Only
Rodrigo Blankenship,FA,K,Undisclosed,Questionable,Subscribers Only
Joey Blount,SEA,S,Back,Questionable,Subscribers Only
C.J. Board,TEN,WR,Ribs,Questionable,Subscribers Only
Ike Boettger,BUF,OG,Achilles,PUP-R,Subscribers Only
Slade Bolden,FA,WR,Undisclosed,Questionable,Subscribers Only
Garett Bolles,DEN,OT,Leg,IR,Subscribers Only
Devante Bond,DAL,LB,Knee,IR,Subscribers Only
Mike Boone,DEN,RB,Ankle,IR,Subscribers Only
Andrew Booth,MIN,CB,Knee - Meniscus,IR,Subscribers Only
Larry Borom,CHI,OT,Ankle,Questionable,Subscribers Only
Joey Bosa,LAC,LB,Groin,IR,Subscribers Only
Tyler Boyd,CIN,WR,Finger,Questionable,Subscribers Only
Garrett Bradbury,MIN,C,Back,Questionable,Subscribers Only
Ben Braden,FA,OG,Undisclosed,Questionable,Subscribers Only
Shaun Bradley,PHI,LB,Hamstring,Questionable,Subscribers Only
Blake Brandel,MIN,OT,Knee,Questionable,Subscribers Only
Ben Bredeson,NYG,OG,Knee,IR-R,Subscribers Only
Chandler Brewer,LAR,OG,Knee - MCL,IR,Subscribers Only
Teddy Bridgewater,MIA,QB,Knee,Questionable,Subscribers Only
Beau Brinkley,ATL,C,Undisclosed,IR,Subscribers Only
Justin Britt,HOU,C,Personal,NFI-R,Subscribers Only
Gabe Brkic,FA,K,Hamstring,Questionable,Subscribers Only
Anthony Brown,DAL,CB,Achilles,IR,Subscribers Only
Ben Brown,CIN,C,Biceps,IR,Subscribers Only
Daniel Brown,FA,TE,Hip,Questionable,Subscribers Only
Duane Brown,NYJ,OT,Shoulder,Questionable,Subscribers Only
Evan Brown,DET,C,Ankle,Questionable,Subscribers Only
Jayon Brown,LV,LB,Hand,IR,Subscribers Only
Mike Brown,FA,OG,Undisclosed,Questionable,Subscribers Only
Shakur Brown,FA,CB,Undisclosed,Questionable,Subscribers Only
Tre Brown,SEA,CB,Illness,Questionable,Subscribers Only
Logan Bruss,LAR,OG,Knee - ACL + MCL,IR,Subscribers Only
Hunter Bryant,FA,TE,Undisclosed,Questionable,Subscribers Only
Bryan Bulaga,FA,OT,Back,Questionable,Subscribers Only
Jonathan Bullard,MIN,DE,Biceps,IR,Subscribers Only
Ian Bunting,DAL,TE,Neck,IR,Subscribers Only
Treylon Burks,TEN,WR,Concussion,Questionable,Subscribers Only
Ben Burr-Kirven,SEA,LB,Knee - ACL,PUP-R,Subscribers Only
Matt Bushman,FA,TE,Collarbone,Questionable,Subscribers Only
Adam Butler,FA,DE,Undisclosed,Questionable,Subscribers Only
Akial Byers,FA,DT,Undisclosed,Questionable,Subscribers Only
Jason Cabinda,DET,FB,Ankle,Questionable,Subscribers Only
Bryce Callahan,LAC,CB,Abdomen,Questionable,Subscribers Only
Jalen Camp,FA,WR,Oblique,Out,Subscribers Only
Chance Campbell,TEN,LB,Knee,IR,Subscribers Only
Elijah Campbell,MIA,S,Concussion,Questionable,Subscribers Only
Ibraheim Campbell,FA,S,Ankle,Questionable,Subscribers Only
Marcus Cannon,NE,OT,Concussion,IR,Subscribers Only
Trenton Cannon,TEN,RB,Knee,IR,Subscribers Only
Dylan Cantrell,FA,TE,Undisclosed,Questionable,Subscribers Only
Patrick Carr,FA,RB,Undisclosed,Questionable,Subscribers Only
Cethan Carter,MIA,TE,Concussion,IR,Subscribers Only
Jamal Carter,FA,S,Undisclosed,Questionable,Subscribers Only
Tariq Castro-Fields,WAS,CB,Knee,IR,Subscribers Only
Quintez Cephus,DET,WR,Foot,IR-R,Subscribers Only
Ty Chandler,MIN,RB,Thumb,IR-R,Subscribers Only
DeMarcus Christmas,FA,DT,Undisclosed,Questionable,Subscribers Only
Jack Cichy,FA,LB,Arm,Questionable,Subscribers Only
Lewis Cine,MIN,S,Lower Leg,IR,Subscribers Only
Darius Clark,FA,RB,Knee,Questionable,Subscribers Only
Chase Claypool,CHI,WR,Knee,Questionable,Subscribers Only
Micheal Clemons,NYJ,DE,Illness,Questionable,Subscribers Only
Jadeveon Clowney,CLE,DE,Ankle,Questionable,Subscribers Only
Tarik Cohen,FA,RB,Achilles,Out,Subscribers Only
Alex Collins,FA,RB,Abdomen,Questionable,Subscribers Only
Nico Collins,HOU,WR,Foot,Questionable,Subscribers Only
Gareon Conley,FA,CB,Ankle,Questionable,Subscribers Only
Cody Conway,FA,OT,Knee - ACL,Questionable,Subscribers Only
Brandin Cooks,HOU,WR,Calf,Questionable,Subscribers Only
Amari Cooper,CLE,WR,Hip,Questionable,Subscribers Only
Marquise Copeland,LAR,DT,Ankle,Questionable,Subscribers Only
Cody Core,FA,WR,Undisclosed,Questionable,Subscribers Only
Matt Corral,CAR,QB,Foot,IR,Subscribers Only
Lester Cotton,LV,OG,Calf,IR,Subscribers Only
Nathan Cottrell,FA,RB,Undisclosed,Questionable,Subscribers Only
Christian Covington,LAC,DT,Pectoral,IR,Subscribers Only
Rashaad Coward,ARI,OG,Chest,Questionable,Subscribers Only
River Cracraft,MIA,WR,Calf,Questionable,Subscribers Only
Aaron Crawford,FA,DT,Undisclosed,Questionable,Subscribers Only
Damarea Crockett,DEN,RB,Knee - ACL,IR,Subscribers Only
Tyrell Crosby,FA,OT,Back,Questionable,Subscribers Only
Jamison Crowder,BUF,WR,Ankle,IR,Subscribers Only
Isaiah Crowell,FA,RB,Achilles,Questionable,Subscribers Only
Dane Cruikshank,CHI,S,Hamstring,IR,Subscribers Only
Zach Cunningham,TEN,LB,Elbow,IR-R,Subscribers Only
Lloyd Cushenberry,DEN,C,Groin,IR,Subscribers Only
Tae Daley,FA,S,Undisclosed,Questionable,Subscribers Only
DeeJay Dallas,SEA,RB,Ankle,Questionable,Subscribers Only
Cameron Dantzler,MIN,CB,Illness,Questionable,Subscribers Only
Ronald Darby,DEN,CB,Knee - ACL,IR,Subscribers Only
D.J. Davidson,NYG,DT,Knee - ACL,IR,Subscribers Only
Cody Davis,NE,S,Knee,IR,Subscribers Only
Corey Davis,NYJ,WR,Concussion,Questionable,Subscribers Only
Jalen Davis,CIN,CB,Thumb,Questionable,Subscribers Only
Kalia Davis,SF,DT,Undisclosed,NFI-R,Subscribers Only
Nate Davis,TEN,OG,Knee,Questionable,Subscribers Only
Quartney Davis,FA,WR,Shoulder,Questionable,Subscribers Only
Shawn Davis,FA,S,Abdomen,Questionable,Subscribers Only
Divine Deablo,LV,LB,Forearm,IR,Subscribers Only
Jamel Dean,TB,CB,Toe,Questionable,Subscribers Only
Dawson Deaton,CLE,C,Knee - ACL,IR,Subscribers Only
Taylor Decker,DET,OT,Ankle,Questionable,Subscribers Only
Drew Desjarlais,FA,OG,Undisclosed,Out,Subscribers Only
Landon Dickerson,PHI,OG,Back,Questionable,Subscribers Only
Trevon Diggs,DAL,CB,Thumb,Questionable,Subscribers Only
Aaron Donald,LAR,DT,Ankle,Questionable,Subscribers Only
Romeo Doubs,GB,WR,Ankle,Questionable,Subscribers Only
Rico Dowdle,DAL,RB,Ankle,IR,Subscribers Only
Tommy Doyle,BUF,OT,Knee - ACL,IR,Subscribers Only
Dakota Dozier,CHI,OG,Knee - ACL,IR,Subscribers Only
Josh Drayden,FA,CB,Undisclosed,Questionable,Subscribers Only
Isaiah Dunn,SEA,CB,Hamstring,IR,Subscribers Only
Michael Dunn,CLE,OG,Back,IR,Subscribers Only
Nate Ebner,FA,S,Ankle,Questionable,Subscribers Only
Brandin Echols,NYJ,CB,Quadriceps,Out,Subscribers Only
Chase Edmonds,DEN,RB,Ankle,IR,Subscribers Only
Chuma Edoga,ATL,OG,Knee,Questionable,Subscribers Only
David Edwards,LAR,OG,Concussion,IR,Subscribers Only
Mike Edwards,TB,S,Hamstring,Questionable,Subscribers Only
Clyde Edwards-Helaire,KC,RB,Ankle,IR,Subscribers Only
Liam Eichenberg,MIA,OG,Knee - MCL,IR-R,Subscribers Only
Duke Ejiofor,FA,LB,Undisclosed,Questionable,Subscribers Only
Pat Elflein,CAR,C,Hip,IR,Subscribers Only
Ben Ellefson,MIN,TE,Groin,IR,Subscribers Only
Alex Ellis,FA,TE,Undisclosed,Questionable,Subscribers Only
Noah Elliss,FA,DT,Undisclosed,Questionable,Subscribers Only
Jermaine Eluemunor,LV,OT,Oblique,Questionable,Subscribers Only
Donnie Ernsberger,FA,TE,Undisclosed,Questionable,Subscribers Only
Zach Ertz,ARI,TE,Knee - ACL + MCL,IR,Subscribers Only
Tyler Ervin,FA,RB,Foot,Questionable,Subscribers Only
Dee Eskridge,SEA,WR,Hand,IR,Subscribers Only
Drew Estrada,FA,WR,Achilles,Out,Subscribers Only
Akayleb Evans,MIN,CB,Concussion,IR,Subscribers Only
Joshua Ezeudu,NYG,OG,Neck,Questionable,Subscribers Only
Jequez Ezzard,FA,WR,Undisclosed,Questionable,Subscribers Only
Brandon Facyson,IND,CB,Illness,Questionable,Subscribers Only
George Fant,NYJ,OT,Knee,Questionable,Subscribers Only
Caleb Farley,TEN,CB,Back,IR,Subscribers Only
Matt Farniok,DAL,C,Hamstring,IR,Subscribers Only
Simi Fehoko,DAL,WR,Shoulder,IR,Subscribers Only
Jake Ferguson,DAL,TE,Head,Questionable,Subscribers Only
Justin Fields,CHI,QB,Illness,Questionable,Subscribers Only
Sharif Finch,FA,LB,Undisclosed,Questionable,Subscribers Only
B.J. Finney,FA,OG,Back,Questionable,Subscribers Only
John FitzPatrick,ATL,TE,Undisclosed,IR,Subscribers Only
Trey Flowers,MIA,LB,Foot,IR,Subscribers Only
Dee Ford,FA,DE,Back,Questionable,Subscribers Only
L.J. Fort,FA,LB,Knee - ACL,Questionable,Subscribers Only
Mitchell Fraboni,DEN,C,Finger,IR,Subscribers Only
John Franklin,FA,WR,Knee - ACL,Questionable,Subscribers Only
John Franklin-Myers,NYJ,DE,Illness,Questionable,Subscribers Only
Jordan Franks,FA,TE,Hand,Out,Subscribers Only
Pat Freiermuth,PIT,TE,Foot,Questionable,Subscribers Only
Jordan Fuller,LAR,S,Hamstring,IR,Subscribers Only
Kyle Fuller,BAL,CB,Knee - ACL,IR,Subscribers Only
Will Fuller,FA,WR,Finger,Questionable,Subscribers Only
Kristian Fulton,TEN,CB,Groin,Questionable,Subscribers Only
Tipa Galeai,GB,LB,Hamstring,IR,Subscribers Only
Jamell Garcia-Williams,FA,DE,Undisclosed,Questionable,Subscribers Only
C.J. Gardner-Johnson,PHI,S,Abdomen,IR,Subscribers Only
Ben Garland,FA,C,Calf,Questionable,Subscribers Only
Jimmy Garoppolo,SF,QB,Foot,Out,Subscribers Only
Myles Garrett,CLE,DE,Shoulder,Questionable,Subscribers Only
Rashan Gary,GB,LB,Knee - ACL,IR,Subscribers Only
Antonio Gibson,WAS,RB,Foot,Questionable,Subscribers Only
Cam Gill,TB,LB,Foot,IR,Subscribers Only
Cullen Gillaspia,SEA,LB,Knee,IR,Subscribers Only
Reggie Gilliam,BUF,FB,Ankle,Questionable,Subscribers Only
Kevin Givens,SF,DT,Knee - MCL,Out,Subscribers Only
Jordan Glasgow,FA,LB,Undisclosed,Questionable,Subscribers Only
Dallas Goedert,PHI,TE,Shoulder,IR-R,Subscribers Only
Matt Gono,FA,OT,Neck,Questionable,Subscribers Only
Zane Gonzalez,CAR,K,Groin,IR,Subscribers Only
Jaeden Graham,FA,TE,Undisclosed,Questionable,Subscribers Only
Ta'Quon Graham,ATL,DE,Knee - MCL,IR,Subscribers Only
Jakeem Grant,CLE,WR,Achilles,IR,Subscribers Only
J.T. Gray,NO,S,Hamstring,Questionable,Subscribers Only
Kenyon Green,HOU,OG,Ankle,Questionable,Subscribers Only
Virgil Green,FA,TE,Ankle,Questionable,Subscribers Only
Jonathan Greenard,HOU,DE,Calf,IR-R,Subscribers Only
Raven Greene,FA,S,Undisclosed,Questionable,Subscribers Only
Ethan Greenidge,NO,OT,Knee,IR,Subscribers Only
Randy Gregory,DEN,LB,Knee - Meniscus,IR-R,Subscribers Only
Everson Griffen,FA,DE,Personal,Questionable,Subscribers Only
Shaquill Griffin,JAX,CB,Back,IR,Subscribers Only
Jonas Griffith,DEN,LB,Ankle,IR,Subscribers Only
Trevon Grimes,FA,WR,Undisclosed,Questionable,Subscribers Only
Ryan Groy,FA,OG,Triceps,Questionable,Subscribers Only
Vitaliy Gurman,FA,OG,Undisclosed,Out,Subscribers Only
Porter Gustin,FA,LB,Undisclosed,Out,Subscribers Only
Jalen Guyton,LAC,WR,Knee - ACL,IR,Subscribers Only
Joe Haeg,CLE,OT,Concussion,IR,Subscribers Only
Troy Hairston,HOU,FB,Chest,Questionable,Subscribers Only
Grant Haley,LAR,CB,Knee - ACL,IR,Subscribers Only
Breece Hall,NYJ,RB,Knee - ACL,IR,Subscribers Only
Emanuel Hall,FA,WR,Achilles,Questionable,Subscribers Only
KJ Hamler,DEN,WR,Hamstring,IR,Subscribers Only
Saquan Hampton,FA,S,Achilles,Questionable,Subscribers Only
Da'Shawn Hand,TEN,DT,Quadriceps,IR,Subscribers Only
Johnathan Hankins,DAL,DT,Pectoral,IR,Subscribers Only
Chase Hansen,NO,LB,Knee,IR,Subscribers Only
Jake Hanson,GB,C,Biceps,IR,Subscribers Only
Tre Harbison,FA,RB,Concussion,Questionable,Subscribers Only
Mecole Hardman,KC,WR,Abdomen,IR-R,Subscribers Only
Devin Harper,DAL,LB,Achilles,IR,Subscribers Only
Charles Harris,DET,DE,Groin,IR,Subscribers Only
Clark Harris,CIN,C,Biceps,IR,Subscribers Only
Damien Harris,NE,RB,Thigh,Questionable,Subscribers Only
Dwayne Harris,FA,WR,Triceps,Questionable,Subscribers Only
Jacob Harris,LAR,WR,Pectoral,IR,Subscribers Only
Marcell Harris,FA,LB,Ankle,Out,Subscribers Only
Najee Harris,PIT,RB,Hip,Questionable,Subscribers Only
Nick Harris,CLE,C,Knee,IR,Subscribers Only
Trent Harris,FA,LB,Undisclosed,Questionable,Subscribers Only
Will Harris,DET,CB,Hip,Questionable,Subscribers Only
Montre Hartage,FA,S,Undisclosed,Questionable,Subscribers Only
Deonte Harty,NO,WR,Foot,IR,Subscribers Only
Kolby Harvell-Peel,FA,S,Hamstring,Questionable,Subscribers Only
Hassan Haskins,TEN,RB,Hip,Questionable,Subscribers Only
Jerald Hawkins,FA,OT,Undisclosed,Questionable,Subscribers Only
Daelin Hayes,BAL,LB,Undisclosed,IR,Subscribers Only
Marquis Hayes,ARI,OG,Knee,IR,Subscribers Only
Casey Hayward,ATL,CB,Shoulder,IR,Subscribers Only
Joel Heath,FA,DE,Knee - ACL,Questionable,Subscribers Only
Nolan Henderson,FA,QB,Lower Leg,Questionable,Subscribers Only
Trey Hendrickson,CIN,DE,Wrist,Questionable,Subscribers Only
Matt Hennessy,ATL,OG,Knee,IR-R,Subscribers Only
Thomas Hennigan,MIN,WR,Undisclosed,IR,Subscribers Only
Khalil Herbert,CHI,RB,Hip,IR,Subscribers Only
Will Hernandez,ARI,OG,Chest,IR-R,Subscribers Only
Chandon Herring,FA,OG,Undisclosed,Questionable,Subscribers Only
Frank Herron,FA,DE,Undisclosed,Questionable,Subscribers Only
Justin Herron,LV,OT,Knee,IR,Subscribers Only
Jordan Hicks,MIN,LB,Ankle,Questionable,Subscribers Only
Tee Higgins,CIN,WR,Hamstring,Questionable,Subscribers Only
Dax Hill,CIN,S,Hamstring,Questionable,Subscribers Only
Tyreek Hill,MIA,WR,Ankle,Questionable,Subscribers Only
Dontrell Hilliard,TEN,RB,Neck,Out,Subscribers Only
Mike Hilton,CIN,CB,Knee,Questionable,Subscribers Only
Chasen Hines,NE,OG,Undisclosed,IR,Subscribers Only
Kurt Hinish,HOU,DT,Shoulder,Questionable,Subscribers Only
Kendall Hinton,DEN,WR,Hamstring,Questionable,Subscribers Only
Curtis Hodges,WAS,TE,Thigh,IR,Subscribers Only
Cole Holcomb,WAS,LB,Foot,IR,Subscribers Only
Will Holden,FA,OT,Calf,Questionable,Subscribers Only
Cody Hollister,TEN,WR,Neck,IR,Subscribers Only
Elijah Holyfield,CIN,RB,Knee,IR,Subscribers Only
Amani Hooker,TEN,S,Knee,Questionable,Subscribers Only
Dustin Hopkins,LAC,K,Hamstring,IR,Subscribers Only
Jesper Horsted,LV,TE,Concussion,Questionable,Subscribers Only
Bug Howard,FA,TE,Undisclosed,Questionable,Subscribers Only
Travin Howard,LAR,LB,Hip,Questionable,Subscribers Only
Brian Hoyer,NE,QB,Concussion,IR,Subscribers Only
Jonathan Hubbard,FA,OT,Undisclosed,Questionable,Subscribers Only
Rodney Hudson,ARI,C,Knee,IR,Subscribers Only
Tommy Hudson,FA,TE,Undisclosed,Questionable,Subscribers Only
Albert Huggins,NO,DT,Undisclosed,IR,Subscribers Only
Jake Hummel,LAR,LB,Hip,IR,Subscribers Only
D.J. Humphries,ARI,OT,Back,IR,Subscribers Only
Tyler Huntley,BAL,QB,Concussion,Questionable,Subscribers Only
Jalen Hurd,FA,WR,Knee,Questionable,Subscribers Only
Allen Hurns,FA,WR,Wrist,Questionable,Subscribers Only
Hayden Hurst,CIN,TE,Calf,Doubtful,Subscribers Only
John Hurst,FA,WR,Ankle,Questionable,Subscribers Only
Maurice Hurst,SF,DT,Biceps,IR,Subscribers Only
Carlos Hyde,FA,RB,Concussion,Questionable,Subscribers Only
Micah Hyde,BUF,S,Neck,IR,Subscribers Only
Kerry Hyder,SF,DE,Ankle,Questionable,Subscribers Only
Ishmael Hyman,FA,WR,Undisclosed,Questionable,Subscribers Only
George Iloka,FA,S,Knee - ACL,Questionable,Subscribers Only
Mark Ingram,NO,RB,Knee - MCL,Out,Subscribers Only
Isaiah Irving,FA,LB,Back,Questionable,Subscribers Only
Thomas Ives,FA,WR,Undisclosed,Questionable,Subscribers Only
Joel Iyiegbuniwe,CAR,LB,Shoulder,Questionable,Subscribers Only
Myles Jack,PIT,LB,Groin,Questionable,Subscribers Only
Adoree' Jackson,NYG,CB,Knee - MCL,Questionable,Subscribers Only
Alaric Jackson,LAR,OT,Illness,IR,Subscribers Only
Austin Jackson,MIA,OT,Ankle,IR,Subscribers Only
Branden Jackson,FA,DE,Spine,Questionable,Subscribers Only
Chris Jackson,TEN,CB,Undisclosed,IR,Subscribers Only
D'Marco Jackson,NO,LB,Undisclosed,IR,Subscribers Only
Donte Jackson,CAR,CB,Achilles,IR,Subscribers Only
Eddie Jackson,CHI,S,Foot,IR,Subscribers Only
J.C. Jackson,LAC,CB,Kneecap,IR,Subscribers Only
Lamar Jackson,BAL,QB,Knee - PCL,Questionable,Subscribers Only
Warren Jackson,FA,WR,Undisclosed,Questionable,Subscribers Only
William Jackson,PIT,CB,Back,IR,Subscribers Only
Josh Jacobs,LV,RB,Finger,Questionable,Subscribers Only
Derwin James,LAC,S,Quadriceps,Questionable,Subscribers Only
Ja'Wuan James,BAL,OT,Achilles,IR,Subscribers Only
Jesse James,CLE,TE,Biceps,IR,Subscribers Only
Richie James,NYG,WR,Concussion,Questionable,Subscribers Only
Kevin Jarvis,FA,OG,Undisclosed,Questionable,Subscribers Only
Blake Jarwin,FA,TE,Hip,Questionable,Subscribers Only
Jalen Jelks,FA,DE,Undisclosed,Questionable,Subscribers Only
Jordan Jenkins,LV,DE,Knee - ACL,IR,Subscribers Only
Gary Jennings,FA,WR,Concussion,Questionable,Subscribers Only
Ryan Jensen,TB,C,Knee,IR,Subscribers Only
Austin Johnson,LAC,DT,Knee - MCL,IR,Subscribers Only
Bisi Johnson,MIN,WR,Knee - ACL,IR,Subscribers Only
Collin Johnson,NYG,WR,Achilles,IR,Subscribers Only
Darryl Johnson,SEA,LB,Foot,IR,Subscribers Only
Dontae Johnson,FA,CB,Knee - ACL,Out,Subscribers Only
Jahmir Johnson,FA,OT,Undisclosed,Questionable,Subscribers Only
John Johnson,CLE,S,Knee,Questionable,Subscribers Only
Josh Johnson,FA,RB,Undisclosed,Questionable,Subscribers Only
Juwan Johnson,NO,TE,Ankle,Questionable,Subscribers Only
Lane Johnson,PHI,OT,Abdomen,Questionable,Subscribers Only
Lonnie Johnson,TEN,CB,Hamstring,IR,Subscribers Only
Nazeeh Johnson,KC,S,Hamstring,Questionable,Subscribers Only
Willie Johnson,JAX,WR,Undisclosed,IR,Subscribers Only
Clay Johnston,CIN,LB,Head,Questionable,Subscribers Only
Ben Jones,TEN,C,Neck,Questionable,Subscribers Only
Brandon Jones,MIA,S,Knee - ACL,IR,Subscribers Only
Brett Jones,FA,C,Biceps,Questionable,Subscribers Only
Byron Jones,MIA,CB,Achilles,PUP-R,Subscribers Only
Caleb Jones,GB,OT,Illness,NFI-R,Subscribers Only
Chris Jones,FA,P,Abdomen,Questionable,Subscribers Only
Devin Jones,FA,CB,Undisclosed,Questionable,Subscribers Only
Jack Jones,NE,CB,Knee,Questionable,Subscribers Only
Jamarco Jones,TEN,OT,Elbow,IR,Subscribers Only
Josh Jones,SEA,S,Hamstring,IR,Subscribers Only
Julio Jones,TB,WR,Knee,Questionable,Subscribers Only
Xavier Jones,FA,RB,Achilles,Questionable,Subscribers Only
Cameron Jordan,NO,DE,Foot,Questionable,Subscribers Only
Dion Jordan,FA,DE,Knee,Questionable,Subscribers Only
Karl Joseph,PIT,S,Ankle,IR,Subscribers Only
Michael Joseph,FA,CB,Undisclosed,Questionable,Subscribers Only
Sebastian Joseph-Day,LAC,DT,Knee - MCL,Questionable,Subscribers Only
Matt Kaskey,FA,OT,Foot,Questionable,Subscribers Only
Silas Kelly,FA,LB,Undisclosed,Questionable,Subscribers Only
Brandon King,FA,LB,Hamstring,Questionable,Subscribers Only
Javon Kinlaw,SF,DT,Knee,IR,Subscribers Only
Dre Kirkpatrick,FA,CB,Ankle,Questionable,Subscribers Only
Micah Kiser,LV,LB,Leg,IR,Subscribers Only
Kader Kohou,MIA,CB,Thumb,Questionable,Subscribers Only
J.J. Koski,LAR,WR,Shoulder,IR,Subscribers Only
Tommy Kraemer,DET,OG,Back,IR,Subscribers Only
Doug Kramer,CHI,C,Lower Leg,IR,Subscribers Only
Jake Kumerow,BUF,WR,Ankle,IR,Subscribers Only
Cooper Kupp,LAR,WR,Ankle,IR,Subscribers Only
Bruno Labelle,FA,TE,Undisclosed,Questionable,Subscribers Only
Dayan Lake,FA,CB,Undisclosed,Questionable,Subscribers Only
Forrest Lamp,FA,OG,Undisclosed,Questionable,Subscribers Only
Tyler Lancaster,FA,DE,Undisclosed,Questionable,Subscribers Only
Trey Lance,SF,QB,Ankle,IR,Subscribers Only
Harold Landry,TEN,LB,Knee - ACL,IR,Subscribers Only
Ted Larsen,FA,OG,Knee,Questionable,Subscribers Only
Tyler Larsen,WAS,C,Kneecap,IR,Subscribers Only
Cody Latimer,FA,WR,Personal,Reserve-CEL,Subscribers Only
Marshon Lattimore,NO,CB,Abdomen,Questionable,Subscribers Only
Nolan Laufenberg,FA,OG,Undisclosed,Out,Subscribers Only
Rashard Lawrence,ARI,DT,Shoulder,IR,Subscribers Only
Trevor Lawrence,JAX,QB,Toe,Questionable,Subscribers Only
Cre'von LeBlanc,FA,CB,Undisclosed,Questionable,Subscribers Only
Darron Lee,FA,LB,Undisclosed,Questionable,Subscribers Only
Shane Lemieux,NYG,OG,Toe,Questionable,Subscribers Only
Lance Lenoir,FA,WR,Undisclosed,Questionable,Subscribers Only
Shaquille Leonard,IND,LB,Back,IR,Subscribers Only
Taylor Lewan,TEN,OT,Knee,IR,Subscribers Only
Donnie Lewis,FA,CB,Undisclosed,Questionable,Subscribers Only
Jourdan Lewis,DAL,CB,Foot,IR,Subscribers Only
Terrell Lewis,LAR,LB,Back,Questionable,Subscribers Only
Tommylee Lewis,FA,WR,Hip,Questionable,Subscribers Only
Tyquan Lewis,IND,DE,Knee,IR,Subscribers Only
Zane Lewis,FA,S,Undisclosed,Questionable,Subscribers Only
Alec Lindstrom,FA,C,Undisclosed,Out,Subscribers Only
Cory Littleton,CAR,LB,Ankle,Questionable,Subscribers Only
Damon Lloyd,LAC,LB,Undisclosed,IR,Subscribers Only
David Long,LAR,CB,Groin,Questionable,Subscribers Only
David Long,TEN,LB,Hamstring,IR,Subscribers Only
Greg Long,FA,OT,Undisclosed,Questionable,Subscribers Only
Roy Lopez,HOU,DT,Hip,Questionable,Subscribers Only
Bryce Love,FA,RB,Knee,Questionable,Subscribers Only
John Lovett,MIA,FB,Undisclosed,IR,Subscribers Only
Chase Lucas,DET,CB,Hamstring,IR,Subscribers Only
Wil Lutz,NO,K,Illness,Questionable,Subscribers Only
James Lynch,MIN,DT,Shoulder,Questionable,Subscribers Only
Ledarius Mack,FA,LB,Undisclosed,Questionable,Subscribers Only
Cole Madison,FA,OG,Knee - ACL,Questionable,Subscribers Only
Marcus Mariota,ATL,QB,Knee,IR,Subscribers Only
Kyle Markway,FA,TE,Undisclosed,Questionable,Subscribers Only
Cassius Marsh,FA,LB,Knee,Questionable,Subscribers Only
Jacob Martin,DEN,LB,Knee,IR,Subscribers Only
Justin Martin,FA,CB,Knee,Questionable,Subscribers Only
Kamal Martin,FA,LB,Undisclosed,Questionable,Subscribers Only
Marcus Martin,FA,C,Undisclosed,Questionable,Subscribers Only
Bobby Massie,FA,OT,Concussion,Questionable,Subscribers Only
Phidarian Mathis,WAS,DT,Knee - Meniscus,IR,Subscribers Only
Jordan Matthews,SF,TE,Knee - ACL,IR,Subscribers Only
Jalen Mayfield,ATL,OG,Back,IR,Subscribers Only
Tucker McCann,FA,K,Undisclosed,Questionable,Subscribers Only
Nick McCloud,NYG,CB,Illness,Questionable,Subscribers Only
Sincere McCormick,LV,RB,Undisclosed,IR,Subscribers Only
Devin McCourty,NE,S,Head,Questionable,Subscribers Only
Colt McCoy,ARI,QB,Neck,Questionable,Subscribers Only
Erik McCoy,NO,C,Calf,IR,Subscribers Only
Gerald McCoy,FA,DT,Knee,Questionable,Subscribers Only
Justin McCray,HOU,OG,Hamstring,Questionable,Subscribers Only
Codey McElroy,FA,TE,Foot,Questionable,Subscribers Only
Marcus McKethan,NYG,OG,Knee - ACL,IR,Subscribers Only
Anthony McKinney,FA,OT,Undisclosed,Questionable,Subscribers Only
Xavier McKinney,NYG,S,Hand,NFI-R,Subscribers Only
J.D. McKissic,WAS,RB,Neck,IR,Subscribers Only
Sherrick McManis,FA,S,Hamstring,Questionable,Subscribers Only
Jeremy McNichols,PIT,RB,Shoulder,IR,Subscribers Only
Jake McQuaide,DAL,C,Triceps,IR,Subscribers Only
Tony McRae,FA,CB,Knee,Questionable,Subscribers Only
Montrel Meander,FA,LB,Achilles,Questionable,Subscribers Only
Steven Means,BAL,LB,Achilles,IR,Subscribers Only
Obi Melifonwu,FA,S,Undisclosed,Questionable,Subscribers Only
Forrest Merrill,LAC,DT,Undisclosed,IR,Subscribers Only
John Metchie,HOU,WR,Illness,NFI-R,Subscribers Only
Jakobi Meyers,NE,WR,Concussion,Questionable,Subscribers Only
Matt Milano,BUF,LB,Knee,Questionable,Subscribers Only
Joshua Miles,ARI,OT,Undisclosed,IR,Subscribers Only
Anthony Miller,PIT,WR,Shoulder,IR,Subscribers Only
Von Miller,BUF,DE,Knee - ACL,IR,Subscribers Only
Jalen Mills,NE,CB,Groin,Questionable,Subscribers Only
Dax Milne,WAS,WR,Foot,Questionable,Subscribers Only
Elijah Mitchell,SF,RB,Knee - MCL,IR,Subscribers Only
Max Mitchell,NYJ,OT,Illness,NFI-R,Subscribers Only
Osirus Mitchell,FA,WR,Quadriceps,Questionable,Subscribers Only
Terrance Mitchell,TEN,CB,Hamstring,Questionable,Subscribers Only
Taquan Mizzell,FA,WR,Undisclosed,Questionable,Subscribers Only
Elijah Molden,TEN,CB,Groin,IR,Subscribers Only
Donte Moncrief,FA,WR,Undisclosed,Questionable,Subscribers Only
Smoke Monday,NO,S,Knee - ACL,IR,Subscribers Only
Ty Montgomery,NE,RB,Shoulder,IR,Subscribers Only
Darnell Mooney,CHI,WR,Ankle,IR,Subscribers Only
A.J. Moore,TEN,S,Ankle,IR,Subscribers Only
C.J. Moore,DET,S,Shoulder,Questionable,Subscribers Only
David Moore,FA,WR,Lower Leg,Questionable,Subscribers Only
J'Mon Moore,FA,WR,Undisclosed,Questionable,Subscribers Only
Jalin Moore,FA,RB,Ankle,Reserve-Ret,Subscribers Only
Kenny Moore,IND,CB,Ankle,Questionable,Subscribers Only
Rondale Moore,ARI,WR,Groin,IR,Subscribers Only
Tarvarius Moore,SF,S,Knee,Out,Subscribers Only
Emmanuel Moseley,SF,CB,Knee - ACL,IR,Subscribers Only
Morgan Moses,BAL,OT,Knee,Questionable,Subscribers Only
Jordan Mosley,FA,S,Undisclosed,Questionable,Subscribers Only
T.D. Moultry,FA,LB,Undisclosed,Questionable,Subscribers Only
Chad Muma,JAX,LB,Ankle,Questionable,Subscribers Only
Daniel Munyer,FA,C,Undisclosed,Questionable,Subscribers Only
Byron Murphy,ARI,CB,Back,Questionable,Subscribers Only
Kyle Murphy,FA,OG,Ankle,Questionable,Subscribers Only
Kyler Murray,ARI,QB,Knee - ACL,IR,Subscribers Only
Ryan Nall,FA,FB,Shoulder,Questionable,Subscribers Only
Carl Nassib,TB,LB,Pectoral,Questionable,Subscribers Only
Isaac Nauta,FA,TE,Undisclosed,Questionable,Subscribers Only
Ryan Neal,SEA,S,Knee,Questionable,Subscribers Only
Sharrod Neasman,FA,S,Undisclosed,Questionable,Subscribers Only
Nik Needham,MIA,CB,Achilles,IR,Subscribers Only
Nick Nelson,FA,CB,Undisclosed,Questionable,Subscribers Only
Steven Nelson,HOU,CB,Ankle,Questionable,Subscribers Only
Hardy Nickerson,FA,LB,Concussion,Questionable,Subscribers Only
David Njoku,CLE,TE,Knee,Questionable,Subscribers Only
Elijah Nkansah,FA,OT,Undisclosed,Questionable,Subscribers Only
Desmond Noel,FA,OG,Undisclosed,Questionable,Subscribers Only
Quinn Nordin,NE,K,Undisclosed,NFI-R,Subscribers Only
Jared Norris,FA,LB,Shoulder,Questionable,Subscribers Only
Andrew Norwell,WAS,OG,Shoulder,Questionable,Subscribers Only
Joe Noteboom,LAR,OT,Achilles,IR,Subscribers Only
Carter O'Donnell,IND,OT,Undisclosed,IR,Subscribers Only
Nick O'Leary,FA,TE,Chest,Questionable,Subscribers Only
Leon O'Neal,FA,S,Undisclosed,Questionable,Subscribers Only
Chris Odom,CLE,DE,Knee - ACL,IR,Subscribers Only
Emmanuel Ogbah,MIA,DE,Triceps,IR,Subscribers Only
Otito Ogbonnia,LAC,DT,Kneecap,IR,Subscribers Only
Cedric Ogbuehi,NYJ,OT,Groin,IR,Subscribers Only
Andrew Ogletree,IND,TE,Knee - ACL,IR,Subscribers Only
Larry Ogunjobi,PIT,DT,Toe,Questionable,Subscribers Only
Chris Okoye,FA,DT,Undisclosed,Questionable,Subscribers Only
Russell Okung,FA,OT,Calf,Questionable,Subscribers Only
Julian Okwara,DET,LB,Elbow,IR,Subscribers Only
Ed Oliver,BUF,DT,Pectoral,Questionable,Subscribers Only
Sewo Olonilua,FA,FB,Neck,Questionable,Subscribers Only
Levi Onwuzurike,DET,DE,Back,IR,Subscribers Only
Joseph Ossai,CIN,DE,Shoulder,Questionable,Subscribers Only
Joe Ostman,FA,DE,Undisclosed,Questionable,Subscribers Only
Tyler Ott,SEA,C,Shoulder,IR,Subscribers Only
Tanner Owen,FA,OT,Illness,Questionable,Subscribers Only
Jeremiah Owusu-Koramoah,CLE,LB,Foot,IR,Subscribers Only
Mike Panasiuk,FA,C,Undisclosed,Questionable,Subscribers Only
Andrew Parchment,FA,WR,Undisclosed,Questionable,Subscribers Only
Donald Parham,LAC,TE,Hamstring,IR-R,Subscribers Only
Brandon Parker,LV,OT,Triceps,IR,Subscribers Only
DeVante Parker,NE,WR,Head,Questionable,Subscribers Only
Aaron Patrick,DEN,LB,Knee - ACL,IR,Subscribers Only
Lucas Patrick,CHI,C,Toe,IR,Subscribers Only
Tim Patrick,DEN,WR,Knee - ACL,IR,Subscribers Only
Rashaad Penny,SEA,RB,Ankle,IR,Subscribers Only
Ronnie Perkins,NE,LB,Undisclosed,IR,Subscribers Only
Ricky Person,BAL,RB,Undisclosed,Reserve-Ex,Subscribers Only
Kyle Philips,TEN,WR,Hamstring,IR,Subscribers Only
Harrison Phillips,MIN,DT,Back,Questionable,Subscribers Only
Jacob Phillips,CLE,LB,Pectoral,IR,Subscribers Only
Jordan Phillips,BUF,DT,Shoulder,Questionable,Subscribers Only
Kyle Phillips,FA,DE,Undisclosed,Questionable,Subscribers Only
Kenny Pickett,PIT,QB,Concussion,Questionable,Subscribers Only
Dameon Pierce,HOU,RB,Ankle,Doubtful,Subscribers Only
Michael Pierce,BAL,DT,Biceps,IR,Subscribers Only
Kevin Pierre-Louis,HOU,LB,Groin,IR,Subscribers Only
Trey Pipkins,LAC,OT,Knee,Questionable,Subscribers Only
Kyle Pitts,ATL,TE,Knee - MCL,IR,Subscribers Only
Carlins Platel,PIT,CB,Lower Body,IR,Subscribers Only
Ethan Pocic,CLE,C,Knee,IR,Subscribers Only
Quentin Poling,FA,LB,Undisclosed,Questionable,Subscribers Only
Elijah Ponder,FA,LB,Undisclosed,Questionable,Subscribers Only
Troymaine Pope,FA,RB,Undisclosed,Questionable,Subscribers Only
Bobby Price,DET,CB,Knee,IR,Subscribers Only
D'Vonte Price,FA,RB,Undisclosed,Out,Subscribers Only
Austin Proehl,FA,WR,Undisclosed,Questionable,Subscribers Only
Justin Pugh,ARI,OG,Knee,IR,Subscribers Only
Brock Purdy,SF,QB,Oblique,Questionable,Subscribers Only
Robert Quinn,PHI,DE,Knee,IR,Subscribers Only
Brent Qvale,FA,OT,Undisclosed,Questionable,Subscribers Only
Trey Ragas,FA,RB,Undisclosed,Questionable,Subscribers Only
Frank Ragnow,DET,C,Foot,Questionable,Subscribers Only
Clint Ratkovich,FA,RB,Knee - ACL,Questionable,Subscribers Only
LaBryan Ray,FA,DE,Undisclosed,Out,Subscribers Only
Alex Redmond,FA,OG,Undisclosed,Questionable,Subscribers Only
Hunter Renfrow,LV,WR,Oblique,IR-R,Subscribers Only
Sam Renner,FA,DT,Undisclosed,Questionable,Subscribers Only
Craig Reynolds,DET,RB,Ribs,IR-R,Subscribers Only
Ross Reynolds,FA,OG,Undisclosed,Questionable,Subscribers Only
Sean Rhyan,GB,OG,Suspension,Reserve-Sus,Subscribers Only
Will Richardson,FA,OG,Ankle,Questionable,Subscribers Only
Hassan Ridgeway,SF,DT,Pectoral,Out,Subscribers Only
Calvin Ridley,JAX,WR,Suspension,Reserve-Sus,Subscribers Only
Curtis Riley,FA,S,Achilles,Questionable,Subscribers Only
Dalton Risner,DEN,OG,Shoulder,Questionable,Subscribers Only
Chauncey Rivers,FA,LB,Knee - ACL,Questionable,Subscribers Only
Derek Rivers,HOU,DE,Biceps,IR,Subscribers Only
Tre Roberson,FA,CB,Concussion,Questionable,Subscribers Only
Andre Roberts,CAR,WR,Knee - PCL,IR,Subscribers Only
A'Shawn Robinson,LAR,DT,Knee - Meniscus,IR,Subscribers Only
Aaron Robinson,NYG,CB,Knee - ACL + MCL,IR,Subscribers Only
Allen Robinson,LAR,WR,Foot,IR,Subscribers Only
Alton Robinson,SEA,DE,Knee - PCL,IR,Subscribers Only
Brian Robinson,WAS,RB,Quadriceps,Questionable,Subscribers Only
Rashard Robinson,FA,CB,Undisclosed,Questionable,Subscribers Only
Reggie Robinson,FA,CB,Undisclosed,Questionable,Subscribers Only
Wan'Dale Robinson,NYG,WR,Knee - ACL,IR,Subscribers Only
Bryce Rodgers,FA,DT,Undisclosed,Questionable,Subscribers Only
Richard Rodgers,LAC,TE,Knee,IR,Subscribers Only
Armani Rogers,WAS,TE,Knee,IR,Subscribers Only
Aldrick Rosas,FA,K,Undisclosed,Questionable,Subscribers Only
Daniel Ross,FA,DT,Undisclosed,Questionable,Subscribers Only
Josh Ross,BAL,LB,Foot,IR,Subscribers Only
Justyn Ross,KC,WR,Foot,IR,Subscribers Only
Bunmi Rotimi,FA,DE,Foot,Questionable,Subscribers Only
Chase Roullier,WAS,C,Knee,IR,Subscribers Only
Eric Rowe,MIA,S,Hamstring,Questionable,Subscribers Only
Christian Sam,FA,LB,Undisclosed,Questionable,Subscribers Only
Dru Samia,FA,OG,Undisclosed,Questionable,Subscribers Only
Drew Sample,CIN,TE,Knee - MCL,IR,Subscribers Only
Deebo Samuel,SF,WR,Knee - MCL,Out,Subscribers Only
Rigoberto Sanchez,IND,P,Achilles,IR,Subscribers Only
Darnell Savage,GB,S,Foot,Questionable,Subscribers Only
Jordan Scarlett,FA,RB,Knee,Questionable,Subscribers Only
Brandon Scherff,JAX,OG,Abdomen,Questionable,Subscribers Only
Cole Schneider,FA,C,Ankle,Questionable,Subscribers Only
Anthony Schwartz,CLE,WR,Concussion,IR,Subscribers Only
Vernon Scott,GB,S,Shoulder,IR,Subscribers Only
Austin Seibert,FA,K,Groin,Questionable,Subscribers Only
Greg Senat,NYJ,OT,Undisclosed,NFI-R,Subscribers Only
Mathew Sexton,FA,WR,Undisclosed,Questionable,Subscribers Only
Justin Shaffer,FA,OG,Undisclosed,Out,Subscribers Only
Adam Shaheen,MIA,TE,Knee,IR,Subscribers Only
Aaron Shampklin,FA,RB,Ankle,Questionable,Subscribers Only
Liam Shanahan,FA,C,Undisclosed,Questionable,Subscribers Only
Tajae Sharpe,FA,WR,Undisclosed,Questionable,Subscribers Only
Ty Shelby,FA,LB,Groin,Questionable,Subscribers Only
Sterling Shepard,NYG,WR,Knee - ACL,IR,Subscribers Only
A.Q. Shipley,FA,C,Neck,Questionable,Subscribers Only
Trevor Siemian,CHI,QB,Oblique,IR,Subscribers Only
Jeffery Simmons,TEN,DT,Ankle,Questionable,Subscribers Only
Lachavious Simmons,FA,OG,Undisclosed,Out,Subscribers Only
Cam Sims,WAS,WR,Back,Questionable,Subscribers Only
Arryn Siposs,PHI,P,Ankle,IR,Subscribers Only
Tuzar Skipper,FA,LB,Undisclosed,Questionable,Subscribers Only
Rashawn Slater,LAC,OT,Biceps,IR,Subscribers Only
Brandon Smith,CAR,LB,Ankle,Questionable,Subscribers Only
Elerson Smith,NYG,LB,Achilles,Questionable,Subscribers Only
Harrison Smith,MIN,S,Neck,Questionable,Subscribers Only
Irv Smith,MIN,TE,Ankle,IR,Subscribers Only
Jordan Smith,JAX,LB,Knee,IR,Subscribers Only
Kaden Smith,FA,TE,Knee,Questionable,Subscribers Only
Lecitus Smith,ARI,OG,Ankle,Questionable,Subscribers Only
Maurice Smith,FA,S,Undisclosed,Questionable,Subscribers Only
Saivion Smith,FA,S,Neck,Out,Subscribers Only
Tyreke Smith,SEA,LB,Hip,IR,Subscribers Only
Tyron Smith,DAL,OT,Knee,IR-R,Subscribers Only
Jaxon Smith-Njigba,FA,WR,Hamstring,Questionable,Subscribers Only
James Smith-Williams,WAS,DE,Concussion,Questionable,Subscribers Only
Durham Smythe,MIA,TE,Quadriceps,Questionable,Subscribers Only
Dylan Soehner,FA,TE,Undisclosed,Questionable,Subscribers Only
Jeremy Sprinkle,FA,TE,Achilles,Questionable,Subscribers Only
Benjamin St-Juste,WAS,CB,Ankle,Questionable,Subscribers Only
Matthew Stafford,LAR,QB,Neck,IR,Subscribers Only
Taylor Stallworth,HOU,DT,Calf,Questionable,Subscribers Only
Jayson Stanley,FA,CB,Knee,Questionable,Subscribers Only
Terence Steele,DAL,OT,Knee - ACL + MCL,IR,Subscribers Only
Caden Sterns,DEN,S,Hip,IR,Subscribers Only
Rhamondre Stevenson,NE,RB,Ankle,Questionable,Subscribers Only
Tyarise Stevenson,FA,DT,Shoulder - AC Joint,Questionable,Subscribers Only
Darius Stills,FA,DT,Undisclosed,Questionable,Subscribers Only
Derek Stingley,HOU,CB,Hamstring,Questionable,Subscribers Only
Aaron Stinnie,TB,OG,Knee - ACL + MCL,IR,Subscribers Only
Eric Stokes,GB,CB,Ankle,IR,Subscribers Only
Dillon Stoner,FA,WR,Undisclosed,Out,Subscribers Only
Jordan Stout,BAL,P,Knee,Questionable,Subscribers Only
Eli Stove,FA,WR,Knee - ACL,Questionable,Subscribers Only
Mike Strachan,IND,WR,Concussion,Questionable,Subscribers Only
Andrew Stueber,NE,OT,Hamstring,NFI-R,Subscribers Only
Nick Sundberg,FA,C,Elbow,Questionable,Subscribers Only
Chazz Surratt,FA,LB,Hamstring,Questionable,Subscribers Only
Sage Surratt,FA,TE,Undisclosed,Questionable,Subscribers Only
Cameron Sutton,PIT,CB,Neck,Questionable,Subscribers Only
Courtland Sutton,DEN,WR,Hamstring,Questionable,Subscribers Only
Montez Sweat,WAS,DE,Concussion,Questionable,Subscribers Only
Donte Sylencieux,FA,WR,Undisclosed,Questionable,Subscribers Only
Myron Tagovailoa-Amosa,FA,DE,Undisclosed,Out,Subscribers Only
Sione Takitaki,CLE,LB,Knee - ACL,IR,Subscribers Only
Ryan Tannehill,TEN,QB,Ankle,Questionable,Subscribers Only
Calvin Taylor,FA,DE,Undisclosed,Questionable,Subscribers Only
Trent Taylor,CIN,WR,Hamstring,Questionable,Subscribers Only
Vincent Taylor,ATL,DT,Achilles,IR,Subscribers Only
Isaac Taylor-Stuart,DAL,CB,Ankle,IR,Subscribers Only
Sam Tevi,FA,OT,Knee - ACL,Questionable,Subscribers Only
Ambry Thomas,SF,CB,Ankle,Questionable,Subscribers Only
Jordan Thomas,FA,TE,Undisclosed,Questionable,Subscribers Only
Michael Thomas,NO,WR,Toe,IR,Subscribers Only
Stantley Thomas-Oliver,CAR,CB,Thigh,IR,Subscribers Only
DeAndre Thompkins,FA,WR,Undisclosed,Questionable,Subscribers Only
Chris Thompson,FA,WR,Undisclosed,Questionable,Subscribers Only
Cody Thompson,SEA,WR,Shoulder,IR,Subscribers Only
Colin Thompson,FA,TE,Calf,Questionable,Subscribers Only
Levine Toilolo,FA,TE,Achilles,Questionable,Subscribers Only
Khalan Tolson,FA,LB,Undisclosed,Questionable,Subscribers Only
Kadarius Toney,KC,WR,Hamstring,Questionable,Subscribers Only
Brett Toth,PHI,OT,Knee,PUP-R,Subscribers Only
Andrew Trainer,LAC,OT,Undisclosed,IR,Subscribers Only
Adam Trautman,NO,TE,Ankle,Questionable,Subscribers Only
Joe Tryon-Shoyinka,TB,LB,Hip,Questionable,Subscribers Only
Casey Tucker,DEN,OT,Toe,IR,Subscribers Only
Jacob Tuioti-Mariner,FA,LB,Knee,Questionable,Subscribers Only
Marlon Tuipulotu,PHI,DT,Knee,IR,Subscribers Only
Laremy Tunsil,HOU,OT,Illness,Questionable,Subscribers Only
Billy Turner,DEN,OT,Knee,IR,Subscribers Only
Payton Turner,NO,DE,Ankle,Questionable,Subscribers Only
Trai Turner,WAS,OG,Ankle,Questionable,Subscribers Only
John Ursua,FA,WR,Knee - ACL,Questionable,Subscribers Only
Eyioma Uwazurike,DEN,DE,Illness,Questionable,Subscribers Only
Halapoulivaati Vaitai,DET,OG,Back,IR,Subscribers Only
Vita Vea,TB,DT,Calf,Questionable,Subscribers Only
Alijah Vera-Tucker,NYJ,OT,Triceps,IR,Subscribers Only
Olivier Vernon,FA,DE,Achilles,Questionable,Subscribers Only
Jason Verrett,SF,CB,Achilles,IR,Subscribers Only
Nick Vigil,ARI,LB,Hamstring,IR,Subscribers Only
Kindle Vildor,CHI,CB,Ankle,Questionable,Subscribers Only
Andrew Vollert,FA,TE,Ankle,Questionable,Subscribers Only
Tyler Vrabel,FA,OT,Undisclosed,Out,Subscribers Only
Barrington Wade,FA,LB,Undisclosed,Questionable,Subscribers Only
Matt Waletzko,DAL,OT,Shoulder,IR,Subscribers Only
Anthony Walker,CLE,LB,Quadriceps,IR,Subscribers Only
Michael Walker,FA,WR,Undisclosed,Questionable,Subscribers Only
Tracy Walker,DET,S,Achilles,IR,Subscribers Only
Travon Walker,JAX,LB,Ankle,Questionable,Subscribers Only
Tylan Wallace,BAL,WR,Hamstring,IR,Subscribers Only
Darren Waller,LV,TE,Hamstring,IR-R,Subscribers Only
Denzel Ward,CLE,CB,Shoulder,Questionable,Subscribers Only
Jihad Ward,NYG,DE,Concussion,Questionable,Subscribers Only
Charles Washington,ARI,S,Chest,Questionable,Subscribers Only
Dwayne Washington,NO,RB,Illness,Questionable,Subscribers Only
Keith Washington,FA,CB,Wrist,Questionable,Subscribers Only
Quez Watkins,PHI,WR,Shoulder,Questionable,Subscribers Only
Armani Watts,IND,S,Ankle,IR,Subscribers Only
Stephen Weatherly,CLE,DE,Knee,IR,Subscribers Only
Isaac Weaver,LAC,C,Undisclosed,IR,Subscribers Only
Marcus Webb,FA,DE,Undisclosed,Questionable,Subscribers Only
Mark Webb,FA,S,Knee,Questionable,Subscribers Only
Ken Webster,FA,CB,Undisclosed,Questionable,Subscribers Only
Pete Werner,NO,LB,Ankle,Questionable,Subscribers Only
Trevon Wesco,CHI,TE,Leg,Questionable,Subscribers Only
Antoine Wesley,ARI,WR,Quadriceps,IR,Subscribers Only
Isaiah Weston,CLE,WR,Knee,IR,Subscribers Only
Tershawn Wharton,KC,DT,Knee - ACL,IR,Subscribers Only
Keric Wheatfall,FA,WR,Undisclosed,Questionable,Subscribers Only
DeAndrew White,FA,WR,Undisclosed,Questionable,Subscribers Only
Drew White,WAS,LB,Knee,IR,Subscribers Only
Javin White,CHI,LB,Knee - ACL,IR,Subscribers Only
Kevin White,FA,WR,Illness,Questionable,Subscribers Only
Mike White,NYJ,QB,Ribs,Questionable,Subscribers Only
Kristian Wilkerson,NE,WR,Concussion,IR,Subscribers Only
Kenny Willekes,MIN,DE,Undisclosed,IR,Subscribers Only
Chad Williams,FA,WR,Undisclosed,Questionable,Subscribers Only
Darious Williams,JAX,CB,Abdomen,Questionable,Subscribers Only
Darrel Williams,ARI,RB,Hip,IR,Subscribers Only
Duke Williams,FA,WR,Hamstring,Questionable,Subscribers Only
Jarrid Williams,FA,OT,Undisclosed,Questionable,Subscribers Only
Javonte Williams,DEN,RB,Knee - ACL,IR,Subscribers Only
Joejuan Williams,NE,CB,Shoulder,IR,Subscribers Only
Leonard Williams,NYG,DE,Neck,Questionable,Subscribers Only
Nick Williams,NYG,DT,Biceps,IR,Subscribers Only
P.J. Williams,NO,S,Knee,Questionable,Subscribers Only
Quinnen Williams,NYJ,DT,Calf,Questionable,Subscribers Only
Trill Williams,MIA,S,Knee - ACL,IR,Subscribers Only
Tyrell Williams,FA,WR,Concussion,Questionable,Subscribers Only
Chris Williamson,FA,CB,Undisclosed,Questionable,Subscribers Only
Marcus Willoughby,FA,DE,Undisclosed,Questionable,Subscribers Only
Brandon Wilson,CIN,S,Knee,PUP-R,Subscribers Only
Jeff Wilson,MIA,RB,Hip,Questionable,Subscribers Only
Marco Wilson,ARI,CB,Undisclosed,Questionable,Subscribers Only
Russell Wilson,DEN,QB,Concussion,Questionable,Subscribers Only
Tavon Wilson,FA,S,Foot,Questionable,Subscribers Only
Antoine Winfield,TB,S,Ankle,Questionable,Subscribers Only
Andrew Wingard,JAX,S,Shoulder,Questionable,Subscribers Only
Tristan Wirfs,TB,OT,Ankle,Doubtful,Subscribers Only
Ahkello Witherspoon,PIT,CB,Hamstring,IR,Subscribers Only
Eli Wolf,WAS,TE,Undisclosed,IR,Subscribers Only
John Wolford,LAR,QB,Neck,Out,Subscribers Only
Samuel Womack,SF,CB,Concussion,Out,Subscribers Only
Al Woods,SEA,DT,Achilles,Questionable,Subscribers Only
Antwaun Woods,FA,DT,Undisclosed,Out,Subscribers Only
Robert Woods,TEN,WR,Illness,Questionable,Subscribers Only
Xavier Woods,CAR,S,Knee,Questionable,Subscribers Only
Daryl Worley,BAL,CB,Hamstring,IR,Subscribers Only
Chris Wormley,PIT,DE,Knee - ACL,IR,Subscribers Only
Nate Wozniak,FA,OT,Undisclosed,Reserve-Ret,Subscribers Only
Isaiah Wynn,NE,OT,Foot,Questionable,Subscribers Only
Rock Ya-Sin,LV,CB,Knee,Questionable,Subscribers Only
Chase Young,WAS,DE,Knee - ACL + MCL,Questionable,Subscribers Only
Tavon Young,FA,CB,Undisclosed,Questionable,Subscribers Only
Kevin Zeitler,BAL,OG,Knee,Questionable,Subscribers Only
Justin Zimmer,MIA,DT,Back,Questionable,Subscribers Only
