p_id,unique_team_id,player_team_id,team_id_impute,player,numeric_id,position,team_name,player_game_count,declined_penalties,franchise_id,grades_pass_block,hits_allowed,hurries_allowed,non_spike_pass_block,non_spike_pass_block_percentage,pass_block_percent,pbe,penalties,pressures_allowed,sacks_allowed,snap_counts_pass_block,snap_counts_pass_play,true_pass_set_grades_pass_block,true_pass_set_hits_allowed,true_pass_set_hurries_allowed,true_pass_set_non_spike_pass_block,true_pass_set_non_spike_pass_block_percentage,true_pass_set_pass_block_percent,true_pass_set_pbe,true_pass_set_pressures_allowed,true_pass_set_sacks_allowed,true_pass_set_snap_counts_pass_block,true_pass_set_snap_counts_pass_play,week,year,plyr_number
jamesferentz_ne_2022_15,ne_2022_15,jamesferentz_ne_2022,ne_2022,jamesferentz,9258,ol,ne,1,0,19,80.4,0,0,0,0,0,0,0,0,0,0,0,0,0,0,0,0,0,0,0,0,0,0,15,2022,15
yodnycajuste_ne_2022_15,ne_2022_15,yodnycajuste_ne_2022,ne_2022,yodnycajuste,46297,t,ne,1,0,19,64.0,0,0,0,0,0,0,0,0,0,0,0,0,0,0,0,0,0,0,0,0,0,0,15,2022,15
bradensmith_ind_2022_15,ind_2022_15,bradensmith_ind_2022,ind_2022,bradensmith,46794,t,ind,1,1,14,76.1,0,0,0,0,0,0,0,0,0,0,0,0,0,0,0,0,0,0,0,0,0,0,15,2022,15
treypipkins_lac_2022_15,lac_2022_15,treypipkins_lac_2022,lac_2022,treypipkins,91462,t,lac,1,0,27,38.0,0,0,0,0,0,0,0,0,0,0,0,0,0,0,0,0,0,0,0,0,0,0,15,2022,15
joshandrews_no_2022_15,no_2022_15,joshandrews_no_2022,no_2022,joshandrews,9068,ol,no,1,1,20,66.5,0,0,0,0,0,0,0,0,0,0,0,0,0,0,0,0,0,0,0,0,0,0,15,2022,15
rashaadcoward_ari_2022_15,ari_2022_15,rashaadcoward_ari_2022,ari_2022,rashaadcoward,12168,g,ari,1,0,1,60.7,0,0,0,0,0,0,0,0,0,0,0,0,0,0,0,0,0,0,0,0,0,0,15,2022,15
odayaboushi_lar_2022_15,lar_2022_15,odayaboushi_lar_2022,lar_2022,odayaboushi,7923,g,lar,1,0,26,70.8,0,0,0,0,0,0,0,0,0,0,0,0,0,0,0,0,0,0,0,0,0,0,15,2022,15
ajarcuri_lar_2022_15,lar_2022_15,ajarcuri_lar_2022,lar_2022,ajarcuri,44757,t,lar,1,0,26,29.4,0,0,0,0,0,0,0,0,0,0,0,0,0,0,0,0,0,0,0,0,0,0,15,2022,15
davidbakhtiari_gb_2022_15,gb_2022_15,davidbakhtiari_gb_2022,gb_2022,davidbakhtiari,7891,t,gb,1,0,12,80.4,0,0,0,0,0,0,0,0,0,0,0,0,0,0,0,0,0,0,0,0,0,0,15,2022,15
larryborom_chi_2022_15,chi_2022_15,larryborom_chi_2022,chi_2022,larryborom,59879,t,chi,1,0,6,54.3,0,0,0,0,0,0,0,0,0,0,0,0,0,0,0,0,0,0,0,0,0,0,15,2022,15
traiturner_was_2022_15,was_2022_15,traiturner_was_2022,was_2022,traiturner,8727,g,was,1,0,32,73.1,0,0,0,0,0,0,0,0,0,0,0,0,0,0,0,0,0,0,0,0,0,0,15,2022,15
saahdiqcharles_was_2022_15,was_2022_15,saahdiqcharles_was_2022,was_2022,saahdiqcharles,59820,g,was,1,0,32,71.2,0,0,0,0,0,0,0,0,0,0,0,0,0,0,0,0,0,0,0,0,0,0,15,2022,15
chrismyarick_nyg_2022_15,nyg_2022_15,chrismyarick_nyg_2022,nyg_2022,chrismyarick,47358,te,nyg,1,0,21,40.6,0,0,0,0,0,0,0,0,0,0,0,0,0,0,0,0,0,0,0,0,0,0,15,2022,15
traviskelce_kc_2022_15,kc_2022_15,traviskelce_kc_2022,kc_2022,traviskelce,7844,te,kc,1,0,16,72.0,0,0,0,0,0,0,0,0,0,0,0,0,0,0,0,0,0,0,0,0,0,0,15,2022,15
juwanjohnson_no_2022_15,no_2022_15,juwanjohnson_no_2022,no_2022,juwanjohnson,28305,te,no,1,0,20,72.9,0,0,0,0,0,0,0,0,0,0,0,0,0,0,0,0,0,0,0,0,0,0,15,2022,15
lawrencecager_nyg_2022_15,nyg_2022_15,lawrencecager_nyg_2022,nyg_2022,lawrencecager,34914,te,nyg,1,0,21,69.2,0,0,0,0,0,0,0,0,0,0,0,0,0,0,0,0,0,0,0,0,0,0,15,2022,15
nickboyle_bal_2022_15,bal_2022_15,nickboyle_bal_2022,bal_2022,nickboyle,9604,te,bal,1,0,3,70.8,0,0,0,0,0,0,0,0,0,0,0,0,0,0,0,0,0,0,0,0,0,0,15,2022,15
cameronbrate_tb_2022_15,tb_2022_15,cameronbrate_tb_2022,tb_2022,cameronbrate,9207,te,tb,1,0,30,66.3,0,0,0,0,0,0,0,0,0,0,0,0,0,0,0,0,0,0,0,0,0,0,15,2022,15
charliewoerner_sf_2022_15,sf_2022_15,charliewoerner_sf_2022,sf_2022,charliewoerner,42257,te,sf,1,0,28,70.2,0,0,0,0,0,0,0,0,0,0,0,0,0,0,0,0,0,0,0,0,0,0,15,2022,15
peytonhendershot_dal_2022_15,dal_2022_15,peytonhendershot_dal_2022,dal_2022,peytonhendershot,60915,te,dal,1,0,9,68.0,0,0,0,0,0,0,0,0,0,0,0,0,0,0,0,0,0,0,0,0,0,0,15,2022,15
harrisonbryant_cle_2022_15,cle_2022_15,harrisonbryant_cle_2022,cle_2022,harrisonbryant,26394,te,cle,1,0,8,69.8,0,0,0,0,0,0,0,0,0,0,0,0,0,0,0,0,0,0,0,0,0,0,15,2022,15
michaelschofieldiii_chi_2022_15,chi_2022_15,michaelschofieldiii_chi_2022,chi_2022,michaelschofieldiii,8730,g,chi,1,0,6,66.5,0,0,0,0,0,0,0,0,0,0,0,0,0,0,0,0,0,0,0,0,0,0,15,2022,15
rossdwelley_sf_2022_15,sf_2022_15,rossdwelley_sf_2022,sf_2022,rossdwelley,20994,te,sf,1,0,28,69.3,0,0,0,0,0,0,0,0,0,0,0,0,0,0,0,0,0,0,0,0,0,0,15,2022,15
mikegesicki_mia_2022_15,mia_2022_15,mikegesicki_mia_2022,mia_2022,mikegesicki,47153,te,mia,1,0,17,66.9,0,0,0,0,0,0,0,0,0,0,0,0,0,0,0,0,0,0,0,0,0,0,15,2022,15
dannypinter_ind_2022_15,ind_2022_15,dannypinter_ind_2022,ind_2022,dannypinter,47339,g,ind,1,0,14,71.8,0,0,0,0,0,0,0,0,0,0,0,0,0,0,0,0,0,0,0,0,0,0,15,2022,15
koreycunningham_nyg_2022_15,nyg_2022_15,koreycunningham_nyg_2022,nyg_2022,koreycunningham,38555,t,nyg,1,0,21,67.1,0,0,0,0,0,0,0,0,0,0,0,0,0,0,0,0,0,0,0,0,0,0,15,2022,15
danfeeney_nyj_2022_15,nyj_2022_15,danfeeney_nyj_2022,nyj_2022,danfeeney,11826,g,nyj,1,0,22,62.1,0,0,0,0,0,0,0,0,0,0,0,0,0,0,0,0,0,0,0,0,0,0,15,2022,15
kevinzeitler_bal_2022_15,bal_2022_15,kevinzeitler_bal_2022,bal_2022,kevinzeitler,7032,g,bal,1,1,3,60.2,0,0,0,0,0,0,0,0,0,0,0,0,0,0,0,0,0,0,0,0,0,0,15,2022,15
charleslenojr_was_2022_15,was_2022_15,charleslenojr_was_2022,was_2022,charleslenojr,8880,t,was,1,0,32,87.5,0,0,0,0,0,0,0,0,0,0,0,0,0,0,0,0,0,0,0,0,0,0,15,2022,15
corneliuslucas_was_2022_15,was_2022_15,corneliuslucas_was_2022,was_2022,corneliuslucas,9025,t,was,1,0,32,73.5,0,0,0,0,0,0,0,0,0,0,0,0,0,0,0,0,0,0,0,0,0,0,15,2022,15
andrewnorwell_was_2022_15,was_2022_15,andrewnorwell_was_2022,was_2022,andrewnorwell,9126,g,was,1,0,32,73.4,0,0,0,0,0,0,0,0,0,0,0,0,0,0,0,0,0,0,0,0,0,0,15,2022,15
kayodeawosika_det_2022_15,det_2022_15,kayodeawosika_det_2022,det_2022,kayodeawosika,44909,g,det,1,0,11,38.1,0,0,0,0,0,0,0,0,0,0,0,0,0,0,0,0,0,0,0,0,0,0,15,2022,15
bernhardraimann_ind_2022_15,ind_2022_15,bernhardraimann_ind_2022,ind_2022,bernhardraimann,77948,t,ind,1,0,14,78.8,0,0,0,0,0,0,0,0,0,0,0,0,0,0,0,0,0,0,0,0,0,0,15,2022,15
willfries_ind_2022_15,ind_2022_15,willfries_ind_2022,ind_2022,willfries,41530,g,ind,1,0,14,30.5,0,0,0,0,0,0,0,0,0,0,0,0,0,0,0,0,0,0,0,0,0,0,15,2022,15
quentonnelson_ind_2022_15,ind_2022_15,quentonnelson_ind_2022,ind_2022,quentonnelson,12954,g,ind,1,0,14,64.0,0,0,0,0,0,0,0,0,0,0,0,0,0,0,0,0,0,0,0,0,0,0,15,2022,15
ryankelly_ind_2022_15,ind_2022_15,ryankelly_ind_2022,ind_2022,ryankelly,10652,ol,ind,1,0,14,45.0,0,0,0,0,0,0,0,0,0,0,0,0,0,0,0,0,0,0,0,0,0,0,15,2022,15
garrettbradbury_min_2022_15,min_2022_15,garrettbradbury_min_2022,min_2022,garrettbradbury,46013,ol,min,1,0,18,58.0,0,0,0,0,0,0,0,0,0,0,0,0,0,0,0,0,0,0,0,0,0,0,15,2022,15
davidquessenberry_buf_2022_15,buf_2022_15,davidquessenberry_buf_2022,buf_2022,davidquessenberry,7957,t,buf,1,0,4,66.0,0,0,0,0,0,0,0,0,0,0,0,0,0,0,0,0,0,0,0,0,0,0,15,2022,15
greglittle_mia_2022_15,mia_2022_15,greglittle_mia_2022,mia_2022,greglittle,46254,t,mia,1,0,17,81.7,0,0,0,0,0,0,0,0,0,0,0,0,0,0,0,0,0,0,0,0,0,0,15,2022,15
jonrunyan_gb_2022_15,gb_2022_15,jonrunyan_gb_2022,gb_2022,jonrunyan,36661,g,gb,1,0,12,82.4,0,0,0,0,0,0,0,0,0,0,0,0,0,0,0,0,0,0,0,0,0,0,15,2022,15
elgtonjenkins_gb_2022_15,gb_2022_15,elgtonjenkins_gb_2022,gb_2022,elgtonjenkins,46298,g,gb,1,0,12,87.5,0,0,0,0,0,0,0,0,0,0,0,0,0,0,0,0,0,0,0,0,0,0,15,2022,15
joshmyers_gb_2022_15,gb_2022_15,joshmyers_gb_2022,gb_2022,joshmyers,59992,ol,gb,1,0,12,78.2,0,0,0,0,0,0,0,0,0,0,0,0,0,0,0,0,0,0,0,0,0,0,15,2022,15
yoshnijman_gb_2022_15,gb_2022_15,yoshnijman_gb_2022,gb_2022,yoshnijman,60822,t,gb,1,0,12,79.9,0,0,0,0,0,0,0,0,0,0,0,0,0,0,0,0,0,0,0,0,0,0,15,2022,15
zachtom_gb_2022_15,gb_2022_15,zachtom_gb_2022,gb_2022,zachtom,55443,t,gb,1,0,12,77.4,0,0,0,0,0,0,0,0,0,0,0,0,0,0,0,0,0,0,0,0,0,0,15,2022,15
andruspeat_no_2022_15,no_2022_15,andruspeat_no_2022,no_2022,andruspeat,9446,g,no,1,0,20,78.4,0,0,0,0,0,0,0,0,0,0,0,0,0,0,0,0,0,0,0,0,0,0,15,2022,15
calvinthrockmorton_no_2022_15,no_2022_15,calvinthrockmorton_no_2022,no_2022,calvinthrockmorton,28238,g,no,1,0,20,61.0,0,0,0,0,0,0,0,0,0,0,0,0,0,0,0,0,0,0,0,0,0,0,15,2022,15
jameshurst_no_2022_15,no_2022_15,jameshurst_no_2022,no_2022,jameshurst,9001,t,no,1,0,20,61.7,0,0,0,0,0,0,0,0,0,0,0,0,0,0,0,0,0,0,0,0,0,0,15,2022,15
cesarruiz_no_2022_15,no_2022_15,cesarruiz_no_2022,no_2022,cesarruiz,59857,g,no,1,0,20,84.8,0,0,0,0,0,0,0,0,0,0,0,0,0,0,0,0,0,0,0,0,0,0,15,2022,15
ryanramczyk_no_2022_15,no_2022_15,ryanramczyk_no_2022,no_2022,ryanramczyk,11787,t,no,1,0,20,84.1,0,0,0,0,0,0,0,0,0,0,0,0,0,0,0,0,0,0,0,0,0,0,15,2022,15
nickallegretti_kc_2022_15,kc_2022_15,nickallegretti_kc_2022,kc_2022,nickallegretti,39268,g,kc,1,1,16,43.2,0,0,0,0,0,0,0,0,0,0,0,0,0,0,0,0,0,0,0,0,0,0,15,2022,15
sammustipher_chi_2022_15,chi_2022_15,sammustipher_chi_2022,chi_2022,sammustipher,13026,ol,chi,1,1,6,37.5,0,0,0,0,0,0,0,0,0,0,0,0,0,0,0,0,0,0,0,0,0,0,15,2022,15
wesschweitzer_was_2022_15,was_2022_15,wesschweitzer_was_2022,was_2022,wesschweitzer,10829,ol,was,1,0,32,81.7,0,0,0,0,0,0,0,0,0,0,0,0,0,0,0,0,0,0,0,0,0,0,15,2022,15
tevenjenkins_chi_2022_15,chi_2022_15,tevenjenkins_chi_2022,chi_2022,tevenjenkins,41534,g,chi,1,0,6,69.3,0,0,0,0,0,0,0,0,0,0,0,0,0,0,0,0,0,0,0,0,0,0,15,2022,15
braxtonjones_chi_2022_15,chi_2022_15,braxtonjones_chi_2022,chi_2022,braxtonjones,60092,t,chi,1,0,6,79.3,0,0,0,0,0,0,0,0,0,0,0,0,0,0,0,0,0,0,0,0,0,0,15,2022,15
codywhitehair_chi_2022_15,chi_2022_15,codywhitehair_chi_2022,chi_2022,codywhitehair,10690,g,chi,1,0,6,86.8,0,0,0,0,0,0,0,0,0,0,0,0,0,0,0,0,0,0,0,0,0,0,15,2022,15
patrickmekari_bal_2022_15,bal_2022_15,patrickmekari_bal_2022,bal_2022,patrickmekari,46219,t,bal,1,0,3,84.5,0,0,0,0,0,0,0,0,0,0,0,0,0,0,0,0,0,0,0,0,0,0,15,2022,15
daltonrisner_den_2022_15,den_2022_15,daltonrisner_den_2022,den_2022,daltonrisner,47008,g,den,1,0,10,74.6,0,0,0,0,0,0,0,0,0,0,0,0,0,0,0,0,0,0,0,0,0,0,15,2022,15
chrislindstrom_atl_2022_15,atl_2022_15,chrislindstrom_atl_2022,atl_2022,chrislindstrom,46692,g,atl,1,0,2,85.0,0,0,0,0,0,0,0,0,0,0,0,0,0,0,0,0,0,0,0,0,0,0,15,2022,15
jakematthews_atl_2022_15,atl_2022_15,jakematthews_atl_2022,atl_2022,jakematthews,8641,t,atl,1,0,2,74.5,0,0,0,0,0,0,0,0,0,0,0,0,0,0,0,0,0,0,0,0,0,0,15,2022,15
drewdalman_atl_2022_15,atl_2022_15,drewdalman_atl_2022,atl_2022,drewdalman,52270,ol,atl,1,0,2,45.0,0,0,0,0,0,0,0,0,0,0,0,0,0,0,0,0,0,0,0,0,0,0,15,2022,15
colbygossett_atl_2022_15,atl_2022_15,colbygossett_atl_2022,atl_2022,colbygossett,46673,g,atl,1,0,2,62.8,0,0,0,0,0,0,0,0,0,0,0,0,0,0,0,0,0,0,0,0,0,0,15,2022,15
kalebmcgary_atl_2022_15,atl_2022_15,kalebmcgary_atl_2022,atl_2022,kalebmcgary,46912,t,atl,1,0,2,68.4,0,0,0,0,0,0,0,0,0,0,0,0,0,0,0,0,0,0,0,0,0,0,15,2022,15
denniskelly_ind_2022_15,ind_2022_15,denniskelly_ind_2022,ind_2022,denniskelly,7146,t,ind,1,0,14,40.8,0,0,0,0,0,0,0,0,0,0,0,0,0,0,0,0,0,0,0,0,0,0,15,2022,15
rileyreiff_chi_2022_15,chi_2022_15,rileyreiff_chi_2022,chi_2022,rileyreiff,7029,t,chi,1,0,6,78.0,0,0,0,0,0,0,0,0,0,0,0,0,0,0,0,0,0,0,0,0,0,0,15,2022,15
justinmccray_hou_2022_15,hou_2022_15,justinmccray_hou_2022,hou_2022,justinmccray,9234,g,hou,1,0,13,14.4,0,0,0,0,0,0,0,0,0,0,0,0,0,0,0,0,0,0,0,0,0,0,15,2022,15
danielfaalele_bal_2022_15,bal_2022_15,danielfaalele_bal_2022,bal_2022,danielfaalele,81734,t,bal,1,0,3,33.3,0,0,0,0,0,0,0,0,0,0,0,0,0,0,0,0,0,0,0,0,0,0,15,2022,15
samuelcosmi_was_2022_15,was_2022_15,samuelcosmi_was_2022,was_2022,samuelcosmi,60114,t,was,1,0,32,77.6,0,0,0,0,0,0,0,0,0,0,0,0,0,0,0,0,0,0,0,0,0,0,15,2022,15
mattpryor_ind_2022_15,ind_2022_15,mattpryor_ind_2022,ind_2022,mattpryor,46647,t,ind,1,0,14,58.4,0,0,0,0,0,0,0,0,0,0,0,0,0,0,0,0,0,0,0,0,0,0,15,2022,15
johnbates_was_2022_15,was_2022_15,johnbates_was_2022,was_2022,johnbates,42275,te,was,1,0,32,54.4,0,0,0,0,0,0,0,0,0,0,0,0,0,0,0,0,0,0,0,0,0,0,15,2022,15
nickmartin_was_2022_15,was_2022_15,nickmartin_was_2022,was_2022,nickmartin,10684,ol,was,1,0,32,46.6,0,0,0,0,0,0,0,0,0,0,0,0,0,0,0,0,0,0,0,0,0,0,15,2022,15
brendenjaimes_lac_2022_15,lac_2022_15,brendenjaimes_lac_2022,lac_2022,brendenjaimes,59909,g,lac,1,0,27,3.2,0,0,0,0,0,0,0,0,0,0,0,0,0,0,0,0,0,0,0,0,0,0,15,2022,15
andredillard_phi_2022_15,phi_2022_15,andredillard_phi_2022,phi_2022,andredillard,29250,g,phi,1,0,24,81.7,0,0,0,0,0,0,0,0,0,0,0,0,0,0,0,0,0,0,0,0,0,0,15,2022,15
mycolepruitt_atl_2022_15,atl_2022_15,mycolepruitt_atl_2022,atl_2022,mycolepruitt,9576,te,atl,1,0,2,69.3,0,0,0,0,0,0,0,0,0,0,0,0,0,0,0,0,0,0,0,0,0,0,15,2022,15
alexleatherwood_chi_2022_15,chi_2022_15,alexleatherwood_chi_2022,chi_2022,alexleatherwood,58468,t,chi,1,0,6,78.6,0,0,0,0,0,0,0,0,0,0,0,0,0,0,0,0,0,0,0,0,0,0,15,2022,15
teaganquitoriano_hou_2022_15,hou_2022_15,teaganquitoriano_hou_2022,hou_2022,teaganquitoriano,84036,te,hou,1,0,13,75.7,0,0,0,0,0,0,0,0,0,0,0,0,0,0,0,0,0,0,0,0,0,0,15,2022,15
coleturner_was_2022_15,was_2022_15,coleturner_was_2022,was_2022,coleturner,84330,te,was,1,0,32,63.1,0,0,0,0,0,0,0,0,0,0,0,0,0,0,0,0,0,0,0,0,0,0,15,2022,15
danielbellinger_nyg_2022_15,nyg_2022_15,danielbellinger_nyg_2022,nyg_2022,danielbellinger,84041,te,nyg,1,0,21,24.2,0,0,0,0,0,0,0,0,0,0,0,0,0,0,0,0,0,0,0,0,0,0,15,2022,15
adamtrautman_no_2022_15,no_2022_15,adamtrautman_no_2022,no_2022,adamtrautman,109795,te,no,1,0,20,50.1,0,0,0,0,0,0,0,0,0,0,0,0,0,0,0,0,0,0,0,0,0,0,15,2022,15
coreylevin_ten_2022_15,ten_2022_15,coreylevin_ten_2022,ten_2022,coreylevin,11972,ol,ten,1,0,31,74.3,0,0,0,0,0,0,0,0,0,0,0,0,0,0,0,0,0,0,0,0,0,0,15,2022,15
parkerhesse_atl_2022_15,atl_2022_15,parkerhesse_atl_2022,atl_2022,parkerhesse,48369,te,atl,1,0,2,74.5,0,0,0,0,0,0,0,0,0,0,0,0,0,0,0,0,0,0,0,0,0,0,15,2022,15
dillonradunz_ten_2022_15,ten_2022_15,dillonradunz_ten_2022,ten_2022,dillonradunz,30551,g,ten,1,0,31,77.1,0,0,0,0,0,0,0,0,0,0,0,0,0,0,0,0,0,0,0,0,0,0,15,2022,15
walkerlittle_jax_2022_15,jax_2022_15,walkerlittle_jax_2022,jax_2022,walkerlittle,52287,t,jax,1,0,15,28.2,0,0,0,0,0,0,0,0,0,0,0,0,0,0,0,0,0,0,0,0,0,0,15,2022,15
lucaskrull_no_2022_15,no_2022_15,lucaskrull_no_2022,no_2022,lucaskrull,83962,te,no,1,0,20,17.7,0,0,0,0,0,0,0,0,0,0,0,0,0,0,0,0,0,0,0,0,0,0,15,2022,15
marcedeslewis_gb_2022_15,gb_2022_15,marcedeslewis_gb_2022,gb_2022,marcedeslewis,2973,te,gb,1,0,12,72.4,0,0,0,0,0,0,0,0,0,0,0,0,0,0,0,0,0,0,0,0,0,0,15,2022,15
dawsonknox_buf_2022_15,buf_2022_15,dawsonknox_buf_2022,buf_2022,dawsonknox,35883,te,buf,1,0,4,74.6,0,0,0,0,0,0,0,0,0,0,0,0,0,0,0,0,0,0,0,0,0,0,15,2022,15
colevanlanen_jax_2022_15,jax_2022_15,colevanlanen_jax_2022,jax_2022,colevanlanen,41583,g,jax,1,0,15,0.0,0,0,0,0,0,0,0,0,0,0,0,0,0,0,0,0,0,0,0,0,0,0,15,2022,15
chrishubbard_cle_2022_15,cle_2022_15,chrishubbard_cle_2022,cle_2022,chrishubbard,8051,t,cle,1,0,8,72.9,0,0,0,0,0,0,0,0,0,0,0,0,0,0,0,0,0,0,0,0,0,0,15,2022,15
brevinjordan_hou_2022_15,hou_2022_15,brevinjordan_hou_2022,hou_2022,brevinjordan,77887,te,hou,1,0,13,74.0,0,0,0,0,0,0,0,0,0,0,0,0,0,0,0,0,0,0,0,0,0,0,15,2022,15
loganthomas_was_2022_15,was_2022_15,loganthomas_was_2022,was_2022,loganthomas,8755,te,was,1,0,32,55.1,0,0,0,0,0,0,0,0,0,0,0,0,0,0,0,0,0,0,0,0,0,0,15,2022,15
blakehance_jax_2022_15,jax_2022_15,blakehance_jax_2022,jax_2022,blakehance,46301,g,jax,1,0,15,76.8,0,0,0,0,0,0,0,0,0,0,0,0,0,0,0,0,0,0,0,0,0,0,15,2022,15
moaliecox_ind_2022_15,ind_2022_15,moaliecox_ind_2022,ind_2022,moaliecox,12078,te,ind,1,0,14,71.5,0,0,0,0,0,0,0,0,0,0,0,0,0,0,0,0,0,0,0,0,0,0,15,2022,15
pharaohbrown_cle_2022_15,cle_2022_15,pharaohbrown_cle_2022,cle_2022,pharaohbrown,12247,te,cle,1,0,8,70.6,0,0,0,0,0,0,0,0,0,0,0,0,0,0,0,0,0,0,0,0,0,0,15,2022,15
trentscott_pit_2022_15,pit_2022_15,trentscott_pit_2022,pit_2022,trentscott,24481,t,pit,1,0,25,72.6,0,0,0,0,0,0,0,0,0,0,0,0,0,0,0,0,0,0,0,0,0,0,15,2022,15
kylengranson_ind_2022_15,ind_2022_15,kylengranson_ind_2022,ind_2022,kylengranson,40630,te,ind,1,0,14,80.5,0,0,0,0,0,0,0,0,0,0,0,0,0,0,0,0,0,0,0,0,0,0,15,2022,15
tylerdavis_gb_2022_15,gb_2022_15,tylerdavis_gb_2022,gb_2022,tylerdavis,47743,te,gb,1,0,12,70.2,0,0,0,0,0,0,0,0,0,0,0,0,0,0,0,0,0,0,0,0,0,0,15,2022,15
trevorpenning_no_2022_15,no_2022_15,trevorpenning_no_2022,no_2022,trevorpenning,59963,t,no,1,0,20,71.3,0,0,0,0,0,0,0,0,0,0,0,0,0,0,0,0,0,0,0,0,0,0,15,2022,15
colekmet_chi_2022_15,chi_2022_15,colekmet_chi_2022,chi_2022,colekmet,60995,te,chi,1,0,6,69.9,0,0,0,0,0,0,0,0,0,0,0,0,0,0,0,0,0,0,0,0,0,0,15,2022,15
camjurgens_phi_2022_15,phi_2022_15,camjurgens_phi_2022,phi_2022,camjurgens,84014,ol,phi,1,0,24,74.3,0,0,0,0,0,0,0,0,0,0,0,0,0,0,0,0,0,0,0,0,0,0,15,2022,15
brycenhopkins_lar_2022_15,lar_2022_15,brycenhopkins_lar_2022,lar_2022,brycenhopkins,47338,te,lar,1,0,26,69.6,0,0,0,0,0,0,0,0,0,0,0,0,0,0,0,0,0,0,0,0,0,0,15,2022,15
tommysweeney_buf_2022_15,buf_2022_15,tommysweeney_buf_2022,buf_2022,tommysweeney,47216,te,buf,1,0,4,12.5,0,0,0,0,0,0,0,0,0,0,0,0,0,0,0,0,0,0,0,0,0,0,15,2022,15
ryangriffin_chi_2022_15,chi_2022_15,ryangriffin_chi_2022,chi_2022,ryangriffin,7982,te,chi,1,0,6,70.2,0,0,0,0,0,0,0,0,0,0,0,0,0,0,0,0,0,0,0,0,0,0,15,2022,15
charlieheck_hou_2022_15,hou_2022_15,charlieheck_hou_2022,hou_2022,charlieheck,36501,t,hou,1,0,13,68.1,0,0,0,0,0,0,0,0,0,0,0,0,0,0,0,0,0,0,0,0,0,0,15,2022,15
roberttonyan_gb_2022_15,gb_2022_15,roberttonyan_gb_2022,gb_2022,roberttonyan,12193,te,gb,1,0,12,69.3,0,0,0,0,0,0,0,0,0,0,0,0,0,0,0,0,0,0,0,0,0,0,15,2022,15
taysomhill_no_2022_15,no_2022_15,taysomhill_no_2022,no_2022,taysomhill,12112,te,no,1,0,20,62.4,0,0,0,0,0,0,0,0,0,0,0,0,0,0,0,0,0,0,0,0,0,0,15,2022,15
chigoziemokonkwo_ten_2022_15,ten_2022_15,chigoziemokonkwo_ten_2022,ten_2022,chigoziemokonkwo,84000,te,ten,1,0,31,24.0,0,0,0,0,0,0,0,0,0,0,0,0,0,0,0,0,0,0,0,0,0,0,15,2022,15
tylerkroft_sf_2022_15,sf_2022_15,tylerkroft_sf_2022,sf_2022,tylerkroft,9518,te,sf,1,0,28,69.7,0,0,0,0,0,0,0,0,0,0,0,0,0,0,0,0,0,0,0,0,0,0,15,2022,15
coreylinsley_lac_2022_15,lac_2022_15,coreylinsley_lac_2022,lac_2022,coreylinsley,8796,ol,lac,1,0,27,78.5,0,0,0,0,0,0,0,0,0,0,0,0,0,0,0,0,0,0,0,0,0,0,15,2022,15
zionjohnson_lac_2022_15,lac_2022_15,zionjohnson_lac_2022,lac_2022,zionjohnson,99681,g,lac,1,1,27,59.9,0,0,0,0,0,0,0,0,0,0,0,0,0,0,0,0,0,0,0,0,0,0,15,2022,15
donovansmith_tb_2022_15,tb_2022_15,donovansmith_tb_2022,tb_2022,donovansmith,9467,t,tb,1,0,30,76.2,0,0,0,0,0,0,0,0,0,0,0,0,0,0,0,0,0,0,0,0,0,0,15,2022,15
billyprice_ari_2022_15,ari_2022_15,billyprice_ari_2022,ari_2022,billyprice,46795,ol,ari,1,0,1,53.9,0,0,0,0,0,0,0,0,0,0,0,0,0,0,0,0,0,0,0,0,0,0,15,2022,15
nickleverett_tb_2022_15,tb_2022_15,nickleverett_tb_2022,tb_2022,nickleverett,27699,g,tb,1,0,30,62.7,0,0,0,0,0,0,0,0,0,0,0,0,0,0,0,0,0,0,0,0,0,0,15,2022,15
joshjones_ari_2022_15,ari_2022_15,joshjones_ari_2022,ari_2022,joshjones,26634,t,ari,1,1,1,65.8,0,0,0,0,0,0,0,0,0,0,0,0,0,0,0,0,0,0,0,0,0,0,15,2022,15
codyford_ari_2022_15,ari_2022_15,codyford_ari_2022,ari_2022,codyford,39805,g,ari,1,0,1,58.0,0,0,0,0,0,0,0,0,0,0,0,0,0,0,0,0,0,0,0,0,0,0,15,2022,15
maxgarcia_ari_2022_15,ari_2022_15,maxgarcia_ari_2022,ari_2022,maxgarcia,9566,g,ari,1,0,1,54.8,0,0,0,0,0,0,0,0,0,0,0,0,0,0,0,0,0,0,0,0,0,0,15,2022,15
fostersarell_lac_2022_15,lac_2022_15,fostersarell_lac_2022,lac_2022,fostersarell,52272,t,lac,1,0,27,44.4,0,0,0,0,0,0,0,0,0,0,0,0,0,0,0,0,0,0,0,0,0,0,15,2022,15
shaqmason_tb_2022_15,tb_2022_15,shaqmason_tb_2022,tb_2022,shaqmason,9564,g,tb,1,0,30,69.6,0,0,0,0,0,0,0,0,0,0,0,0,0,0,0,0,0,0,0,0,0,0,15,2022,15
joshwells_tb_2022_15,tb_2022_15,joshwells_tb_2022,tb_2022,joshwells,8968,t,tb,1,0,30,72.6,0,0,0,0,0,0,0,0,0,0,0,0,0,0,0,0,0,0,0,0,0,0,15,2022,15
mattfeiler_lac_2022_15,lac_2022_15,mattfeiler_lac_2022,lac_2022,mattfeiler,9289,g,lac,1,0,27,69.5,0,0,0,0,0,0,0,0,0,0,0,0,0,0,0,0,0,0,0,0,0,0,15,2022,15
jamareesalyer_lac_2022_15,lac_2022_15,jamareesalyer_lac_2022,lac_2022,jamareesalyer,81656,t,lac,1,0,27,76.1,0,0,0,0,0,0,0,0,0,0,0,0,0,0,0,0,0,0,0,0,0,0,15,2022,15
kelvinbeachum_ari_2022_15,ari_2022_15,kelvinbeachum_ari_2022,ari_2022,kelvinbeachum,7229,t,ari,1,0,1,70.8,0,0,0,0,0,0,0,0,0,0,0,0,0,0,0,0,0,0,0,0,0,0,15,2022,15
roberthainsey_tb_2022_15,tb_2022_15,roberthainsey_tb_2022,tb_2022,roberthainsey,59980,ol,tb,1,0,30,82.9,0,0,0,0,0,0,0,0,0,0,0,0,0,0,0,0,0,0,0,0,0,0,15,2022,15
calvinanderson_den_2022_15,den_2022_15,calvinanderson_den_2022,den_2022,calvinanderson,46247,t,den,1,0,10,63.1,0,0,0,0,0,0,0,0,0,0,0,0,0,0,0,0,0,0,0,0,0,0,15,2022,15
cameronfleming_den_2022_15,den_2022_15,cameronfleming_den_2022,den_2022,cameronfleming,8775,t,den,1,0,10,80.7,0,0,0,0,0,0,0,0,0,0,0,0,0,0,0,0,0,0,0,0,0,0,15,2022,15
grahamglasgow_den_2022_15,den_2022_15,grahamglasgow_den_2022,den_2022,grahamglasgow,10729,g,den,1,0,10,68.1,0,0,0,0,0,0,0,0,0,0,0,0,0,0,0,0,0,0,0,0,0,0,15,2022,15
quinnmeinerz_den_2022_15,den_2022_15,quinnmeinerz_den_2022,den_2022,quinnmeinerz,112915,g,den,1,0,10,81.1,0,0,0,0,0,0,0,0,0,0,0,0,0,0,0,0,0,0,0,0,0,0,15,2022,15
nateherbig_nyj_2022_15,nyj_2022_15,nateherbig_nyj_2022,nyj_2022,nateherbig,28844,g,nyj,1,0,22,66.8,0,0,0,0,0,0,0,0,0,0,0,0,0,0,0,0,0,0,0,0,0,0,15,2022,15
jedrickwillsjr_cle_2022_15,cle_2022_15,jedrickwillsjr_cle_2022,cle_2022,jedrickwillsjr,58467,t,cle,1,0,8,84.4,0,0,0,0,0,0,0,0,0,0,0,0,0,0,0,0,0,0,0,0,0,0,15,2022,15
hjaltefroholdt_cle_2022_15,cle_2022_15,hjaltefroholdt_cle_2022,cle_2022,hjaltefroholdt,44959,g,cle,1,1,8,63.6,0,0,0,0,0,0,0,0,0,0,0,0,0,0,0,0,0,0,0,0,0,0,15,2022,15
duanebrown_nyj_2022_15,nyj_2022_15,duanebrown_nyj_2022,nyj_2022,duanebrown,4340,t,nyj,1,0,22,84.0,0,0,0,0,0,0,0,0,0,0,0,0,0,0,0,0,0,0,0,0,0,0,15,2022,15
lakentomlinson_nyj_2022_15,nyj_2022_15,lakentomlinson_nyj_2022,nyj_2022,lakentomlinson,9461,g,nyj,1,0,22,81.6,0,0,0,0,0,0,0,0,0,0,0,0,0,0,0,0,0,0,0,0,0,0,15,2022,15
joelbitonio_cle_2022_15,cle_2022_15,joelbitonio_cle_2022,cle_2022,joelbitonio,8670,g,cle,1,0,8,81.5,0,0,0,0,0,0,0,0,0,0,0,0,0,0,0,0,0,0,0,0,0,0,15,2022,15
jackconklin_cle_2022_15,cle_2022_15,jackconklin_cle_2022,cle_2022,jackconklin,10642,t,cle,1,0,8,84.1,0,0,0,0,0,0,0,0,0,0,0,0,0,0,0,0,0,0,0,0,0,0,15,2022,15
wyattteller_cle_2022_15,cle_2022_15,wyattteller_cle_2022,cle_2022,wyattteller,46131,g,cle,1,0,8,52.7,0,0,0,0,0,0,0,0,0,0,0,0,0,0,0,0,0,0,0,0,0,0,15,2022,15
aaronbrewer_ten_2022_15,ten_2022_15,aaronbrewer_ten_2022,ten_2022,aaronbrewer,46014,g,ten,1,0,31,38.3,0,0,0,0,0,0,0,0,0,0,0,0,0,0,0,0,0,0,0,0,0,0,15,2022,15
nicholaspetitfrere_ten_2022_15,ten_2022_15,nicholaspetitfrere_ten_2022,ten_2022,nicholaspetitfrere,82003,t,ten,1,0,31,59.3,0,0,0,0,0,0,0,0,0,0,0,0,0,0,0,0,0,0,0,0,0,0,15,2022,15
natedavis_ten_2022_15,ten_2022_15,natedavis_ten_2022,ten_2022,natedavis,46808,g,ten,1,0,31,51.6,0,0,0,0,0,0,0,0,0,0,0,0,0,0,0,0,0,0,0,0,0,0,15,2022,15
dennisdaley_ten_2022_15,ten_2022_15,dennisdaley_ten_2022,ten_2022,dennisdaley,60063,t,ten,1,0,31,40.7,0,0,0,0,0,0,0,0,0,0,0,0,0,0,0,0,0,0,0,0,0,0,15,2022,15
benjones_ten_2022_15,ten_2022_15,benjones_ten_2022,ten_2022,benjones,7099,ol,ten,1,0,31,80.9,0,0,0,0,0,0,0,0,0,0,0,0,0,0,0,0,0,0,0,0,0,0,15,2022,15
edingram_min_2022_15,min_2022_15,edingram_min_2022,min_2022,edingram,59819,g,min,1,0,18,25.6,0,0,0,0,0,0,0,0,0,0,0,0,0,0,0,0,0,0,0,0,0,0,15,2022,15
ezracleveland_min_2022_15,min_2022_15,ezracleveland_min_2022,min_2022,ezracleveland,41973,g,min,1,0,18,68.8,0,0,0,0,0,0,0,0,0,0,0,0,0,0,0,0,0,0,0,0,0,0,15,2022,15
brianoneill_min_2022_15,min_2022_15,brianoneill_min_2022,min_2022,brianoneill,46854,t,min,1,0,18,68.4,0,0,0,0,0,0,0,0,0,0,0,0,0,0,0,0,0,0,0,0,0,0,15,2022,15
austinschlottmann_min_2022_15,min_2022_15,austinschlottmann_min_2022,min_2022,austinschlottmann,30097,ol,min,1,0,18,50.6,0,0,0,0,0,0,0,0,0,0,0,0,0,0,0,0,0,0,0,0,0,0,15,2022,15
georgefant_nyj_2022_15,nyj_2022_15,georgefant_nyj_2022,nyj_2022,georgefant,11282,t,nyj,1,0,22,56.1,0,0,0,0,0,0,0,0,0,0,0,0,0,0,0,0,0,0,0,0,0,0,15,2022,15
jawaantaylor_jax_2022_15,jax_2022_15,jawaantaylor_jax_2022,jax_2022,jawaantaylor,41665,t,jax,1,0,15,75.6,0,0,0,0,0,0,0,0,0,0,0,0,0,0,0,0,0,0,0,0,0,0,15,2022,15
camrobinson_jax_2022_15,jax_2022_15,camrobinson_jax_2022,jax_2022,camrobinson,11789,t,jax,1,0,15,84.9,0,0,0,0,0,0,0,0,0,0,0,0,0,0,0,0,0,0,0,0,0,0,15,2022,15
lukefortner_jax_2022_15,jax_2022_15,lukefortner_jax_2022,jax_2022,lukefortner,42028,ol,jax,1,0,15,63.6,0,0,0,0,0,0,0,0,0,0,0,0,0,0,0,0,0,0,0,0,0,0,15,2022,15
brandonscherff_jax_2022_15,jax_2022_15,brandonscherff_jax_2022,jax_2022,brandonscherff,9438,g,jax,1,0,15,61.9,0,0,0,0,0,0,0,0,0,0,0,0,0,0,0,0,0,0,0,0,0,0,15,2022,15
tylershatley_jax_2022_15,jax_2022_15,tylershatley_jax_2022,jax_2022,tylershatley,9257,g,jax,1,0,15,76.1,0,0,0,0,0,0,0,0,0,0,0,0,0,0,0,0,0,0,0,0,0,0,15,2022,15
nickgates_nyg_2022_15,nyg_2022_15,nickgates_nyg_2022,nyg_2022,nickgates,29476,ol,nyg,1,0,21,66.2,0,0,0,0,0,0,0,0,0,0,0,0,0,0,0,0,0,0,0,0,0,0,15,2022,15
jonfeliciano_nyg_2022_15,nyg_2022_15,jonfeliciano_nyg_2022,nyg_2022,jonfeliciano,9561,ol,nyg,1,0,21,51.9,0,0,0,0,0,0,0,0,0,0,0,0,0,0,0,0,0,0,0,0,0,0,15,2022,15
tedkarras_cin_2022_15,cin_2022_15,tedkarras_cin_2022,cin_2022,tedkarras,10855,ol,cin,1,0,7,67.8,0,0,0,0,0,0,0,0,0,0,0,0,0,0,0,0,0,0,0,0,0,0,15,2022,15
brianallen_lar_2022_15,lar_2022_15,brianallen_lar_2022,lar_2022,brianallen,46104,ol,lar,1,0,26,85.6,0,0,0,0,0,0,0,0,0,0,0,0,0,0,0,0,0,0,0,0,0,0,15,2022,15
treysmith_kc_2022_15,kc_2022_15,treysmith_kc_2022,kc_2022,treysmith,62960,g,kc,1,0,16,66.6,0,0,0,0,0,0,0,0,0,0,0,0,0,0,0,0,0,0,0,0,0,0,15,2022,15
cordellvolson_cin_2022_15,cin_2022_15,cordellvolson_cin_2022,cin_2022,cordellvolson,30614,g,cin,1,0,7,45.0,0,0,0,0,0,0,0,0,0,0,0,0,0,0,0,0,0,0,0,0,0,0,15,2022,15
alexcappa_cin_2022_15,cin_2022_15,alexcappa_cin_2022,cin_2022,alexcappa,66578,g,cin,1,0,7,17.9,0,0,0,0,0,0,0,0,0,0,0,0,0,0,0,0,0,0,0,0,0,0,15,2022,15
jonahwilliams_cin_2022_15,cin_2022_15,jonahwilliams_cin_2022,cin_2022,jonahwilliams,41651,t,cin,1,0,7,28.3,0,0,0,0,0,0,0,0,0,0,0,0,0,0,0,0,0,0,0,0,0,0,15,2022,15
joethuney_kc_2022_15,kc_2022_15,joethuney_kc_2022,kc_2022,joethuney,10712,g,kc,1,0,16,88.7,0,0,0,0,0,0,0,0,0,0,0,0,0,0,0,0,0,0,0,0,0,0,15,2022,15
creedhumphrey_kc_2022_15,kc_2022_15,creedhumphrey_kc_2022,kc_2022,creedhumphrey,59996,ol,kc,1,0,16,61.5,0,0,0,0,0,0,0,0,0,0,0,0,0,0,0,0,0,0,0,0,0,0,15,2022,15
orlandobrownjr_kc_2022_15,kc_2022_15,orlandobrownjr_kc_2022,kc_2022,orlandobrownjr,46227,t,kc,1,0,16,88.4,0,0,0,0,0,0,0,0,0,0,0,0,0,0,0,0,0,0,0,0,0,0,15,2022,15
robhavenstein_lar_2022_15,lar_2022_15,robhavenstein_lar_2022,lar_2022,robhavenstein,9490,t,lar,1,2,26,46.1,0,0,0,0,0,0,0,0,0,0,0,0,0,0,0,0,0,0,0,0,0,0,15,2022,15
tynsekhe_lar_2022_15,lar_2022_15,tynsekhe_lar_2022,lar_2022,tynsekhe,7636,t,lar,1,0,26,71.6,0,0,0,0,0,0,0,0,0,0,0,0,0,0,0,0,0,0,0,0,0,0,15,2022,15
mattskura_lar_2022_15,lar_2022_15,mattskura_lar_2022,lar_2022,mattskura,11102,g,lar,1,0,26,76.1,0,0,0,0,0,0,0,0,0,0,0,0,0,0,0,0,0,0,0,0,0,0,15,2022,15
andrewwylie_kc_2022_15,kc_2022_15,andrewwylie_kc_2022,kc_2022,andrewwylie,12333,t,kc,1,0,16,76.2,0,0,0,0,0,0,0,0,0,0,0,0,0,0,0,0,0,0,0,0,0,0,15,2022,15
colemanshelton_lar_2022_15,lar_2022_15,colemanshelton_lar_2022,lar_2022,colemanshelton,39316,ol,lar,1,0,26,84.8,0,0,0,0,0,0,0,0,0,0,0,0,0,0,0,0,0,0,0,0,0,0,15,2022,15
laelcollins_cin_2022_15,cin_2022_15,laelcollins_cin_2022,cin_2022,laelcollins,9719,t,cin,1,2,7,14.5,0,0,0,0,0,0,0,0,0,0,0,0,0,0,0,0,0,0,0,0,0,0,15,2022,15
austinblythe_sea_2022_15,sea_2022_15,austinblythe_sea_2022,sea_2022,austinblythe,10882,ol,sea,1,0,29,71.7,0,0,0,0,0,0,0,0,0,0,0,0,0,0,0,0,0,0,0,0,0,0,15,2022,15
abrahamlucas_sea_2022_15,sea_2022_15,abrahamlucas_sea_2022,sea_2022,abrahamlucas,60218,t,sea,1,0,29,85.7,0,0,0,0,0,0,0,0,0,0,0,0,0,0,0,0,0,0,0,0,0,0,15,2022,15
charlescross_sea_2022_15,sea_2022_15,charlescross_sea_2022,sea_2022,charlescross,98401,t,sea,1,0,29,81.4,0,0,0,0,0,0,0,0,0,0,0,0,0,0,0,0,0,0,0,0,0,0,15,2022,15
damienlewis_sea_2022_15,sea_2022_15,damienlewis_sea_2022,sea_2022,damienlewis,81532,g,sea,1,0,29,90.0,0,0,0,0,0,0,0,0,0,0,0,0,0,0,0,0,0,0,0,0,0,0,15,2022,15
zackmartin_dal_2022_15,dal_2022_15,zackmartin_dal_2022,dal_2022,zackmartin,8651,g,dal,1,0,9,72.8,0,0,0,0,0,0,0,0,0,0,0,0,0,0,0,0,0,0,0,0,0,0,15,2022,15
blakebrandel_min_2022_15,min_2022_15,blakebrandel_min_2022,min_2022,blakebrandel,46282,t,min,1,0,18,41.1,0,0,0,0,0,0,0,0,0,0,0,0,0,0,0,0,0,0,0,0,0,0,15,2022,15
tylerbiadasz_dal_2022_15,dal_2022_15,tylerbiadasz_dal_2022,dal_2022,tylerbiadasz,41178,ol,dal,1,0,9,66.9,0,0,0,0,0,0,0,0,0,0,0,0,0,0,0,0,0,0,0,0,0,0,15,2022,15
taylordecker_det_2022_15,det_2022_15,taylordecker_det_2022,det_2022,taylordecker,10650,t,det,1,0,11,84.5,0,0,0,0,0,0,0,0,0,0,0,0,0,0,0,0,0,0,0,0,0,0,15,2022,15
frankragnow_det_2022_15,det_2022_15,frankragnow_det_2022,det_2022,frankragnow,39137,ol,det,1,0,11,37.8,0,0,0,0,0,0,0,0,0,0,0,0,0,0,0,0,0,0,0,0,0,0,15,2022,15
loganstenberg_det_2022_15,det_2022_15,loganstenberg_det_2022,det_2022,loganstenberg,37181,g,det,1,0,11,65.3,0,0,0,0,0,0,0,0,0,0,0,0,0,0,0,0,0,0,0,0,0,0,15,2022,15
jonahjackson_det_2022_15,det_2022_15,jonahjackson_det_2022,det_2022,jonahjackson,37070,g,det,1,0,11,63.2,0,0,0,0,0,0,0,0,0,0,0,0,0,0,0,0,0,0,0,0,0,0,15,2022,15
peneisewell_det_2022_15,det_2022_15,peneisewell_det_2022,det_2022,peneisewell,81788,t,det,1,0,11,71.5,0,0,0,0,0,0,0,0,0,0,0,0,0,0,0,0,0,0,0,0,0,0,15,2022,15
conormcdermott_ne_2022_15,ne_2022_15,conormcdermott_ne_2022,ne_2022,conormcdermott,11966,t,ne,1,0,19,70.7,0,0,0,0,0,0,0,0,0,0,0,0,0,0,0,0,0,0,0,0,0,0,15,2022,15
davidandrews_ne_2022_15,ne_2022_15,davidandrews_ne_2022,ne_2022,davidandrews,9948,ol,ne,1,0,19,84.3,0,0,0,0,0,0,0,0,0,0,0,0,0,0,0,0,0,0,0,0,0,0,15,2022,15
colestrange_ne_2022_15,ne_2022_15,colestrange_ne_2022,ne_2022,colestrange,22976,g,ne,1,0,19,83.5,0,0,0,0,0,0,0,0,0,0,0,0,0,0,0,0,0,0,0,0,0,0,15,2022,15
michaelonwenu_ne_2022_15,ne_2022_15,michaelonwenu_ne_2022,ne_2022,michaelonwenu,27357,g,ne,1,0,19,79.0,0,0,0,0,0,0,0,0,0,0,0,0,0,0,0,0,0,0,0,0,0,0,15,2022,15
trentbrown_ne_2022_15,ne_2022_15,trentbrown_ne_2022,ne_2022,trentbrown,9677,t,ne,1,0,19,79.6,0,0,0,0,0,0,0,0,0,0,0,0,0,0,0,0,0,0,0,0,0,0,15,2022,15
landondickerson_phi_2022_15,phi_2022_15,landondickerson_phi_2022,phi_2022,landondickerson,41712,g,phi,1,0,24,57.7,0,0,0,0,0,0,0,0,0,0,0,0,0,0,0,0,0,0,0,0,0,0,15,2022,15
jasonkelce_phi_2022_15,phi_2022_15,jasonkelce_phi_2022,phi_2022,jasonkelce,6343,ol,phi,1,0,24,74.9,0,0,0,0,0,0,0,0,0,0,0,0,0,0,0,0,0,0,0,0,0,0,15,2022,15
jordanmailata_phi_2022_15,phi_2022_15,jordanmailata_phi_2022,phi_2022,jordanmailata,66916,t,phi,1,1,24,51.0,0,0,0,0,0,0,0,0,0,0,0,0,0,0,0,0,0,0,0,0,0,0,15,2022,15
isaacseumalo_phi_2022_15,phi_2022_15,isaacseumalo_phi_2022,phi_2022,isaacseumalo,10713,g,phi,1,0,24,76.1,0,0,0,0,0,0,0,0,0,0,0,0,0,0,0,0,0,0,0,0,0,0,15,2022,15
connormcgovern_dal_2022_15,dal_2022_15,connormcgovern_dal_2022,dal_2022,connormcgovern,41714,g,dal,1,0,9,75.6,0,0,0,0,0,0,0,0,0,0,0,0,0,0,0,0,0,0,0,0,0,0,15,2022,15
kevindotson_pit_2022_15,pit_2022_15,kevindotson_pit_2022,pit_2022,kevindotson,46735,g,pit,1,0,25,53.5,0,0,0,0,0,0,0,0,0,0,0,0,0,0,0,0,0,0,0,0,0,0,15,2022,15
jamesdaniels_pit_2022_15,pit_2022_15,jamesdaniels_pit_2022,pit_2022,jamesdaniels,45576,g,pit,1,0,25,42.8,0,0,0,0,0,0,0,0,0,0,0,0,0,0,0,0,0,0,0,0,0,0,15,2022,15
spencerbrown_buf_2022_15,buf_2022_15,spencerbrown_buf_2022,buf_2022,spencerbrown,42296,t,buf,1,0,4,48.7,0,0,0,0,0,0,0,0,0,0,0,0,0,0,0,0,0,0,0,0,0,0,15,2022,15
diondawkins_buf_2022_15,buf_2022_15,diondawkins_buf_2022,buf_2022,diondawkins,11818,t,buf,1,1,4,64.8,0,0,0,0,0,0,0,0,0,0,0,0,0,0,0,0,0,0,0,0,0,0,15,2022,15
masoncole_pit_2022_15,pit_2022_15,masoncole_pit_2022,pit_2022,masoncole,45547,ol,pit,1,0,25,70.6,0,0,0,0,0,0,0,0,0,0,0,0,0,0,0,0,0,0,0,0,0,0,15,2022,15
mitchmorse_buf_2022_15,buf_2022_15,mitchmorse_buf_2022,buf_2022,mitchmorse,9482,ol,buf,1,0,4,62.8,0,0,0,0,0,0,0,0,0,0,0,0,0,0,0,0,0,0,0,0,0,0,15,2022,15
danmoorejr_pit_2022_15,pit_2022_15,danmoorejr_pit_2022,pit_2022,danmoorejr,60120,t,pit,1,1,25,74.9,0,0,0,0,0,0,0,0,0,0,0,0,0,0,0,0,0,0,0,0,0,0,15,2022,15
chukwumaokorafor_pit_2022_15,pit_2022_15,chukwumaokorafor_pit_2022,pit_2022,chukwumaokorafor,46302,t,pit,1,0,25,62.2,0,0,0,0,0,0,0,0,0,0,0,0,0,0,0,0,0,0,0,0,0,0,15,2022,15
rodgersaffold_buf_2022_15,buf_2022_15,rodgersaffold_buf_2022,buf_2022,rodgersaffold,5558,g,buf,1,0,4,55.0,0,0,0,0,0,0,0,0,0,0,0,0,0,0,0,0,0,0,0,0,0,0,15,2022,15
tylersmith_dal_2022_15,dal_2022_15,tylersmith_dal_2022,dal_2022,tylersmith,98385,t,dal,1,1,9,55.1,0,0,0,0,0,0,0,0,0,0,0,0,0,0,0,0,0,0,0,0,0,0,15,2022,15
lanejohnson_phi_2022_15,phi_2022_15,lanejohnson_phi_2022,phi_2022,lanejohnson,7786,t,phi,1,0,24,85.5,0,0,0,0,0,0,0,0,0,0,0,0,0,0,0,0,0,0,0,0,0,0,15,2022,15
terronarmstead_mia_2022_15,mia_2022_15,terronarmstead_mia_2022,mia_2022,terronarmstead,7856,t,mia,1,0,17,69.7,0,0,0,0,0,0,0,0,0,0,0,0,0,0,0,0,0,0,0,0,0,0,15,2022,15
brandonshell_mia_2022_15,mia_2022_15,brandonshell_mia_2022,mia_2022,brandonshell,10792,t,mia,1,0,17,55.4,0,0,0,0,0,0,0,0,0,0,0,0,0,0,0,0,0,0,0,0,0,0,15,2022,15
roberthunt_mia_2022_15,mia_2022_15,roberthunt_mia_2022,mia_2022,roberthunt,46139,g,mia,1,1,17,53.2,0,0,0,0,0,0,0,0,0,0,0,0,0,0,0,0,0,0,0,0,0,0,15,2022,15
connorwilliams_mia_2022_15,mia_2022_15,connorwilliams_mia_2022,mia_2022,connorwilliams,46216,ol,mia,1,0,17,83.8,0,0,0,0,0,0,0,0,0,0,0,0,0,0,0,0,0,0,0,0,0,0,15,2022,15
robertjones_mia_2022_15,mia_2022_15,robertjones_mia_2022,mia_2022,robertjones,100786,g,mia,1,0,17,50.8,0,0,0,0,0,0,0,0,0,0,0,0,0,0,0,0,0,0,0,0,0,0,15,2022,15
evanneal_nyg_2022_15,nyg_2022_15,evanneal_nyg_2022,nyg_2022,evanneal,99063,t,nyg,1,0,21,20.2,0,0,0,0,0,0,0,0,0,0,0,0,0,0,0,0,0,0,0,0,0,0,15,2022,15
andrewthomas_nyg_2022_15,nyg_2022_15,andrewthomas_nyg_2022,nyg_2022,andrewthomas,59701,t,nyg,1,0,21,63.6,0,0,0,0,0,0,0,0,0,0,0,0,0,0,0,0,0,0,0,0,0,0,15,2022,15
markglowinski_nyg_2022_15,nyg_2022_15,markglowinski_nyg_2022,nyg_2022,markglowinski,9567,g,nyg,1,0,21,73.7,0,0,0,0,0,0,0,0,0,0,0,0,0,0,0,0,0,0,0,0,0,0,15,2022,15
ajcann_hou_2022_15,hou_2022_15,ajcann_hou_2022,hou_2022,ajcann,9500,g,hou,1,0,13,81.0,0,0,0,0,0,0,0,0,0,0,0,0,0,0,0,0,0,0,0,0,0,0,15,2022,15
laremytunsil_hou_2022_15,hou_2022_15,laremytunsil_hou_2022,hou_2022,laremytunsil,10647,t,hou,1,0,13,85.1,0,0,0,0,0,0,0,0,0,0,0,0,0,0,0,0,0,0,0,0,0,0,15,2022,15
tytushoward_hou_2022_15,hou_2022_15,tytushoward_hou_2022,hou_2022,tytushoward,25472,t,hou,1,0,13,79.0,0,0,0,0,0,0,0,0,0,0,0,0,0,0,0,0,0,0,0,0,0,0,15,2022,15
scottquessenberry_hou_2022_15,hou_2022_15,scottquessenberry_hou_2022,hou_2022,scottquessenberry,23918,ol,hou,1,0,13,41.3,0,0,0,0,0,0,0,0,0,0,0,0,0,0,0,0,0,0,0,0,0,0,15,2022,15
ryanbates_buf_2022_15,buf_2022_15,ryanbates_buf_2022,buf_2022,ryanbates,28300,g,buf,1,0,4,75.8,0,0,0,0,0,0,0,0,0,0,0,0,0,0,0,0,0,0,0,0,0,0,15,2022,15
bradleybozeman_car_2022_15,car_2022_15,bradleybozeman_car_2022,car_2022,bradleybozeman,27934,ol,car,1,0,5,83.8,0,0,0,0,0,0,0,0,0,0,0,0,0,0,0,0,0,0,0,0,0,0,15,2022,15
taylormoton_car_2022_15,car_2022_15,taylormoton_car_2022,car_2022,taylormoton,11819,t,car,1,0,5,69.6,0,0,0,0,0,0,0,0,0,0,0,0,0,0,0,0,0,0,0,0,0,0,15,2022,15
ikemekwonu_car_2022_15,car_2022_15,ikemekwonu_car_2022,car_2022,ikemekwonu,98286,t,car,1,0,5,65.3,0,0,0,0,0,0,0,0,0,0,0,0,0,0,0,0,0,0,0,0,0,0,15,2022,15
austincorbett_car_2022_15,car_2022_15,austincorbett_car_2022,car_2022,austincorbett,46290,g,car,1,0,5,86.3,0,0,0,0,0,0,0,0,0,0,0,0,0,0,0,0,0,0,0,0,0,0,15,2022,15
bradychristensen_car_2022_15,car_2022_15,bradychristensen_car_2022,car_2022,bradychristensen,51985,g,car,1,0,5,62.9,0,0,0,0,0,0,0,0,0,0,0,0,0,0,0,0,0,0,0,0,0,0,15,2022,15
aaronbanks_sf_2022_15,sf_2022_15,aaronbanks_sf_2022,sf_2022,aaronbanks,59983,g,sf,1,0,28,71.3,0,0,0,0,0,0,0,0,0,0,0,0,0,0,0,0,0,0,0,0,0,0,15,2022,15
kenyongreen_hou_2022_15,hou_2022_15,kenyongreen_hou_2022,hou_2022,kenyongreen,99052,g,hou,1,0,13,30.9,0,0,0,0,0,0,0,0,0,0,0,0,0,0,0,0,0,0,0,0,0,0,15,2022,15
mikemcglinchey_sf_2022_15,sf_2022_15,mikemcglinchey_sf_2022,sf_2022,mikemcglinchey,46275,t,sf,1,0,28,71.4,0,0,0,0,0,0,0,0,0,0,0,0,0,0,0,0,0,0,0,0,0,0,15,2022,15
jakebrendel_sf_2022_15,sf_2022_15,jakebrendel_sf_2022,sf_2022,jakebrendel,11117,ol,sf,1,0,28,58.0,0,0,0,0,0,0,0,0,0,0,0,0,0,0,0,0,0,0,0,0,0,0,15,2022,15
trentwilliams_sf_2022_15,sf_2022_15,trentwilliams_sf_2022,sf_2022,trentwilliams,5529,t,sf,1,0,28,80.3,0,0,0,0,0,0,0,0,0,0,0,0,0,0,0,0,0,0,0,0,0,0,15,2022,15
philhaynes_sea_2022_15,sea_2022_15,philhaynes_sea_2022,sea_2022,philhaynes,29244,g,sea,1,0,29,67.0,0,0,0,0,0,0,0,0,0,0,0,0,0,0,0,0,0,0,0,0,0,0,15,2022,15
koltonmiller_lv_2022_15,lv_2022_15,koltonmiller_lv_2022,lv_2022,koltonmiller,47013,t,lv,1,0,23,83.3,0,0,0,0,0,0,0,0,0,0,0,0,0,0,0,0,0,0,0,0,0,0,15,2022,15
andrejames_lv_2022_15,lv_2022_15,andrejames_lv_2022,lv_2022,andrejames,47058,ol,lv,1,0,23,63.7,0,0,0,0,0,0,0,0,0,0,0,0,0,0,0,0,0,0,0,0,0,0,15,2022,15
dylanparham_lv_2022_15,lv_2022_15,dylanparham_lv_2022,lv_2022,dylanparham,60953,g,lv,1,0,23,12.5,0,0,0,0,0,0,0,0,0,0,0,0,0,0,0,0,0,0,0,0,0,0,15,2022,15
johnsimpson_lv_2022_15,lv_2022_15,johnsimpson_lv_2022,lv_2022,johnsimpson,41715,g,lv,1,0,23,65.0,0,0,0,0,0,0,0,0,0,0,0,0,0,0,0,0,0,0,0,0,0,0,15,2022,15
jermaineeluemunor_lv_2022_15,lv_2022_15,jermaineeluemunor_lv_2022,lv_2022,jermaineeluemunor,11914,t,lv,1,0,23,73.6,0,0,0,0,0,0,0,0,0,0,0,0,0,0,0,0,0,0,0,0,0,0,15,2022,15
netanemuti_den_2022_15,den_2022_15,netanemuti_den_2022,den_2022,netanemuti,41339,g,den,1,0,10,68.7,0,0,0,0,0,0,0,0,0,0,0,0,0,0,0,0,0,0,0,0,0,0,15,2022,15
ronniestanley_bal_2022_15,bal_2022_15,ronniestanley_bal_2022,bal_2022,ronniestanley,10640,t,bal,1,0,3,49.4,0,0,0,0,0,0,0,0,0,0,0,0,0,0,0,0,0,0,0,0,0,0,15,2022,15
tylerlinderbaum_bal_2022_15,bal_2022_15,tylerlinderbaum_bal_2022,bal_2022,tylerlinderbaum,82291,ol,bal,1,0,3,35.3,0,0,0,0,0,0,0,0,0,0,0,0,0,0,0,0,0,0,0,0,0,0,15,2022,15
morganmoses_bal_2022_15,bal_2022_15,morganmoses_bal_2022,bal_2022,morganmoses,8701,t,bal,1,0,3,56.5,0,0,0,0,0,0,0,0,0,0,0,0,0,0,0,0,0,0,0,0,0,0,15,2022,15
benpowers_bal_2022_15,bal_2022_15,benpowers_bal_2022,bal_2022,benpowers,41482,g,bal,1,0,3,85.5,0,0,0,0,0,0,0,0,0,0,0,0,0,0,0,0,0,0,0,0,0,0,15,2022,15
lukewattenberg_den_2022_15,den_2022_15,lukewattenberg_den_2022,den_2022,lukewattenberg,41024,ol,den,1,0,10,0.0,0,0,0,0,0,0,0,0,0,0,0,0,0,0,0,0,0,0,0,0,0,0,15,2022,15
jasonpeters_dal_2022_15,dal_2022_15,jasonpeters_dal_2022,dal_2022,jasonpeters,2148,g,dal,1,0,9,70.7,0,0,0,0,0,0,0,0,0,0,0,0,0,0,0,0,0,0,0,0,0,0,15,2022,15
gabejackson_sea_2022_15,sea_2022_15,gabejackson_sea_2022,sea_2022,gabejackson,8716,g,sea,1,0,29,67.4,0,0,0,0,0,0,0,0,0,0,0,0,0,0,0,0,0,0,0,0,0,0,15,2022,15
trystancoloncastillo_bal_2022_15,bal_2022_15,trystancoloncastillo_bal_2022,bal_2022,trystancoloncastillo,41117,ol,bal,1,0,3,74.8,0,0,0,0,0,0,0,0,0,0,0,0,0,0,0,0,0,0,0,0,0,0,15,2022,15
spencerburford_sf_2022_15,sf_2022_15,spencerburford_sf_2022,sf_2022,spencerburford,81920,g,sf,1,0,28,58.2,0,0,0,0,0,0,0,0,0,0,0,0,0,0,0,0,0,0,0,0,0,0,15,2022,15
quinnbailey_den_2022_15,den_2022_15,quinnbailey_den_2022,den_2022,quinnbailey,46669,t,den,1,0,10,82.6,0,0,0,0,0,0,0,0,0,0,0,0,0,0,0,0,0,0,0,0,0,0,15,2022,15
danielbrunskill_sf_2022_15,sf_2022_15,danielbrunskill_sf_2022,sf_2022,danielbrunskill,34807,g,sf,1,0,28,84.3,0,0,0,0,0,0,0,0,0,0,0,0,0,0,0,0,0,0,0,0,0,0,15,2022,15
joshball_dal_2022_15,dal_2022_15,joshball_dal_2022,dal_2022,joshball,40733,t,dal,1,0,9,24.5,0,0,0,0,0,0,0,0,0,0,0,0,0,0,0,0,0,0,0,0,0,0,15,2022,15
mattpeart_nyg_2022_15,nyg_2022_15,mattpeart_nyg_2022,nyg_2022,mattpeart,46179,t,nyg,1,0,21,24.3,0,0,0,0,0,0,0,0,0,0,0,0,0,0,0,0,0,0,0,0,0,0,15,2022,15
tyrephillips_nyg_2022_15,nyg_2022_15,tyrephillips_nyg_2022,nyg_2022,tyrephillips,59874,t,nyg,1,0,21,29.9,0,0,0,0,0,0,0,0,0,0,0,0,0,0,0,0,0,0,0,0,0,0,15,2022,15
jackanderson_nyg_2022_15,nyg_2022_15,jackanderson_nyg_2022,nyg_2022,jackanderson,60130,g,nyg,1,0,21,70.9,0,0,0,0,0,0,0,0,0,0,0,0,0,0,0,0,0,0,0,0,0,0,15,2022,15
tremckitty_lac_2022_15,lac_2022_15,tremckitty_lac_2022,lac_2022,tremckitty,60896,te,lac,1,0,27,54.7,0,0,0,0,0,0,0,0,0,0,0,0,0,0,0,0,0,0,0,0,0,0,15,2022,15
tylerhigbee_lar_2022_15,lar_2022_15,tylerhigbee_lar_2022,lar_2022,tylerhigbee,10744,te,lar,1,0,26,69.7,0,0,0,0,0,0,0,0,0,0,0,0,0,0,0,0,0,0,0,0,0,0,15,2022,15
oliudoh_min_2022_15,min_2022_15,oliudoh_min_2022,min_2022,oliudoh,28394,t,min,1,0,18,48.5,0,0,0,0,0,0,0,0,0,0,0,0,0,0,0,0,0,0,0,0,0,0,15,2022,15
bencleveland_bal_2022_15,bal_2022_15,bencleveland_bal_2022,bal_2022,bencleveland,41696,g,bal,1,0,3,33.4,0,0,0,0,0,0,0,0,0,0,0,0,0,0,0,0,0,0,0,0,0,0,15,2022,15
geraldeverett_lac_2022_15,lac_2022_15,geraldeverett_lac_2022,lac_2022,geraldeverett,11799,te,lac,1,0,27,69.5,0,0,0,0,0,0,0,0,0,0,0,0,0,0,0,0,0,0,0,0,0,0,15,2022,15
gregvanroten_buf_2022_15,buf_2022_15,gregvanroten_buf_2022,buf_2022,gregvanroten,7746,ol,buf,1,0,4,80.0,0,0,0,0,0,0,0,0,0,0,0,0,0,0,0,0,0,0,0,0,0,0,15,2022,15
erictomlinson_den_2022_15,den_2022_15,erictomlinson_den_2022,den_2022,erictomlinson,9786,te,den,1,0,10,60.8,0,0,0,0,0,0,0,0,0,0,0,0,0,0,0,0,0,0,0,0,0,0,15,2022,15
brockwright_det_2022_15,det_2022_15,brockwright_det_2022,det_2022,brockwright,60994,te,det,1,0,11,64.5,0,0,0,0,0,0,0,0,0,0,0,0,0,0,0,0,0,0,0,0,0,0,15,2022,15
tylerconklin_nyj_2022_15,nyj_2022_15,tylerconklin_nyj_2022,nyj_2022,tylerconklin,47124,te,nyj,1,0,22,0.0,0,0,0,0,0,0,0,0,0,0,0,0,0,0,0,0,0,0,0,0,0,0,15,2022,15
noahfant_sea_2022_15,sea_2022_15,noahfant_sea_2022,sea_2022,noahfant,42388,te,sea,1,0,29,29.8,0,0,0,0,0,0,0,0,0,0,0,0,0,0,0,0,0,0,0,0,0,0,15,2022,15
chrismanhertz_jax_2022_15,jax_2022_15,chrismanhertz_jax_2022,jax_2022,chrismanhertz,10211,te,jax,1,0,15,59.0,0,0,0,0,0,0,0,0,0,0,0,0,0,0,0,0,0,0,0,0,0,0,15,2022,15
ianthomas_car_2022_15,car_2022_15,ianthomas_car_2022,car_2022,ianthomas,42130,te,car,1,0,5,40.3,0,0,0,0,0,0,0,0,0,0,0,0,0,0,0,0,0,0,0,0,0,0,15,2022,15
treymcbride_ari_2022_15,ari_2022_15,treymcbride_ari_2022,ari_2022,treymcbride,75916,te,ari,1,0,1,79.7,0,0,0,0,0,0,0,0,0,0,0,0,0,0,0,0,0,0,0,0,0,0,15,2022,15
zachgentry_pit_2022_15,pit_2022_15,zachgentry_pit_2022,pit_2022,zachgentry,36049,te,pit,1,0,25,36.4,0,0,0,0,0,0,0,0,0,0,0,0,0,0,0,0,0,0,0,0,0,0,15,2022,15
durhamsmythe_mia_2022_15,mia_2022_15,durhamsmythe_mia_2022,mia_2022,durhamsmythe,47257,te,mia,1,0,17,74.3,0,0,0,0,0,0,0,0,0,0,0,0,0,0,0,0,0,0,0,0,0,0,15,2022,15
tjhockenson_min_2022_15,min_2022_15,tjhockenson_min_2022,min_2022,tjhockenson,40912,te,min,1,0,18,21.0,0,0,0,0,0,0,0,0,0,0,0,0,0,0,0,0,0,0,0,0,0,0,15,2022,15
devinasiasi_cin_2022_15,cin_2022_15,devinasiasi_cin_2022,cin_2022,devinasiasi,40294,te,cin,1,0,7,58.0,0,0,0,0,0,0,0,0,0,0,0,0,0,0,0,0,0,0,0,0,0,0,15,2022,15
davidnjoku_cle_2022_15,cle_2022_15,davidnjoku_cle_2022,cle_2022,davidnjoku,11784,te,cle,1,0,8,60.1,0,0,0,0,0,0,0,0,0,0,0,0,0,0,0,0,0,0,0,0,0,0,15,2022,15
noahgray_kc_2022_15,kc_2022_15,noahgray_kc_2022,kc_2022,noahgray,60878,te,kc,1,0,16,74.1,0,0,0,0,0,0,0,0,0,0,0,0,0,0,0,0,0,0,0,0,0,0,15,2022,15
daltonschultz_dal_2022_15,dal_2022_15,daltonschultz_dal_2022,dal_2022,daltonschultz,47304,te,dal,1,0,9,14.8,0,0,0,0,0,0,0,0,0,0,0,0,0,0,0,0,0,0,0,0,0,0,15,2022,15
camerving_car_2022_15,car_2022_15,camerving_car_2022,car_2022,camerving,9452,t,car,1,0,5,72.2,0,0,0,0,0,0,0,0,0,0,0,0,0,0,0,0,0,0,0,0,0,0,15,2022,15
mikeremmers_nyj_2022_15,nyj_2022_15,mikeremmers_nyj_2022,nyj_2022,mikeremmers,7431,t,nyj,1,0,22,52.0,0,0,0,0,0,0,0,0,0,0,0,0,0,0,0,0,0,0,0,0,0,0,15,2022,15
jackstoll_phi_2022_15,phi_2022_15,jackstoll_phi_2022,phi_2022,jackstoll,42058,te,phi,1,0,24,73.7,0,0,0,0,0,0,0,0,0,0,0,0,0,0,0,0,0,0,0,0,0,0,15,2022,15
colbyparkinson_sea_2022_15,sea_2022_15,colbyparkinson_sea_2022,sea_2022,colbyparkinson,52266,te,sea,1,0,29,73.2,0,0,0,0,0,0,0,0,0,0,0,0,0,0,0,0,0,0,0,0,0,0,15,2022,15
jonnusmith_ne_2022_15,ne_2022_15,jonnusmith_ne_2022,ne_2022,jonnusmith,11855,te,ne,1,0,19,74.3,0,0,0,0,0,0,0,0,0,0,0,0,0,0,0,0,0,0,0,0,0,0,15,2022,15
ericsaubert_den_2022_15,den_2022_15,ericsaubert_den_2022,den_2022,ericsaubert,11929,te,den,1,0,10,52.5,0,0,0,0,0,0,0,0,0,0,0,0,0,0,0,0,0,0,0,0,0,0,15,2022,15
mitchellwilcox_cin_2022_15,cin_2022_15,mitchellwilcox_cin_2022,cin_2022,mitchellwilcox,47234,te,cin,1,0,7,72.2,0,0,0,0,0,0,0,0,0,0,0,0,0,0,0,0,0,0,0,0,0,0,15,2022,15
willclapp_lac_2022_15,lac_2022_15,willclapp_lac_2022,lac_2022,willclapp,39386,ol,lac,1,0,27,71.5,0,0,0,0,0,0,0,0,0,0,0,0,0,0,0,0,0,0,0,0,0,0,15,2022,15
willdissly_sea_2022_15,sea_2022_15,willdissly_sea_2022,sea_2022,willdissly,30762,te,sea,1,0,29,73.0,0,0,0,0,0,0,0,0,0,0,0,0,0,0,0,0,0,0,0,0,0,0,15,2022,15
geoffswaim_ten_2022_15,ten_2022_15,geoffswaim_ten_2022,ten_2022,geoffswaim,9679,te,ten,1,0,31,73.0,0,0,0,0,0,0,0,0,0,0,0,0,0,0,0,0,0,0,0,0,0,0,15,2022,15
bobbyhart_buf_2022_15,buf_2022_15,bobbyhart_buf_2022,buf_2022,bobbyhart,9659,g,buf,1,0,4,72.0,0,0,0,0,0,0,0,0,0,0,0,0,0,0,0,0,0,0,0,0,0,0,15,2022,15
maxxwilliams_ari_2022_15,ari_2022_15,maxxwilliams_ari_2022,ari_2022,maxxwilliams,9488,te,ari,1,0,1,70.2,0,0,0,0,0,0,0,0,0,0,0,0,0,0,0,0,0,0,0,0,0,0,15,2022,15
cjuzomah_nyj_2022_15,nyj_2022_15,cjuzomah_nyj_2022,nyj_2022,cjuzomah,9590,te,nyj,1,0,22,20.2,0,0,0,0,0,0,0,0,0,0,0,0,0,0,0,0,0,0,0,0,0,0,15,2022,15
hunterhenry_ne_2022_15,ne_2022_15,hunterhenry_ne_2022,ne_2022,hunterhenry,10669,te,ne,1,0,19,46.8,0,0,0,0,0,0,0,0,0,0,0,0,0,0,0,0,0,0,0,0,0,0,15,2022,15
leravenclark_ten_2022_15,ten_2022_15,leravenclark_ten_2022,ten_2022,leravenclark,10716,t,ten,1,0,31,71.6,0,0,0,0,0,0,0,0,0,0,0,0,0,0,0,0,0,0,0,0,0,0,15,2022,15
nickvannett_nyg_2022_15,nyg_2022_15,nickvannett_nyg_2022,nyg_2022,nickvannett,10728,te,nyg,1,0,21,73.0,0,0,0,0,0,0,0,0,0,0,0,0,0,0,0,0,0,0,0,0,0,0,15,2022,15
evanengram_jax_2022_15,jax_2022_15,evanengram_jax_2022,jax_2022,evanengram,11778,te,jax,1,0,15,62.9,0,0,0,0,0,0,0,0,0,0,0,0,0,0,0,0,0,0,0,0,0,0,15,2022,15
georgekittle_sf_2022_15,sf_2022_15,georgekittle_sf_2022,sf_2022,georgekittle,11901,te,sf,1,0,28,2.0,0,0,0,0,0,0,0,0,0,0,0,0,0,0,0,0,0,0,0,0,0,0,15,2022,15
johnnymundt_min_2022_15,min_2022_15,johnnymundt_min_2022,min_2022,johnnymundt,12206,te,min,1,0,18,70.6,0,0,0,0,0,0,0,0,0,0,0,0,0,0,0,0,0,0,0,0,0,0,15,2022,15
jackdriscoll_phi_2022_15,phi_2022_15,jackdriscoll_phi_2022,phi_2022,jackdriscoll,27064,t,phi,1,0,24,68.8,0,0,0,0,0,0,0,0,0,0,0,0,0,0,0,0,0,0,0,0,0,0,15,2022,15
jimmymorrissey_hou_2022_15,hou_2022_15,jimmymorrissey_hou_2022,hou_2022,jimmymorrissey,41626,ol,hou,1,0,13,75.4,0,0,0,0,0,0,0,0,0,0,0,0,0,0,0,0,0,0,0,0,0,0,15,2022,15
lukefarrell_jax_2022_15,jax_2022_15,lukefarrell_jax_2022,jax_2022,lukefarrell,42353,te,jax,1,0,15,72.3,0,0,0,0,0,0,0,0,0,0,0,0,0,0,0,0,0,0,0,0,0,0,15,2022,15
hakeemadeniji_cin_2022_15,cin_2022_15,hakeemadeniji_cin_2022,cin_2022,hakeemadeniji,45419,t,cin,1,0,7,70.3,0,0,0,0,0,0,0,0,0,0,0,0,0,0,0,0,0,0,0,0,0,0,15,2022,15
grantcalcaterra_phi_2022_15,phi_2022_15,grantcalcaterra_phi_2022,phi_2022,grantcalcaterra,60997,te,phi,1,0,24,69.9,0,0,0,0,0,0,0,0,0,0,0,0,0,0,0,0,0,0,0,0,0,0,15,2022,15
jakeferguson_dal_2022_15,dal_2022_15,jakeferguson_dal_2022,dal_2022,jakeferguson,61081,te,dal,1,0,9,70.0,0,0,0,0,0,0,0,0,0,0,0,0,0,0,0,0,0,0,0,0,0,0,15,2022,15
gregdulcich_den_2022_15,den_2022_15,gregdulcich_den_2022,den_2022,gregdulcich,84068,te,den,1,0,10,71.1,0,0,0,0,0,0,0,0,0,0,0,0,0,0,0,0,0,0,0,0,0,0,15,2022,15
patfreiermuth_pit_2022_15,pit_2022_15,patfreiermuth_pit_2022,pit_2022,patfreiermuth,84085,te,pit,1,0,25,70.8,0,0,0,0,0,0,0,0,0,0,0,0,0,0,0,0,0,0,0,0,0,0,15,2022,15
stonesmartt_lac_2022_15,lac_2022_15,stonesmartt_lac_2022,lac_2022,stonesmartt,60492,te,lac,1,0,27,62.4,0,0,0,0,0,0,0,0,0,0,0,0,0,0,0,0,0,0,0,0,0,0,15,2022,15
josholiver_bal_2022_15,bal_2022_15,josholiver_bal_2022,bal_2022,josholiver,47083,te,bal,1,0,3,70.2,0,0,0,0,0,0,0,0,0,0,0,0,0,0,0,0,0,0,0,0,0,0,15,2022,15
jordanakins_hou_2022_15,hou_2022_15,jordanakins_hou_2022,hou_2022,jordanakins,47050,te,hou,1,0,13,71.7,0,0,0,0,0,0,0,0,0,0,0,0,0,0,0,0,0,0,0,0,0,0,15,2022,15
cadeotton_tb_2022_15,tb_2022_15,cadeotton_tb_2022,tb_2022,cadeotton,61071,te,tb,1,0,30,69.6,0,0,0,0,0,0,0,0,0,0,0,0,0,0,0,0,0,0,0,0,0,0,15,2022,15
quintinmorris_buf_2022_15,buf_2022_15,quintinmorris_buf_2022,buf_2022,quintinmorris,61182,te,buf,1,0,4,66.3,0,0,0,0,0,0,0,0,0,0,0,0,0,0,0,0,0,0,0,0,0,0,15,2022,15
fostermoreau_lv_2022_15,lv_2022_15,fostermoreau_lv_2022,lv_2022,fostermoreau,47043,te,lv,1,0,23,61.6,0,0,0,0,0,0,0,0,0,0,0,0,0,0,0,0,0,0,0,0,0,0,15,2022,15
alexbars_lv_2022_15,lv_2022_15,alexbars_lv_2022,lv_2022,alexbars,47018,g,lv,1,0,23,71.8,0,0,0,0,0,0,0,0,0,0,0,0,0,0,0,0,0,0,0,0,0,0,15,2022,15
jamesmitchell_det_2022_15,det_2022_15,jamesmitchell_det_2022,det_2022,jamesmitchell,77885,te,det,1,0,11,74.4,0,0,0,0,0,0,0,0,0,0,0,0,0,0,0,0,0,0,0,0,0,0,15,2022,15
jaylonmoore_sf_2022_15,sf_2022_15,jaylonmoore_sf_2022,sf_2022,jaylonmoore,43678,t,sf,1,0,28,72.3,0,0,0,0,0,0,0,0,0,0,0,0,0,0,0,0,0,0,0,0,0,0,15,2022,15
seanmckeon_dal_2022_15,dal_2022_15,seanmckeon_dal_2022,dal_2022,seanmckeon,42266,te,dal,1,0,9,69.7,0,0,0,0,0,0,0,0,0,0,0,0,0,0,0,0,0,0,0,0,0,0,15,2022,15
kokieft_tb_2022_15,tb_2022_15,kokieft_tb_2022,tb_2022,kokieft,41372,te,tb,1,0,30,69.6,0,0,0,0,0,0,0,0,0,0,0,0,0,0,0,0,0,0,0,0,0,0,15,2022,15
kevinrader_ten_2022_15,ten_2022_15,kevinrader_ten_2022,ten_2022,kevinrader,30887,te,ten,1,0,31,70.4,0,0,0,0,0,0,0,0,0,0,0,0,0,0,0,0,0,0,0,0,0,0,15,2022,15
coltonmckivitz_sf_2022_15,sf_2022_15,coltonmckivitz_sf_2022,sf_2022,coltonmckivitz,29314,t,sf,1,0,28,70.9,0,0,0,0,0,0,0,0,0,0,0,0,0,0,0,0,0,0,0,0,0,0,15,2022,15
danskipper_det_2022_15,det_2022_15,danskipper_det_2022,det_2022,danskipper,12307,g,det,1,0,11,69.6,0,0,0,0,0,0,0,0,0,0,0,0,0,0,0,0,0,0,0,0,0,0,15,2022,15
tommytremble_car_2022_15,car_2022_15,tommytremble_car_2022,car_2022,tommytremble,84025,te,car,1,0,5,69.8,0,0,0,0,0,0,0,0,0,0,0,0,0,0,0,0,0,0,0,0,0,0,15,2022,15
ojhoward_hou_2022_15,hou_2022_15,ojhoward_hou_2022,hou_2022,ojhoward,11774,te,hou,1,0,13,5.3,0,0,0,0,0,0,0,0,0,0,0,0,0,0,0,0,0,0,0,0,0,0,15,2022,15
shanezylstra_det_2022_15,det_2022_15,shanezylstra_det_2022,det_2022,shanezylstra,143786,te,det,1,0,11,69.2,0,0,0,0,0,0,0,0,0,0,0,0,0,0,0,0,0,0,0,0,0,0,15,2022,15
stephenanderson_ari_2022_15,ari_2022_15,stephenanderson_ari_2022,ari_2022,stephenanderson,11160,te,ari,1,0,1,67.2,0,0,0,0,0,0,0,0,0,0,0,0,0,0,0,0,0,0,0,0,0,0,15,2022,15
austinhooper_ten_2022_15,ten_2022_15,austinhooper_ten_2022,ten_2022,austinhooper,10715,te,ten,1,0,31,70.2,0,0,0,0,0,0,0,0,0,0,0,0,0,0,0,0,0,0,0,0,0,0,15,2022,15
jameshudson_cle_2022_15,cle_2022_15,jameshudson_cle_2022,cle_2022,jameshudson,59854,t,cle,1,0,8,27.2,0,0,0,0,0,0,0,0,0,0,0,0,0,0,0,0,0,0,0,0,0,0,15,2022,15
thayermunford_lv_2022_15,lv_2022_15,thayermunford_lv_2022,lv_2022,thayermunford,59994,t,lv,1,0,23,70.7,0,0,0,0,0,0,0,0,0,0,0,0,0,0,0,0,0,0,0,0,0,0,15,2022,15
mattnelson_det_2022_15,det_2022_15,mattnelson_det_2022,det_2022,mattnelson,48584,t,det,1,0,11,70.7,0,0,0,0,0,0,0,0,0,0,0,0,0,0,0,0,0,0,0,0,0,0,15,2022,15
