p_id,unique_team_id,player_team_id,team_id_impute,player,numeric_id,position,team_name,player_game_count,batted_passes,declined_penalties,franchise_id,grades_pass_rush_defense,hits,hurries,pass_rush_opp,pass_rush_percent,pass_rush_win_rate,pass_rush_wins,penalties,prp,sacks,snap_counts_pass_play,snap_counts_pass_rush,total_pressures,true_pass_set_batted_passes,true_pass_set_grades_pass_rush_defense,true_pass_set_hits,true_pass_set_hurries,true_pass_set_pass_rush_opp,true_pass_set_pass_rush_percent,true_pass_set_pass_rush_win_rate,true_pass_set_pass_rush_wins,true_pass_set_prp,true_pass_set_sacks,true_pass_set_snap_counts_pass_play,true_pass_set_snap_counts_pass_rush,true_pass_set_total_pressures,week,year,plyr_number
ajklein_buf_2022_15,buf_2022_15,ajklein_buf_2022,buf_2022,ajklein,7930,lb,buf,1,0,0,4,0,0,0,0,0,0,0,0,0,0,0,0,0,0,0,0,0,0,0,0,0,0,0,0,0,0,15,2022,15
aarondonald_lar_2022_15,lar_2022_15,aarondonald_lar_2022,lar_2022,aarondonald,8648,di,lar,1,0,0,26,0,0,0,0,0,0,0,0,0,0,0,0,0,0,0,0,0,0,0,0,0,0,0,0,0,0,15,2022,15
adrianphillips_ne_2022_15,ne_2022_15,adrianphillips_ne_2022,ne_2022,adrianphillips,9177,s,ne,1,0,0,19,0,0,0,0,0,0,0,0,0,0,0,0,0,0,0,0,0,0,0,0,0,0,0,0,0,0,15,2022,15
joethomas_chi_2022_15,chi_2022_15,joethomas_chi_2022,chi_2022,joethomas,9272,lb,chi,1,0,0,6,0,0,0,0,0,0,0,0,0,0,0,0,0,0,0,0,0,0,0,0,0,0,0,0,0,0,15,2022,15
adrianamos_gb_2022_15,gb_2022_15,adrianamos_gb_2022,gb_2022,adrianamos,9575,s,gb,1,0,0,12,0,0,0,0,0,0,0,0,0,0,0,0,0,0,0,0,0,0,0,0,0,0,0,0,0,0,15,2022,15
andrewbillings_lv_2022_15,lv_2022_15,andrewbillings_lv_2022,lv_2022,andrewbillings,10756,di,lv,1,0,0,23,0,0,0,0,0,0,0,0,0,0,0,0,0,0,0,0,0,0,0,0,0,0,0,0,0,0,15,2022,15
jalenreevesmaybin_hou_2022_15,hou_2022_15,jalenreevesmaybin_hou_2022,hou_2022,jalenreevesmaybin,11879,lb,hou,1,0,0,13,0,0,0,0,0,0,0,0,0,0,0,0,0,0,0,0,0,0,0,0,0,0,0,0,0,0,15,2022,15
tanzelsmart_nyj_2022_15,nyj_2022_15,tanzelsmart_nyj_2022,nyj_2022,tanzelsmart,11944,di,nyj,1,0,0,22,0,0,0,0,0,0,0,0,0,0,0,0,0,0,0,0,0,0,0,0,0,0,0,0,0,0,15,2022,15
xavierwoods_car_2022_15,car_2022_15,xavierwoods_car_2022,car_2022,xavierwoods,11946,s,car,1,0,0,5,0,0,0,0,0,0,0,0,0,0,0,0,0,0,0,0,0,0,0,0,0,0,0,0,0,0,15,2022,15
benbanogu_ind_2022_15,ind_2022_15,benbanogu_ind_2022,ind_2022,benbanogu,26554,ed,ind,1,0,0,14,0,0,0,0,0,0,0,0,0,0,0,0,0,0,0,0,0,0,0,0,0,0,0,0,0,0,15,2022,15
deshonelliott_det_2022_15,det_2022_15,deshonelliott_det_2022,det_2022,deshonelliott,28854,s,det,1,0,0,11,0,0,0,0,0,0,0,0,0,0,0,0,0,0,0,0,0,0,0,0,0,0,0,0,0,0,15,2022,15
taecrowder_nyg_2022_15,nyg_2022_15,taecrowder_nyg_2022,nyg_2022,taecrowder,35774,lb,nyg,1,0,0,21,0,0,0,0,0,0,0,0,0,0,0,0,0,0,0,0,0,0,0,0,0,0,0,0,0,0,15,2022,15
antoinewinfieldjr_tb_2022_15,tb_2022_15,antoinewinfieldjr_tb_2022,tb_2022,antoinewinfieldjr,42475,s,tb,1,0,0,30,0,0,0,0,0,0,0,0,0,0,0,0,0,0,0,0,0,0,0,0,0,0,0,0,0,0,15,2022,15
terrelllewis_lar_2022_15,lar_2022_15,terrelllewis_lar_2022,lar_2022,terrelllewis,42845,ed,lar,1,0,0,26,0,0,0,0,0,0,0,0,0,0,0,0,0,0,0,0,0,0,0,0,0,0,0,0,0,0,15,2022,15
mackwilson_ne_2022_15,ne_2022_15,mackwilson_ne_2022,ne_2022,mackwilson,43190,lb,ne,1,0,0,19,0,0,0,0,0,0,0,0,0,0,0,0,0,0,0,0,0,0,0,0,0,0,0,0,0,0,15,2022,15
damarhamlin_buf_2022_15,buf_2022_15,damarhamlin_buf_2022,buf_2022,damarhamlin,43291,s,buf,1,0,0,4,0,0,0,0,0,0,0,0,0,0,0,0,0,0,0,0,0,0,0,0,0,0,0,0,0,0,15,2022,15
kobejones_car_2022_15,car_2022_15,kobejones_car_2022,car_2022,kobejones,43511,ed,car,1,0,0,5,0,0,0,0,0,0,0,0,0,0,0,0,0,0,0,0,0,0,0,0,0,0,0,0,0,0,15,2022,15
samfranklin_car_2022_15,car_2022_15,samfranklin_car_2022,car_2022,samfranklin,43580,s,car,1,0,0,5,0,0,0,0,0,0,0,0,0,0,0,0,0,0,0,0,0,0,0,0,0,0,0,0,0,0,15,2022,15
rossblacklock_min_2022_15,min_2022_15,rossblacklock_min_2022,min_2022,rossblacklock,44526,di,min,1,0,0,18,0,0,0,0,0,0,0,0,0,0,0,0,0,0,0,0,0,0,0,0,0,0,0,0,0,0,15,2022,15
mikelove_buf_2022_15,buf_2022_15,mikelove_buf_2022,buf_2022,mikelove,48376,ed,buf,1,0,0,4,0,0,0,0,0,0,0,0,0,0,0,0,0,0,0,0,0,0,0,0,0,0,0,0,0,0,15,2022,15
danielwise_was_2022_15,was_2022_15,danielwise_was_2022,was_2022,danielwise,48922,di,was,1,0,0,32,0,0,0,0,0,0,0,0,0,0,0,0,0,0,0,0,0,0,0,0,0,0,0,0,0,0,15,2022,15
jalenthompson_ari_2022_15,ari_2022_15,jalenthompson_ari_2022,ari_2022,jalenthompson,49116,s,ari,1,0,0,1,0,0,0,0,0,0,0,0,0,0,0,0,0,0,0,0,0,0,0,0,0,0,0,0,0,0,15,2022,15
ronnieharrison_cle_2022_15,cle_2022_15,ronnieharrison_cle_2022,cle_2022,ronnieharrison,49206,s,cle,1,0,0,8,0,0,0,0,0,0,0,0,0,0,0,0,0,0,0,0,0,0,0,0,0,0,0,0,0,0,15,2022,15
codybarton_sea_2022_15,sea_2022_15,codybarton_sea_2022,sea_2022,codybarton,50727,lb,sea,1,0,0,29,0,0,0,0,0,0,0,0,0,0,0,0,0,0,0,0,0,0,0,0,0,0,0,0,0,0,15,2022,15
bobbyokereke_ind_2022_15,ind_2022_15,bobbyokereke_ind_2022,ind_2022,bobbyokereke,50954,lb,ind,1,0,0,14,0,0,0,0,0,0,0,0,0,0,0,0,0,0,0,0,0,0,0,0,0,0,0,0,0,0,15,2022,15
pjlocke_den_2022_15,den_2022_15,pjlocke_den_2022,den_2022,pjlocke,51189,s,den,1,0,0,10,0,0,0,0,0,0,0,0,0,0,0,0,0,0,0,0,0,0,0,0,0,0,0,0,0,0,15,2022,15
elijahhicks_chi_2022_15,chi_2022_15,elijahhicks_chi_2022,chi_2022,elijahhicks,55584,s,chi,1,0,0,6,0,0,0,0,0,0,0,0,0,0,0,0,0,0,0,0,0,0,0,0,0,0,0,0,0,0,15,2022,15
arnoldebiketie_atl_2022_15,atl_2022_15,arnoldebiketie_atl_2022,atl_2022,arnoldebiketie,56862,ed,atl,1,0,0,2,0,0,0,0,0,0,0,0,0,0,0,0,0,0,0,0,0,0,0,0,0,0,0,0,0,0,15,2022,15
jaytufele_cin_2022_15,cin_2022_15,jaytufele_cin_2022,cin_2022,jaytufele,56913,di,cin,1,0,0,7,0,0,0,0,0,0,0,0,0,0,0,0,0,0,0,0,0,0,0,0,0,0,0,0,0,0,15,2022,15
isaiahmcduffie_gb_2022_15,gb_2022_15,isaiahmcduffie_gb_2022,gb_2022,isaiahmcduffie,57754,lb,gb,1,0,0,12,0,0,0,0,0,0,0,0,0,0,0,0,0,0,0,0,0,0,0,0,0,0,0,0,0,0,15,2022,15
grantdelpit_cle_2022_15,cle_2022_15,grantdelpit_cle_2022,cle_2022,grantdelpit,60685,s,cle,1,0,0,8,0,0,0,0,0,0,0,0,0,0,0,0,0,0,0,0,0,0,0,0,0,0,0,0,0,0,15,2022,15
jackcochrane_kc_2022_15,kc_2022_15,jackcochrane_kc_2022,kc_2022,jackcochrane,63345,lb,kc,1,0,0,16,0,0,0,0,0,0,0,0,0,0,0,0,0,0,0,0,0,0,0,0,0,0,0,0,0,0,15,2022,15
dennisgardeck_ari_2022_15,ari_2022_15,dennisgardeck_ari_2022,ari_2022,dennisgardeck,66928,ed,ari,1,0,0,1,0,0,0,0,0,0,0,0,0,0,0,0,0,0,0,0,0,0,0,0,0,0,0,0,0,0,15,2022,15
daviyonnixon_car_2022_15,car_2022_15,daviyonnixon_car_2022,car_2022,daviyonnixon,82488,di,car,1,0,0,5,0,0,0,0,0,0,0,0,0,0,0,0,0,0,0,0,0,0,0,0,0,0,0,0,0,0,15,2022,15
quaywalker_gb_2022_15,gb_2022_15,quaywalker_gb_2022,gb_2022,quaywalker,82547,lb,gb,1,0,0,12,0,0,0,0,0,0,0,0,0,0,0,0,0,0,0,0,0,0,0,0,0,0,0,0,0,0,15,2022,15
kerbyjoseph_det_2022_15,det_2022_15,kerbyjoseph_det_2022,det_2022,kerbyjoseph,83239,s,det,1,0,0,11,0,0,0,0,0,0,0,0,0,0,0,0,0,0,0,0,0,0,0,0,0,0,0,0,0,0,15,2022,15
chriswilliams_ind_2022_15,ind_2022_15,chriswilliams_ind_2022,ind_2022,chriswilliams,87178,di,ind,1,0,0,14,0,0,0,0,0,0,0,0,0,0,0,0,0,0,0,0,0,0,0,0,0,0,0,0,0,0,15,2022,15
ejspeed_ind_2022_15,ind_2022_15,ejspeed_ind_2022,ind_2022,ejspeed,94351,lb,ind,1,0,0,14,0,0,0,0,0,0,0,0,0,0,0,0,0,0,0,0,0,0,0,0,0,0,0,0,0,0,15,2022,15
daxtonhill_cin_2022_15,cin_2022_15,daxtonhill_cin_2022,cin_2022,daxtonhill,97519,s,cin,1,0,0,7,0,0,0,0,0,0,0,0,0,0,0,0,0,0,0,0,0,0,0,0,0,0,0,0,0,0,15,2022,15
samokuayinonu_ten_2022_15,ten_2022_15,samokuayinonu_ten_2022,ten_2022,samokuayinonu,101425,ed,ten,1,0,0,31,0,0,0,0,0,0,0,0,0,0,0,0,0,0,0,0,0,0,0,0,0,0,0,0,0,0,15,2022,15
rodneythomasii_ind_2022_15,ind_2022_15,rodneythomasii_ind_2022,ind_2022,rodneythomasii,108389,s,ind,1,0,0,14,0,0,0,0,0,0,0,0,0,0,0,0,0,0,0,0,0,0,0,0,0,0,0,0,0,0,15,2022,15
coreypeters_jax_2022_15,jax_2022_15,coreypeters_jax_2022,jax_2022,coreypeters,5607,di,jax,1,0,0,15,0,0,0,0,0,0,0,0,0,0,0,0,0,0,0,0,0,0,0,0,0,0,0,0,0,0,15,2022,15
cameronjordan_no_2022_15,no_2022_15,cameronjordan_no_2022,no_2022,cameronjordan,6176,ed,no,1,1,0,20,0,0,0,0,0,0,0,0,0,0,0,0,0,0,0,0,0,0,0,0,0,0,0,0,0,0,15,2022,15
demariodavis_no_2022_15,no_2022_15,demariodavis_no_2022,no_2022,demariodavis,7079,lb,no,1,0,0,20,0,0,0,0,0,0,0,0,0,0,0,0,0,0,0,0,0,0,0,0,0,0,0,0,0,0,15,2022,15
tashaungipsonsr_sf_2022_15,sf_2022_15,tashaungipsonsr_sf_2022,sf_2022,tashaungipsonsr,7288,s,sf,1,0,0,28,0,0,0,0,0,0,0,0,0,0,0,0,0,0,0,0,0,0,0,0,0,0,0,0,0,0,15,2022,15
harrisonsmith_min_2022_15,min_2022_15,harrisonsmith_min_2022,min_2022,harrisonsmith,7641,s,min,1,0,0,18,0,0,0,0,0,0,0,0,0,0,0,0,0,0,0,0,0,0,0,0,0,0,0,0,0,0,15,2022,15
jonbostic_was_2022_15,was_2022_15,jonbostic_was_2022,was_2022,jonbostic,7831,lb,was,1,0,0,32,0,0,0,0,0,0,0,0,0,0,0,0,0,0,0,0,0,0,0,0,0,0,0,0,0,0,15,2022,15
tyrannmathieu_no_2022_15,no_2022_15,tyrannmathieu_no_2022,no_2022,tyrannmathieu,7850,s,no,1,0,0,20,0,0,0,0,0,0,0,0,0,0,0,0,0,0,0,0,0,0,0,0,0,0,0,0,0,0,15,2022,15
christiankirksey_hou_2022_15,hou_2022_15,christiankirksey_hou_2022,hou_2022,christiankirksey,8706,lb,hou,1,0,0,13,0,0,0,0,0,0,0,0,0,0,0,0,0,0,0,0,0,0,0,0,0,0,0,0,0,0,15,2022,15
shelbyharris_sea_2022_15,sea_2022_15,shelbyharris_sea_2022,sea_2022,shelbyharris,8869,di,sea,1,0,0,29,0,0,0,0,0,0,0,0,0,0,0,0,0,0,0,0,0,0,0,0,0,0,0,0,0,0,15,2022,15
mikepennel_chi_2022_15,chi_2022_15,mikepennel_chi_2022,chi_2022,mikepennel,9316,di,chi,1,0,0,6,0,0,0,0,0,0,0,0,0,0,0,0,0,0,0,0,0,0,0,0,0,0,0,0,0,0,15,2022,15
leonardwilliams_nyg_2022_15,nyg_2022_15,leonardwilliams_nyg_2022,nyg_2022,leonardwilliams,9439,di,nyg,1,0,0,21,0,0,0,0,0,0,0,0,0,0,0,0,0,0,0,0,0,0,0,0,0,0,0,0,0,0,15,2022,15
prestonsmith_gb_2022_15,gb_2022_15,prestonsmith_gb_2022,gb_2022,prestonsmith,9471,ed,gb,1,0,0,12,0,0,0,0,0,0,0,0,0,0,0,0,0,0,0,0,0,0,0,0,0,0,0,0,0,0,15,2022,15
jordanphillips_buf_2022_15,buf_2022_15,jordanphillips_buf_2022,buf_2022,jordanphillips,9485,di,buf,1,0,0,4,0,0,0,0,0,0,0,0,0,0,0,0,0,0,0,0,0,0,0,0,0,0,0,0,0,0,15,2022,15
angeloblackson_chi_2022_15,chi_2022_15,angeloblackson_chi_2022,chi_2022,angeloblackson,9533,di,chi,1,0,0,6,0,0,0,0,0,0,0,0,0,0,0,0,0,0,0,0,0,0,0,0,0,0,0,0,0,0,15,2022,15
kwonalexander_nyj_2022_15,nyj_2022_15,kwonalexander_nyj_2022,nyj_2022,kwonalexander,9557,lb,nyj,1,0,0,22,0,0,0,0,0,0,0,0,0,0,0,0,0,0,0,0,0,0,0,0,0,0,0,0,0,0,15,2022,15
gradyjarrett_atl_2022_15,atl_2022_15,gradyjarrett_atl_2022,atl_2022,gradyjarrett,9570,di,atl,1,0,0,2,0,0,0,0,0,0,0,0,0,0,0,0,0,0,0,0,0,0,0,0,0,0,0,0,0,0,15,2022,15
bobbymccain_was_2022_15,was_2022_15,bobbymccain_was_2022,was_2022,bobbymccain,9578,s,was,1,0,0,32,0,0,0,0,0,0,0,0,0,0,0,0,0,0,0,0,0,0,0,0,0,0,0,0,0,0,15,2022,15
efeobada_was_2022_15,was_2022_15,efeobada_was_2022,was_2022,efeobada,10235,ed,was,1,0,0,32,0,0,0,0,0,0,0,0,0,0,0,0,0,0,0,0,0,0,0,0,0,0,0,0,0,0,15,2022,15
deforestbuckner_ind_2022_15,ind_2022_15,deforestbuckner_ind_2022,ind_2022,deforestbuckner,10641,di,ind,1,0,0,14,0,0,0,0,0,0,0,0,0,0,0,0,0,0,0,0,0,0,0,0,0,0,0,0,0,0,15,2022,15
kennyclark_gb_2022_15,gb_2022_15,kennyclark_gb_2022,gb_2022,kennyclark,10661,di,gb,1,0,0,12,0,0,0,0,0,0,0,0,0,0,0,0,0,0,0,0,0,0,0,0,0,0,0,0,0,0,15,2022,15
vernonbutler_nyg_2022_15,nyg_2022_15,vernonbutler_nyg_2022,nyg_2022,vernonbutler,10664,di,nyg,1,0,0,21,0,0,0,0,0,0,0,0,0,0,0,0,0,0,0,0,0,0,0,0,0,0,0,0,0,0,15,2022,15
jarranreed_gb_2022_15,gb_2022_15,jarranreed_gb_2022,gb_2022,jarranreed,10683,di,gb,1,0,0,12,0,0,0,0,0,0,0,0,0,0,0,0,0,0,0,0,0,0,0,0,0,0,0,0,0,0,15,2022,15
kevinbyard_ten_2022_15,ten_2022_15,kevinbyard_ten_2022,ten_2022,kevinbyard,10698,s,ten,1,0,0,31,0,0,0,0,0,0,0,0,0,0,0,0,0,0,0,0,0,0,0,0,0,0,0,0,0,0,15,2022,15
yannickngakoue_ind_2022_15,ind_2022_15,yannickngakoue_ind_2022,ind_2022,yannickngakoue,10703,ed,ind,1,0,0,14,0,0,0,0,0,0,0,0,0,0,0,0,0,0,0,0,0,0,0,0,0,0,0,0,0,0,15,2022,15
devondrecampbell_gb_2022_15,gb_2022_15,devondrecampbell_gb_2022,gb_2022,devondrecampbell,10749,lb,gb,1,0,0,12,0,0,0,0,0,0,0,0,0,0,0,0,0,0,0,0,0,0,0,0,0,0,0,0,0,0,15,2022,15
davidonyemata_no_2022_15,no_2022_15,davidonyemata_no_2022,no_2022,davidonyemata,10754,di,no,1,0,0,20,0,0,0,0,0,0,0,0,0,0,0,0,0,0,0,0,0,0,0,0,0,0,0,0,0,0,15,2022,15
deanlowry_gb_2022_15,gb_2022_15,deanlowry_gb_2022,gb_2022,deanlowry,10771,di,gb,1,0,0,12,0,0,0,0,0,0,0,0,0,0,0,0,0,0,0,0,0,0,0,0,0,0,0,0,0,0,15,2022,15
deandrehoustoncarson_chi_2022_15,chi_2022_15,deandrehoustoncarson_chi_2022,chi_2022,deandrehoustoncarson,10819,s,chi,1,0,0,6,0,0,0,0,0,0,0,0,0,0,0,0,0,0,0,0,0,0,0,0,0,0,0,0,0,0,15,2022,15
jonathanallen_was_2022_15,was_2022_15,jonathanallen_was_2022,was_2022,jonathanallen,11772,di,was,1,0,0,32,0,0,0,0,0,0,0,0,0,0,0,0,0,0,0,0,0,0,0,0,0,0,0,0,0,0,15,2022,15
tacocharlton_chi_2022_15,chi_2022_15,tacocharlton_chi_2022,chi_2022,tacocharlton,11783,ed,chi,1,0,0,6,0,0,0,0,0,0,0,0,0,0,0,0,0,0,0,0,0,0,0,0,0,0,0,0,0,0,15,2022,15
marcusmaye_no_2022_15,no_2022_15,marcusmaye_no_2022,no_2022,marcusmaye,11794,s,no,1,0,0,20,0,0,0,0,0,0,0,0,0,0,0,0,0,0,0,0,0,0,0,0,0,0,0,0,0,0,15,2022,15
raekwonmcmillan_ne_2022_15,ne_2022_15,raekwonmcmillan_ne_2022,ne_2022,raekwonmcmillan,11809,lb,ne,1,0,0,19,0,0,0,0,0,0,0,0,0,0,0,0,0,0,0,0,0,0,0,0,0,0,0,0,0,0,15,2022,15
tanohkpassagnon_no_2022_15,no_2022_15,tanohkpassagnon_no_2022,no_2022,tanohkpassagnon,11814,ed,no,1,0,0,20,0,0,0,0,0,0,0,0,0,0,0,0,0,0,0,0,0,0,0,0,0,0,0,0,0,0,15,2022,15
jaleeljohnson_atl_2022_15,atl_2022_15,jaleeljohnson_atl_2022,atl_2022,jaleeljohnson,11864,di,atl,1,0,0,2,0,0,0,0,0,0,0,0,0,0,0,0,0,0,0,0,0,0,0,0,0,0,0,0,0,0,15,2022,15
rayshawnjenkins_jax_2022_15,jax_2022_15,rayshawnjenkins_jax_2022,jax_2022,rayshawnjenkins,11868,s,jax,1,0,0,15,0,0,0,0,0,0,0,0,0,0,0,0,0,0,0,0,0,0,0,0,0,0,0,0,0,0,15,2022,15
groverstewart_ind_2022_15,ind_2022_15,groverstewart_ind_2022,ind_2022,groverstewart,11899,di,ind,1,0,0,14,0,0,0,0,0,0,0,0,0,0,0,0,0,0,0,0,0,0,0,0,0,0,0,0,0,0,15,2022,15
alquadinmuhammad_chi_2022_15,chi_2022_15,alquadinmuhammad_chi_2022,chi_2022,alquadinmuhammad,11951,ed,chi,1,0,0,6,0,0,0,0,0,0,0,0,0,0,0,0,0,0,0,0,0,0,0,0,0,0,0,0,0,0,15,2022,15
ifeadiodenigbo_ind_2022_15,ind_2022_15,ifeadiodenigbo_ind_2022,ind_2022,ifeadiodenigbo,11975,ed,ind,1,0,0,14,0,0,0,0,0,0,0,0,0,0,0,0,0,0,0,0,0,0,0,0,0,0,0,0,0,0,15,2022,15
montezsweat_was_2022_15,was_2022_15,montezsweat_was_2022,was_2022,montezsweat,27271,ed,was,1,0,0,32,0,0,0,0,0,0,0,0,0,0,0,0,0,0,0,0,0,0,0,0,0,0,0,0,0,0,15,2022,15
michaeldwumfour_hou_2022_15,hou_2022_15,michaeldwumfour_hou_2022,hou_2022,michaeldwumfour,27376,di,hou,1,0,0,13,0,0,0,0,0,0,0,0,0,0,0,0,0,0,0,0,0,0,0,0,0,0,0,0,0,0,15,2022,15
armonwatts_chi_2022_15,chi_2022_15,armonwatts_chi_2022,chi_2022,armonwatts,27844,di,chi,1,0,0,6,0,0,0,0,0,0,0,0,0,0,0,0,0,0,0,0,0,0,0,0,0,0,0,0,0,0,15,2022,15
malikharrison_bal_2022_15,bal_2022_15,malikharrison_bal_2022,bal_2022,malikharrison,28081,lb,bal,1,0,0,3,0,0,0,0,0,0,0,0,0,0,0,0,0,0,0,0,0,0,0,0,0,0,0,0,0,0,15,2022,15
germainepratt_cin_2022_15,cin_2022_15,germainepratt_cin_2022,cin_2022,germainepratt,29407,lb,cin,1,0,0,7,0,0,0,0,0,0,0,0,0,0,0,0,0,0,0,0,0,0,0,0,0,0,0,0,0,0,15,2022,15
abdullahanderson_atl_2022_15,atl_2022_15,abdullahanderson_atl_2022,atl_2022,abdullahanderson,32708,di,atl,1,0,0,2,0,0,0,0,0,0,0,0,0,0,0,0,0,0,0,0,0,0,0,0,0,0,0,0,0,0,15,2022,15
ericjohnson_ind_2022_15,ind_2022_15,ericjohnson_ind_2022,ind_2022,ericjohnson,33698,di,ind,1,0,0,14,0,0,0,0,0,0,0,0,0,0,0,0,0,0,0,0,0,0,0,0,0,0,0,0,0,0,15,2022,15
zackbaun_no_2022_15,no_2022_15,zackbaun_no_2022,no_2022,zackbaun,34632,lb,no,1,0,0,20,0,0,0,0,0,0,0,0,0,0,0,0,0,0,0,0,0,0,0,0,0,0,0,0,0,0,15,2022,15
trevisgipson_chi_2022_15,chi_2022_15,trevisgipson_chi_2022,chi_2022,trevisgipson,35241,ed,chi,1,0,0,6,0,0,0,0,0,0,0,0,0,0,0,0,0,0,0,0,0,0,0,0,0,0,0,0,0,0,15,2022,15
austinbryant_det_2022_15,det_2022_15,austinbryant_det_2022,det_2022,austinbryant,36248,ed,det,1,0,0,11,0,0,0,0,0,0,0,0,0,0,0,0,0,0,0,0,0,0,0,0,0,0,0,0,0,0,15,2022,15
shytuttle_no_2022_15,no_2022_15,shytuttle_no_2022,no_2022,shytuttle,37279,di,no,1,1,0,20,0,0,0,0,0,0,0,0,0,0,0,0,0,0,0,0,0,0,0,0,0,0,0,0,0,0,15,2022,15
quintonbell_atl_2022_15,atl_2022_15,quintonbell_atl_2022,atl_2022,quintonbell,37468,ed,atl,1,0,0,2,0,0,0,0,0,0,0,0,0,0,0,0,0,0,0,0,0,0,0,0,0,0,0,0,0,0,15,2022,15
derrektuszka_lac_2022_15,lac_2022_15,derrektuszka_lac_2022,lac_2022,derrektuszka,37724,ed,lac,1,0,0,27,0,0,0,0,0,0,0,0,0,0,0,0,0,0,0,0,0,0,0,0,0,0,0,0,0,0,15,2022,15
caseytoohill_was_2022_15,was_2022_15,caseytoohill_was_2022,was_2022,caseytoohill,38472,ed,was,1,0,0,32,0,0,0,0,0,0,0,0,0,0,0,0,0,0,0,0,0,0,0,0,0,0,0,0,0,0,15,2022,15
chaunceygolston_dal_2022_15,dal_2022_15,chaunceygolston_dal_2022,dal_2022,chaunceygolston,42718,di,dal,1,0,0,9,0,0,0,0,0,0,0,0,0,0,0,0,0,0,0,0,0,0,0,0,0,0,0,0,0,0,15,2022,15
richiegrant_atl_2022_15,atl_2022_15,richiegrant_atl_2022,atl_2022,richiegrant,43196,s,atl,1,0,0,2,0,0,0,0,0,0,0,0,0,0,0,0,0,0,0,0,0,0,0,0,0,0,0,0,0,0,15,2022,15
jakehansen_hou_2022_15,hou_2022_15,jakehansen_hou_2022,hou_2022,jakehansen,43645,lb,hou,1,0,0,13,0,0,0,0,0,0,0,0,0,0,0,0,0,0,0,0,0,0,0,0,0,0,0,0,0,0,15,2022,15
timmyhorne_atl_2022_15,atl_2022_15,timmyhorne_atl_2022,atl_2022,timmyhorne,43918,di,atl,1,0,0,2,0,0,0,0,0,0,0,0,0,0,0,0,0,0,0,0,0,0,0,0,0,0,0,0,0,0,15,2022,15
adetokunboogundeji_atl_2022_15,atl_2022_15,adetokunboogundeji_atl_2022,atl_2022,adetokunboogundeji,44047,ed,atl,1,0,0,2,0,0,0,0,0,0,0,0,0,0,0,0,0,0,0,0,0,0,0,0,0,0,0,0,0,0,15,2022,15
eyiomauwazurike_den_2022_15,den_2022_15,eyiomauwazurike_den_2022,den_2022,eyiomauwazurike,45414,di,den,1,0,0,10,0,0,0,0,0,0,0,0,0,0,0,0,0,0,0,0,0,0,0,0,0,0,0,0,0,0,15,2022,15
kentaviusstreet_no_2022_15,no_2022_15,kentaviusstreet_no_2022,no_2022,kentaviusstreet,48404,di,no,1,0,0,20,0,0,0,0,0,0,0,0,0,0,0,0,0,0,0,0,0,0,0,0,0,0,0,0,0,0,15,2022,15
jamessmithwilliams_was_2022_15,was_2022_15,jamessmithwilliams_was_2022,was_2022,jamessmithwilliams,48455,ed,was,1,0,0,32,0,0,0,0,0,0,0,0,0,0,0,0,0,0,0,0,0,0,0,0,0,0,0,0,0,0,15,2022,15
justinhollins_gb_2022_15,gb_2022_15,justinhollins_gb_2022,gb_2022,justinhollins,48498,ed,gb,1,0,0,12,0,0,0,0,0,0,0,0,0,0,0,0,0,0,0,0,0,0,0,0,0,0,0,0,0,0,15,2022,15
carlgranderson_no_2022_15,no_2022_15,carlgranderson_no_2022,no_2022,carlgranderson,48500,ed,no,1,0,0,20,0,0,0,0,0,0,0,0,0,0,0,0,0,0,0,0,0,0,0,0,0,0,0,0,0,0,15,2022,15
chasewinovich_cle_2022_15,cle_2022_15,chasewinovich_cle_2022,cle_2022,chasewinovich,48523,ed,cle,1,1,0,8,0,0,0,0,0,0,0,0,0,0,0,0,0,0,0,0,0,0,0,0,0,0,0,0,0,0,15,2022,15
malikreed_pit_2022_15,pit_2022_15,malikreed_pit_2022,pit_2022,malikreed,48567,ed,pit,1,0,0,25,0,0,0,0,0,0,0,0,0,0,0,0,0,0,0,0,0,0,0,0,0,0,0,0,0,0,15,2022,15
daronpayne_was_2022_15,was_2022_15,daronpayne_was_2022,was_2022,daronpayne,48698,di,was,1,0,0,32,0,0,0,0,0,0,0,0,0,0,0,0,0,0,0,0,0,0,0,0,0,0,0,0,0,0,15,2022,15
justinjones_chi_2022_15,chi_2022_15,justinjones_chi_2022,chi_2022,justinjones,48940,di,chi,1,0,0,6,0,0,0,0,0,0,0,0,0,0,0,0,0,0,0,0,0,0,0,0,0,0,0,0,0,0,15,2022,15
ryanneal_sea_2022_15,sea_2022_15,ryanneal_sea_2022,sea_2022,ryanneal,49132,s,sea,1,0,0,29,0,0,0,0,0,0,0,0,0,0,0,0,0,0,0,0,0,0,0,0,0,0,0,0,0,0,15,2022,15
mjstewart_hou_2022_15,hou_2022_15,mjstewart_hou_2022,hou_2022,mjstewart,49397,s,hou,1,0,0,13,0,0,0,0,0,0,0,0,0,0,0,0,0,0,0,0,0,0,0,0,0,0,0,0,0,0,15,2022,15
julianblackmon_ind_2022_15,ind_2022_15,julianblackmon_ind_2022,ind_2022,julianblackmon,49434,s,ind,1,0,0,14,0,0,0,0,0,0,0,0,0,0,0,0,0,0,0,0,0,0,0,0,0,0,0,0,0,0,15,2022,15
mattdickerson_atl_2022_15,atl_2022_15,mattdickerson_atl_2022,atl_2022,mattdickerson,49601,di,atl,1,0,0,2,0,0,0,0,0,0,0,0,0,0,0,0,0,0,0,0,0,0,0,0,0,0,0,0,0,0,15,2022,15
andrewbrown_chi_2022_15,chi_2022_15,andrewbrown_chi_2022,chi_2022,andrewbrown,49636,di,chi,1,0,0,6,0,0,0,0,0,0,0,0,0,0,0,0,0,0,0,0,0,0,0,0,0,0,0,0,0,0,15,2022,15
quincywilliams_nyj_2022_15,nyj_2022_15,quincywilliams_nyj_2022,nyj_2022,quincywilliams,49779,lb,nyj,1,0,0,22,0,0,0,0,0,0,0,0,0,0,0,0,0,0,0,0,0,0,0,0,0,0,0,0,0,0,15,2022,15
zairefranklin_ind_2022_15,ind_2022_15,zairefranklin_ind_2022,ind_2022,zairefranklin,49834,lb,ind,1,0,0,14,0,0,0,0,0,0,0,0,0,0,0,0,0,0,0,0,0,0,0,0,0,0,0,0,0,0,15,2022,15
sebastianjosephday_lac_2022_15,lac_2022_15,sebastianjosephday_lac_2022,lac_2022,sebastianjosephday,49935,di,lac,1,0,0,27,0,0,0,0,0,0,0,0,0,0,0,0,0,0,0,0,0,0,0,0,0,0,0,0,0,0,15,2022,15
lorenzocarter_atl_2022_15,atl_2022_15,lorenzocarter_atl_2022,atl_2022,lorenzocarter,50126,ed,atl,1,0,0,2,0,0,0,0,0,0,0,0,0,0,0,0,0,0,0,0,0,0,0,0,0,0,0,0,0,0,15,2022,15
olasunkanmiadeniyi_ten_2022_15,ten_2022_15,olasunkanmiadeniyi_ten_2022,ten_2022,olasunkanmiadeniyi,50154,ed,ten,1,0,0,31,0,0,0,0,0,0,0,0,0,0,0,0,0,0,0,0,0,0,0,0,0,0,0,0,0,0,15,2022,15
tashawnbower_lv_2022_15,lv_2022_15,tashawnbower_lv_2022,lv_2022,tashawnbower,50170,ed,lv,1,0,0,23,0,0,0,0,0,0,0,0,0,0,0,0,0,0,0,0,0,0,0,0,0,0,0,0,0,0,15,2022,15
malcolmroach_no_2022_15,no_2022_15,malcolmroach_no_2022,no_2022,malcolmroach,50191,di,no,1,0,0,20,0,0,0,0,0,0,0,0,0,0,0,0,0,0,0,0,0,0,0,0,0,0,0,0,0,0,15,2022,15
rashaanevans_atl_2022_15,atl_2022_15,rashaanevans_atl_2022,atl_2022,rashaanevans,50213,lb,atl,1,0,0,2,0,0,0,0,0,0,0,0,0,0,0,0,0,0,0,0,0,0,0,0,0,0,0,0,0,0,15,2022,15
marcusdavenport_no_2022_15,no_2022_15,marcusdavenport_no_2022,no_2022,marcusdavenport,50291,ed,no,1,0,0,20,0,0,0,0,0,0,0,0,0,0,0,0,0,0,0,0,0,0,0,0,0,0,0,0,0,0,15,2022,15
byroncowart_ind_2022_15,ind_2022_15,byroncowart_ind_2022,ind_2022,byroncowart,50588,di,ind,1,0,0,14,0,0,0,0,0,0,0,0,0,0,0,0,0,0,0,0,0,0,0,0,0,0,0,0,0,0,15,2022,15
jordynbrooks_sea_2022_15,sea_2022_15,jordynbrooks_sea_2022,sea_2022,jordynbrooks,50851,lb,sea,1,0,0,29,0,0,0,0,0,0,0,0,0,0,0,0,0,0,0,0,0,0,0,0,0,0,0,0,0,0,15,2022,15
leightonvanderesch_dal_2022_15,dal_2022_15,leightonvanderesch_dal_2022,dal_2022,leightonvanderesch,50950,lb,dal,1,0,0,9,0,0,0,0,0,0,0,0,0,0,0,0,0,0,0,0,0,0,0,0,0,0,0,0,0,0,15,2022,15
taylorrapp_lar_2022_15,lar_2022_15,taylorrapp_lar_2022,lar_2022,taylorrapp,51172,s,lar,1,0,0,26,0,0,0,0,0,0,0,0,0,0,0,0,0,0,0,0,0,0,0,0,0,0,0,0,0,0,15,2022,15
derwinjames_lac_2022_15,lac_2022_15,derwinjames_lac_2022,lac_2022,derwinjames,51368,s,lac,1,0,0,27,0,0,0,0,0,0,0,0,0,0,0,0,0,0,0,0,0,0,0,0,0,0,0,0,0,0,15,2022,15
kadenelliss_no_2022_15,no_2022_15,kadenelliss_no_2022,no_2022,kadenelliss,51485,lb,no,1,0,0,20,0,0,0,0,0,0,0,0,0,0,0,0,0,0,0,0,0,0,0,0,0,0,0,0,0,0,15,2022,15
nicholasmorrow_chi_2022_15,chi_2022_15,nicholasmorrow_chi_2022,chi_2022,nicholasmorrow,51674,lb,chi,1,0,0,6,0,0,0,0,0,0,0,0,0,0,0,0,0,0,0,0,0,0,0,0,0,0,0,0,0,0,15,2022,15
darrickforrest_was_2022_15,was_2022_15,darrickforrest_was_2022,was_2022,darrickforrest,55087,s,was,1,0,0,32,0,0,0,0,0,0,0,0,0,0,0,0,0,0,0,0,0,0,0,0,0,0,0,0,0,0,15,2022,15
kamrencurl_was_2022_15,was_2022_15,kamrencurl_was_2022,was_2022,kamrencurl,55800,s,was,1,0,0,32,0,0,0,0,0,0,0,0,0,0,0,0,0,0,0,0,0,0,0,0,0,0,0,0,0,0,15,2022,15
tedarrellslaton_gb_2022_15,gb_2022_15,tedarrellslaton_gb_2022,gb_2022,tedarrellslaton,56597,di,gb,1,0,0,12,0,0,0,0,0,0,0,0,0,0,0,0,0,0,0,0,0,0,0,0,0,0,0,0,0,0,15,2022,15
jonathangarvin_gb_2022_15,gb_2022_15,jonathangarvin_gb_2022,gb_2022,jonathangarvin,56703,ed,gb,1,0,0,12,0,0,0,0,0,0,0,0,0,0,0,0,0,0,0,0,0,0,0,0,0,0,0,0,0,0,15,2022,15
kwitypaye_ind_2022_15,ind_2022_15,kwitypaye_ind_2022,ind_2022,kwitypaye,56713,ed,ind,1,0,0,14,0,0,0,0,0,0,0,0,0,0,0,0,0,0,0,0,0,0,0,0,0,0,0,0,0,0,15,2022,15
kurthinish_hou_2022_15,hou_2022_15,kurthinish_hou_2022,hou_2022,kurthinish,56787,di,hou,1,0,0,13,0,0,0,0,0,0,0,0,0,0,0,0,0,0,0,0,0,0,0,0,0,0,0,0,0,0,15,2022,15
michealclemons_nyj_2022_15,nyj_2022_15,michealclemons_nyj_2022,nyj_2022,michealclemons,56872,ed,nyj,1,0,0,22,0,0,0,0,0,0,0,0,0,0,0,0,0,0,0,0,0,0,0,0,0,0,0,0,0,0,15,2022,15
dayoodeyingbo_ind_2022_15,ind_2022_15,dayoodeyingbo_ind_2022,ind_2022,dayoodeyingbo,56923,ed,ind,1,0,0,14,0,0,0,0,0,0,0,0,0,0,0,0,0,0,0,0,0,0,0,0,0,0,0,0,0,0,15,2022,15
deangelomalone_atl_2022_15,atl_2022_15,deangelomalone_atl_2022,atl_2022,deangelomalone,56941,ed,atl,1,0,0,2,0,0,0,0,0,0,0,0,0,0,0,0,0,0,0,0,0,0,0,0,0,0,0,0,0,0,15,2022,15
larrellmurchison_ten_2022_15,ten_2022_15,larrellmurchison_ten_2022,ten_2022,larrellmurchison,57004,di,ten,1,0,0,31,0,0,0,0,0,0,0,0,0,0,0,0,0,0,0,0,0,0,0,0,0,0,0,0,0,0,15,2022,15
troyandersen_atl_2022_15,atl_2022_15,troyandersen_atl_2022,atl_2022,troyandersen,57317,lb,atl,1,0,0,2,0,0,0,0,0,0,0,0,0,0,0,0,0,0,0,0,0,0,0,0,0,0,0,0,0,0,15,2022,15
mykalwalker_atl_2022_15,atl_2022_15,mykalwalker_atl_2022,atl_2022,mykalwalker,57834,lb,atl,1,0,0,2,0,0,0,0,0,0,0,0,0,0,0,0,0,0,0,0,0,0,0,0,0,0,0,0,0,0,15,2022,15
kyronjohnson_phi_2022_15,phi_2022_15,kyronjohnson_phi_2022,phi_2022,kyronjohnson,57890,ed,phi,1,0,0,24,0,0,0,0,0,0,0,0,0,0,0,0,0,0,0,0,0,0,0,0,0,0,0,0,0,0,15,2022,15
jamindavis_was_2022_15,was_2022_15,jamindavis_was_2022,was_2022,jamindavis,57905,lb,was,1,0,0,32,0,0,0,0,0,0,0,0,0,0,0,0,0,0,0,0,0,0,0,0,0,0,0,0,0,0,15,2022,15
derrickbarnes_det_2022_15,det_2022_15,derrickbarnes_det_2022,det_2022,derrickbarnes,58120,lb,det,1,0,0,11,0,0,0,0,0,0,0,0,0,0,0,0,0,0,0,0,0,0,0,0,0,0,0,0,0,0,15,2022,15
dominiquerobinson_chi_2022_15,chi_2022_15,dominiquerobinson_chi_2022,chi_2022,dominiquerobinson,61436,ed,chi,1,0,0,6,0,0,0,0,0,0,0,0,0,0,0,0,0,0,0,0,0,0,0,0,0,0,0,0,0,0,15,2022,15
johnridgeway_was_2022_15,was_2022_15,johnridgeway_was_2022,was_2022,johnridgeway,66694,di,was,1,0,0,32,0,0,0,0,0,0,0,0,0,0,0,0,0,0,0,0,0,0,0,0,0,0,0,0,0,0,15,2022,15
jonathanowens_hou_2022_15,hou_2022_15,jonathanowens_hou_2022,hou_2022,jonathanowens,66930,s,hou,1,0,0,13,0,0,0,0,0,0,0,0,0,0,0,0,0,0,0,0,0,0,0,0,0,0,0,0,0,0,15,2022,15
chadmuma_jax_2022_15,jax_2022_15,chadmuma_jax_2022,jax_2022,chadmuma,75818,lb,jax,1,0,0,15,0,0,0,0,0,0,0,0,0,0,0,0,0,0,0,0,0,0,0,0,0,0,0,0,0,0,15,2022,15
trevonmoehrig_lv_2022_15,lv_2022_15,trevonmoehrig_lv_2022,lv_2022,trevonmoehrig,77847,s,lv,1,0,0,23,0,0,0,0,0,0,0,0,0,0,0,0,0,0,0,0,0,0,0,0,0,0,0,0,0,0,15,2022,15
micahmcfadden_nyg_2022_15,nyg_2022_15,micahmcfadden_nyg_2022,nyg_2022,micahmcfadden,81246,lb,nyg,1,0,0,21,0,0,0,0,0,0,0,0,0,0,0,0,0,0,0,0,0,0,0,0,0,0,0,0,0,0,15,2022,15
devontewyatt_gb_2022_15,gb_2022_15,devontewyatt_gb_2022,gb_2022,devontewyatt,82268,di,gb,1,0,0,12,0,0,0,0,0,0,0,0,0,0,0,0,0,0,0,0,0,0,0,0,0,0,0,0,0,0,15,2022,15
kingsleyenagbare_gb_2022_15,gb_2022_15,kingsleyenagbare_gb_2022,gb_2022,kingsleyenagbare,82409,ed,gb,1,0,0,12,0,0,0,0,0,0,0,0,0,0,0,0,0,0,0,0,0,0,0,0,0,0,0,0,0,0,15,2022,15
jacksanborn_chi_2022_15,chi_2022_15,jacksanborn_chi_2022,chi_2022,jacksanborn,82566,lb,chi,1,0,0,6,0,0,0,0,0,0,0,0,0,0,0,0,0,0,0,0,0,0,0,0,0,0,0,0,0,0,15,2022,15
calaiscampbell_bal_2022_15,bal_2022_15,calaiscampbell_bal_2022,bal_2022,calaiscampbell,4364,di,bal,1,0,0,3,0,0,0,0,0,0,0,0,0,0,0,0,0,0,0,0,0,0,0,0,0,0,0,0,0,0,15,2022,15
ndamukongsuh_phi_2022_15,phi_2022_15,ndamukongsuh_phi_2022,phi_2022,ndamukongsuh,5527,di,phi,1,0,0,24,0,0,0,0,0,0,0,0,0,0,0,0,0,0,0,0,0,0,0,0,0,0,0,0,0,0,15,2022,15
tysonalualu_pit_2022_15,pit_2022_15,tysonalualu_pit_2022,pit_2022,tysonalualu,5535,di,pit,1,0,0,25,0,0,0,0,0,0,0,0,0,0,0,0,0,0,0,0,0,0,0,0,0,0,0,0,0,0,15,2022,15
brandongraham_phi_2022_15,phi_2022_15,brandongraham_phi_2022,phi_2022,brandongraham,5538,ed,phi,1,0,0,24,0,0,0,0,0,0,0,0,0,0,0,0,0,0,0,0,0,0,0,0,0,0,0,0,0,0,15,2022,15
jasonpierrepaul_bal_2022_15,bal_2022_15,jasonpierrepaul_bal_2022,bal_2022,jasonpierrepaul,5540,ed,bal,1,0,0,3,0,0,0,0,0,0,0,0,0,0,0,0,0,0,0,0,0,0,0,0,0,0,0,0,0,0,15,2022,15
kareemjackson_den_2022_15,den_2022_15,kareemjackson_den_2022,den_2022,kareemjackson,5545,s,den,1,0,0,10,0,0,0,0,0,0,0,0,0,0,0,0,0,0,0,0,0,0,0,0,0,0,0,0,0,0,15,2022,15
jerryhughes_hou_2022_15,hou_2022_15,jerryhughes_hou_2022,hou_2022,jerryhughes,5556,ed,hou,1,0,0,13,0,0,0,0,0,0,0,0,0,0,0,0,0,0,0,0,0,0,0,0,0,0,0,0,0,0,15,2022,15
linvaljoseph_phi_2022_15,phi_2022_15,linvaljoseph_phi_2022,phi_2022,linvaljoseph,5571,di,phi,1,0,0,24,0,0,0,0,0,0,0,0,0,0,0,0,0,0,0,0,0,0,0,0,0,0,0,0,0,0,15,2022,15
carlosdunlap_kc_2022_15,kc_2022_15,carlosdunlap_kc_2022,kc_2022,carlosdunlap,5579,ed,kc,1,0,0,16,0,0,0,0,0,0,0,0,0,0,0,0,0,0,0,0,0,0,0,0,0,0,0,0,0,0,15,2022,15
alwoods_sea_2022_15,sea_2022_15,alwoods_sea_2022,sea_2022,alwoods,5646,di,sea,1,0,0,29,0,0,0,0,0,0,0,0,0,0,0,0,0,0,0,0,0,0,0,0,0,0,0,0,0,0,15,2022,15
jjwatt_ari_2022_15,ari_2022_15,jjwatt_ari_2022,ari_2022,jjwatt,6163,di,ari,1,0,0,1,0,0,0,0,0,0,0,0,0,0,0,0,0,0,0,0,0,0,0,0,0,0,0,0,0,0,15,2022,15
cameronheyward_pit_2022_15,pit_2022_15,cameronheyward_pit_2022,pit_2022,cameronheyward,6183,di,pit,1,0,0,25,0,0,0,0,0,0,0,0,0,0,0,0,0,0,0,0,0,0,0,0,0,0,0,0,0,0,15,2022,15
justinhouston_bal_2022_15,bal_2022_15,justinhouston_bal_2022,bal_2022,justinhouston,6222,ed,bal,1,0,0,3,0,0,0,0,0,0,0,0,0,0,0,0,0,0,0,0,0,0,0,0,0,0,0,0,0,0,15,2022,15
lawrenceguy_ne_2022_15,ne_2022_15,lawrenceguy_ne_2022,ne_2022,lawrenceguy,6385,di,ne,1,0,0,19,0,0,0,0,0,0,0,0,0,0,0,0,0,0,0,0,0,0,0,0,0,0,0,0,0,0,15,2022,15
marioaddison_hou_2022_15,hou_2022_15,marioaddison_hou_2022,hou_2022,marioaddison,6558,ed,hou,1,0,0,13,0,0,0,0,0,0,0,0,0,0,0,0,0,0,0,0,0,0,0,0,0,0,0,0,0,0,15,2022,15
fletchercox_phi_2022_15,phi_2022_15,fletchercox_phi_2022,phi_2022,fletchercox,7018,di,phi,1,0,0,24,0,0,0,0,0,0,0,0,0,0,0,0,0,0,0,0,0,0,0,0,0,0,0,0,0,0,15,2022,15
bruceirvin_sea_2022_15,sea_2022_15,bruceirvin_sea_2022,sea_2022,bruceirvin,7021,ed,sea,1,0,0,29,0,0,0,0,0,0,0,0,0,0,0,0,0,0,0,0,0,0,0,0,0,0,0,0,0,0,15,2022,15
melviningramiii_mia_2022_15,mia_2022_15,melviningramiii_mia_2022,mia_2022,melviningramiii,7024,ed,mia,1,0,0,17,0,0,0,0,0,0,0,0,0,0,0,0,0,0,0,0,0,0,0,0,0,0,0,0,0,0,15,2022,15
chandlerjones_lv_2022_15,lv_2022_15,chandlerjones_lv_2022,lv_2022,chandlerjones,7027,ed,lv,1,0,0,23,0,0,0,0,0,0,0,0,0,0,0,0,0,0,0,0,0,0,0,0,0,0,0,0,0,0,15,2022,15
bobbywagner_lar_2022_15,lar_2022_15,bobbywagner_lar_2022,lar_2022,bobbywagner,7050,lb,lar,1,0,0,26,0,0,0,0,0,0,0,0,0,0,0,0,0,0,0,0,0,0,0,0,0,0,0,0,0,0,15,2022,15
lavontedavid_tb_2022_15,tb_2022_15,lavontedavid_tb_2022,tb_2022,lavontedavid,7060,lb,tb,1,0,0,30,0,0,0,0,0,0,0,0,0,0,0,0,0,0,0,0,0,0,0,0,0,0,0,0,0,0,15,2022,15
vinnycurry_nyj_2022_15,nyj_2022_15,vinnycurry_nyj_2022,nyj_2022,vinnycurry,7061,ed,nyj,1,0,0,22,0,0,0,0,0,0,0,0,0,0,0,0,0,0,0,0,0,0,0,0,0,0,0,0,0,0,15,2022,15
akiemhicks_tb_2022_15,tb_2022_15,akiemhicks_tb_2022,tb_2022,akiemhicks,7090,di,tb,1,1,0,30,0,0,0,0,0,0,0,0,0,0,0,0,0,0,0,0,0,0,0,0,0,0,0,0,0,0,15,2022,15
johnjenkins_mia_2022_15,mia_2022_15,johnjenkins_mia_2022,mia_2022,johnjenkins,7863,di,mia,1,0,0,17,0,0,0,0,0,0,0,0,0,0,0,0,0,0,0,0,0,0,0,0,0,0,0,0,0,0,15,2022,15
loganryan_tb_2022_15,tb_2022_15,loganryan_tb_2022,tb_2022,loganryan,7864,s,tb,1,0,0,30,0,0,0,0,0,0,0,0,0,0,0,0,0,0,0,0,0,0,0,0,0,0,0,0,0,0,15,2022,15
duronharmon_lv_2022_15,lv_2022_15,duronharmon_lv_2022,lv_2022,duronharmon,7872,s,lv,1,0,0,23,0,0,0,0,0,0,0,0,0,0,0,0,0,0,0,0,0,0,0,0,0,0,0,0,0,0,15,2022,15
brandonwilliams_kc_2022_15,kc_2022_15,brandonwilliams_kc_2022,kc_2022,brandonwilliams,7875,di,kc,1,0,0,16,0,0,0,0,0,0,0,0,0,0,0,0,0,0,0,0,0,0,0,0,0,0,0,0,0,0,15,2022,15
williamgholston_tb_2022_15,tb_2022_15,williamgholston_tb_2022,tb_2022,williamgholston,7908,di,tb,1,0,0,30,0,0,0,0,0,0,0,0,0,0,0,0,0,0,0,0,0,0,0,0,0,0,0,0,0,0,15,2022,15
jordanpoyer_buf_2022_15,buf_2022_15,jordanpoyer_buf_2022,buf_2022,jordanpoyer,8000,s,buf,1,0,0,4,0,0,0,0,0,0,0,0,0,0,0,0,0,0,0,0,0,0,0,0,0,0,0,0,0,0,15,2022,15
tonyjefferson_nyg_2022_15,nyg_2022_15,tonyjefferson_nyg_2022,nyg_2022,tonyjefferson,8361,s,nyg,1,0,0,21,0,0,0,0,0,0,0,0,0,0,0,0,0,0,0,0,0,0,0,0,0,0,0,0,0,0,15,2022,15
mikepurcell_den_2022_15,den_2022_15,mikepurcell_den_2022,den_2022,mikepurcell,8530,di,den,1,0,0,10,0,0,0,0,0,0,0,0,0,0,0,0,0,0,0,0,0,0,0,0,0,0,0,0,0,0,15,2022,15
jadeveonclowney_cle_2022_15,cle_2022_15,jadeveonclowney_cle_2022,cle_2022,jadeveonclowney,8636,ed,cle,1,1,0,8,0,0,0,0,0,0,0,0,0,0,0,0,0,0,0,0,0,0,0,0,0,0,0,0,0,0,15,2022,15
khalilmack_lac_2022_15,lac_2022_15,khalilmack_lac_2022,lac_2022,khalilmack,8640,ed,lac,1,0,0,27,0,0,0,0,0,0,0,0,0,0,0,0,0,0,0,0,0,0,0,0,0,0,0,0,0,0,15,2022,15
anthonybarr_dal_2022_15,dal_2022_15,anthonybarr_dal_2022,dal_2022,anthonybarr,8644,lb,dal,1,0,0,9,0,0,0,0,0,0,0,0,0,0,0,0,0,0,0,0,0,0,0,0,0,0,0,0,0,0,15,2022,15
cjmosley_nyj_2022_15,nyj_2022_15,cjmosley_nyj_2022,nyj_2022,cjmosley,8652,lb,nyj,1,0,0,22,0,0,0,0,0,0,0,0,0,0,0,0,0,0,0,0,0,0,0,0,0,0,0,0,0,0,15,2022,15
jimmieward_sf_2022_15,sf_2022_15,jimmieward_sf_2022,sf_2022,jimmieward,8665,s,sf,1,0,0,28,0,0,0,0,0,0,0,0,0,0,0,0,0,0,0,0,0,0,0,0,0,0,0,0,0,0,15,2022,15
demarcuslawrence_dal_2022_15,dal_2022_15,demarcuslawrence_dal_2022,dal_2022,demarcuslawrence,8669,ed,dal,1,0,0,9,0,0,0,0,0,0,0,0,0,0,0,0,0,0,0,0,0,0,0,0,0,0,0,0,0,0,15,2022,15
kylevannoy_lac_2022_15,lac_2022_15,kylevannoy_lac_2022,lac_2022,kylevannoy,8675,ed,lac,1,0,0,27,0,0,0,0,0,0,0,0,0,0,0,0,0,0,0,0,0,0,0,0,0,0,0,0,0,0,15,2022,15
lamarcusjoyner_nyj_2022_15,nyj_2022_15,lamarcusjoyner_nyj_2022,nyj_2022,lamarcusjoyner,8676,s,nyj,1,0,0,22,0,0,0,0,0,0,0,0,0,0,0,0,0,0,0,0,0,0,0,0,0,0,0,0,0,0,15,2022,15
justinellis_nyg_2022_15,nyg_2022_15,justinellis_nyg_2022,nyg_2022,justinellis,8742,di,nyg,1,0,0,21,0,0,0,0,0,0,0,0,0,0,0,0,0,0,0,0,0,0,0,0,0,0,0,0,0,0,15,2022,15
daquanjones_buf_2022_15,buf_2022_15,daquanjones_buf_2022,buf_2022,daquanjones,8747,di,buf,1,0,0,4,0,0,0,0,0,0,0,0,0,0,0,0,0,0,0,0,0,0,0,0,0,0,0,0,0,0,15,2022,15
brenturban_bal_2022_15,bal_2022_15,brenturban_bal_2022,bal_2022,brenturban,8769,di,bal,1,0,0,3,0,0,0,0,0,0,0,0,0,0,0,0,0,0,0,0,0,0,0,0,0,0,0,0,0,0,15,2022,15
kerryhyder_sf_2022_15,sf_2022_15,kerryhyder_sf_2022,sf_2022,kerryhyder,9045,di,sf,1,0,0,28,0,0,0,0,0,0,0,0,0,0,0,0,0,0,0,0,0,0,0,0,0,0,0,0,0,0,15,2022,15
dantefowlerjr_dal_2022_15,dal_2022_15,dantefowlerjr_dal_2022,dal_2022,dantefowlerjr,9436,ed,dal,1,0,0,9,0,0,0,0,0,0,0,0,0,0,0,0,0,0,0,0,0,0,0,0,0,0,0,0,0,0,15,2022,15
arikarmstead_sf_2022_15,sf_2022_15,arikarmstead_sf_2022,sf_2022,arikarmstead,9450,di,sf,1,0,0,28,0,0,0,0,0,0,0,0,0,0,0,0,0,0,0,0,0,0,0,0,0,0,0,0,0,0,15,2022,15
buddupree_ten_2022_15,ten_2022_15,buddupree_ten_2022,ten_2022,buddupree,9455,ed,ten,1,0,0,31,0,0,0,0,0,0,0,0,0,0,0,0,0,0,0,0,0,0,0,0,0,0,0,0,0,0,15,2022,15
shaqthompson_car_2022_15,car_2022_15,shaqthompson_car_2022,car_2022,shaqthompson,9458,lb,car,1,0,0,5,0,0,0,0,0,0,0,0,0,0,0,0,0,0,0,0,0,0,0,0,0,0,0,0,0,0,15,2022,15
marioedwardsjr_ten_2022_15,ten_2022_15,marioedwardsjr_ten_2022,ten_2022,marioedwardsjr,9468,ed,ten,1,0,1,31,0,0,0,0,0,0,0,0,0,0,0,0,0,0,0,0,0,0,0,0,0,0,0,0,0,0,15,2022,15
erickendricks_min_2022_15,min_2022_15,erickendricks_min_2022,min_2022,erickendricks,9478,lb,min,1,0,0,18,0,0,0,0,0,0,0,0,0,0,0,0,0,0,0,0,0,0,0,0,0,0,0,0,0,0,15,2022,15
ericrowe_mia_2022_15,mia_2022_15,ericrowe_mia_2022,mia_2022,ericrowe,9480,s,mia,1,0,0,17,0,0,0,0,0,0,0,0,0,0,0,0,0,0,0,0,0,0,0,0,0,0,0,0,0,0,15,2022,15
denzelperryman_lv_2022_15,lv_2022_15,denzelperryman_lv_2022,lv_2022,denzelperryman,9481,lb,lv,1,0,0,23,0,0,0,0,0,0,0,0,0,0,0,0,0,0,0,0,0,0,0,0,0,0,0,0,0,0,15,2022,15
markusgolden_ari_2022_15,ari_2022_15,markusgolden_ari_2022,ari_2022,markusgolden,9491,ed,ari,1,0,0,1,0,0,0,0,0,0,0,0,0,0,0,0,0,0,0,0,0,0,0,0,0,0,0,0,0,0,15,2022,15
frankclark_kc_2022_15,kc_2022_15,frankclark_kc_2022,kc_2022,frankclark,9496,ed,kc,1,0,0,16,0,0,0,0,0,0,0,0,0,0,0,0,0,0,0,0,0,0,0,0,0,0,0,0,0,0,15,2022,15
jordanhicks_min_2022_15,min_2022_15,jordanhicks_min_2022,min_2022,jordanhicks,9517,lb,min,1,0,0,18,0,0,0,0,0,0,0,0,0,0,0,0,0,0,0,0,0,0,0,0,0,0,0,0,0,0,15,2022,15
daniellehunter_min_2022_15,min_2022_15,daniellehunter_min_2022,min_2022,daniellehunter,9521,ed,min,1,0,0,18,0,0,0,0,0,0,0,0,0,0,0,0,0,0,0,0,0,0,0,0,0,0,0,0,0,0,15,2022,15
carldavis_ne_2022_15,ne_2022_15,carldavis_ne_2022,ne_2022,carldavis,9523,di,ne,1,0,0,19,0,0,0,0,0,0,0,0,0,0,0,0,0,0,0,0,0,0,0,0,0,0,0,0,0,0,15,2022,15
henryanderson_car_2022_15,car_2022_15,henryanderson_car_2022,car_2022,henryanderson,9526,ed,car,1,0,0,5,0,0,0,0,0,0,0,0,0,0,0,0,0,0,0,0,0,0,0,0,0,0,0,0,0,0,15,2022,15
zadariussmith_min_2022_15,min_2022_15,zadariussmith_min_2022,min_2022,zadariussmith,9555,ed,min,1,0,0,18,0,0,0,0,0,0,0,0,0,0,0,0,0,0,0,0,0,0,0,0,0,0,0,0,0,0,15,2022,15
tyelerdavison_lac_2022_15,lac_2022_15,tyelerdavison_lac_2022,lac_2022,tyelerdavison,9587,di,lac,1,0,0,27,0,0,0,0,0,0,0,0,0,0,0,0,0,0,0,0,0,0,0,0,0,0,0,0,0,0,15,2022,15
quandrediggs_sea_2022_15,sea_2022_15,quandrediggs_sea_2022,sea_2022,quandrediggs,9633,s,sea,1,0,0,29,0,0,0,0,0,0,0,0,0,0,0,0,0,0,0,0,0,0,0,0,0,0,0,0,0,0,15,2022,15
rakeemnunezroches_tb_2022_15,tb_2022_15,rakeemnunezroches_tb_2022,tb_2022,rakeemnunezroches,9650,di,tb,1,0,0,30,0,0,0,0,0,0,0,0,0,0,0,0,0,0,0,0,0,0,0,0,0,0,0,0,0,0,15,2022,15
deshawnwilliams_den_2022_15,den_2022_15,deshawnwilliams_den_2022,den_2022,deshawnwilliams,9891,di,den,1,0,0,10,0,0,0,0,0,0,0,0,0,0,0,0,0,0,0,0,0,0,0,0,0,0,0,0,0,0,15,2022,15
alexsingleton_den_2022_15,den_2022_15,alexsingleton_den_2022,den_2022,alexsingleton,9994,lb,den,1,0,0,10,0,0,0,0,0,0,0,0,0,0,0,0,0,0,0,0,0,0,0,0,0,0,0,0,0,0,15,2022,15
tymcgill_sf_2022_15,sf_2022_15,tymcgill_sf_2022,sf_2022,tymcgill,10156,di,sf,1,0,0,28,0,0,0,0,0,0,0,0,0,0,0,0,0,0,0,0,0,0,0,0,0,0,0,0,0,0,15,2022,15
leonardfloyd_lar_2022_15,lar_2022_15,leonardfloyd_lar_2022,lar_2022,leonardfloyd,10643,ed,lar,1,0,0,26,0,0,0,0,0,0,0,0,0,0,0,0,0,0,0,0,0,0,0,0,0,0,0,0,0,0,15,2022,15
sheldonrankins_nyj_2022_15,nyj_2022_15,sheldonrankins_nyj_2022,nyj_2022,sheldonrankins,10646,di,nyj,1,0,0,22,0,0,0,0,0,0,0,0,0,0,0,0,0,0,0,0,0,0,0,0,0,0,0,0,0,0,15,2022,15
keanuneal_tb_2022_15,tb_2022_15,keanuneal_tb_2022,tb_2022,keanuneal,10651,s,tb,1,0,0,30,0,0,0,0,0,0,0,0,0,0,0,0,0,0,0,0,0,0,0,0,0,0,0,0,0,0,15,2022,15
shaqlawson_buf_2022_15,buf_2022_15,shaqlawson_buf_2022,buf_2022,shaqlawson,10653,ed,buf,1,0,0,4,0,0,0,0,0,0,0,0,0,0,0,0,0,0,0,0,0,0,0,0,0,0,0,0,0,0,15,2022,15
jaylonsmith_nyg_2022_15,nyg_2022_15,jaylonsmith_nyg_2022,nyg_2022,jaylonsmith,10668,lb,nyg,1,0,0,21,0,0,0,0,0,0,0,0,0,0,0,0,0,0,0,0,0,0,0,0,0,0,0,0,0,0,15,2022,15
chrisjones_kc_2022_15,kc_2022_15,chrisjones_kc_2022,kc_2022,chrisjones,10671,di,kc,1,0,0,16,0,0,0,0,0,0,0,0,0,0,0,0,0,0,0,0,0,0,0,0,0,0,0,0,0,0,15,2022,15
jihadward_nyg_2022_15,nyg_2022_15,jihadward_nyg_2022,nyg_2022,jihadward,10678,ed,nyg,1,0,0,21,0,0,0,0,0,0,0,0,0,0,0,0,0,0,0,0,0,0,0,0,0,0,0,0,0,0,15,2022,15
deionjones_cle_2022_15,cle_2022_15,deionjones_cle_2022,cle_2022,deionjones,10686,lb,cle,1,0,0,8,0,0,0,0,0,0,0,0,0,0,0,0,0,0,0,0,0,0,0,0,0,0,0,0,0,0,15,2022,15
vonnbell_cin_2022_15,cin_2022_15,vonnbell_cin_2022,cin_2022,vonnbell,10695,s,cin,1,0,0,7,0,0,0,0,0,0,0,0,0,0,0,0,0,0,0,0,0,0,0,0,0,0,0,0,0,0,15,2022,15
adamgotsis_jax_2022_15,jax_2022_15,adamgotsis_jax_2022,jax_2022,adamgotsis,10697,di,jax,1,0,0,15,0,0,0,0,0,0,0,0,0,0,0,0,0,0,0,0,0,0,0,0,0,0,0,0,0,0,15,2022,15
carlnassib_tb_2022_15,tb_2022_15,carlnassib_tb_2022,tb_2022,carlnassib,10699,ed,tb,1,1,0,30,0,0,0,0,0,0,0,0,0,0,0,0,0,0,0,0,0,0,0,0,0,0,0,0,0,0,15,2022,15
maliekcollins_hou_2022_15,hou_2022_15,maliekcollins_hou_2022,hou_2022,maliekcollins,10701,di,hou,1,0,0,13,0,0,0,0,0,0,0,0,0,0,0,0,0,0,0,0,0,0,0,0,0,0,0,0,0,0,15,2022,15
javonhargrave_phi_2022_15,phi_2022_15,javonhargrave_phi_2022,phi_2022,javonhargrave,10723,di,phi,1,0,0,24,0,0,0,0,0,0,0,0,0,0,0,0,0,0,0,0,0,0,0,0,0,0,0,0,0,0,15,2022,15
justinsimmons_den_2022_15,den_2022_15,justinsimmons_den_2022,den_2022,justinsimmons,10732,s,den,1,0,0,10,0,0,0,0,0,0,0,0,0,0,0,0,0,0,0,0,0,0,0,0,0,0,0,0,0,0,15,2022,15
joeschobert_ten_2022_15,ten_2022_15,joeschobert_ten_2022,ten_2022,joeschobert,10733,lb,ten,1,0,0,31,0,0,0,0,0,0,0,0,0,0,0,0,0,0,0,0,0,0,0,0,0,0,0,0,0,0,15,2022,15
matthewjudon_ne_2022_15,ne_2022_15,matthewjudon_ne_2022,ne_2022,matthewjudon,10780,ed,ne,1,0,1,19,0,0,0,0,0,0,0,0,0,0,0,0,0,0,0,0,0,0,0,0,0,0,0,0,0,0,15,2022,15
quintonjefferson_sea_2022_15,sea_2022_15,quintonjefferson_sea_2022,sea_2022,quintonjefferson,10781,di,sea,1,0,0,29,0,0,0,0,0,0,0,0,0,0,0,0,0,0,0,0,0,0,0,0,0,0,0,0,0,0,15,2022,15
mattioannidis_car_2022_15,car_2022_15,mattioannidis_car_2022,car_2022,mattioannidis,10786,di,car,1,0,0,5,0,0,0,0,0,0,0,0,0,0,0,0,0,0,0,0,0,0,0,0,0,0,0,0,0,0,15,2022,15
djreader_cin_2022_15,cin_2022_15,djreader_cin_2022,cin_2022,djreader,10800,di,cin,1,1,0,7,0,0,0,0,0,0,0,0,0,0,0,0,0,0,0,0,0,0,0,0,0,0,0,0,0,0,15,2022,15
elandonroberts_mia_2022_15,mia_2022_15,elandonroberts_mia_2022,mia_2022,elandonroberts,10848,lb,mia,1,0,0,17,0,0,0,0,0,0,0,0,0,0,0,0,0,0,0,0,0,0,0,0,0,0,0,0,0,0,15,2022,15
jayronkearse_dal_2022_15,dal_2022_15,jayronkearse_dal_2022,dal_2022,jayronkearse,10878,s,dal,1,0,0,9,0,0,0,0,0,0,0,0,0,0,0,0,0,0,0,0,0,0,0,0,0,0,0,0,0,0,15,2022,15
claytonfejedelem_mia_2022_15,mia_2022_15,claytonfejedelem_mia_2022,mia_2022,claytonfejedelem,10879,s,mia,1,0,0,17,0,0,0,0,0,0,0,0,0,0,0,0,0,0,0,0,0,0,0,0,0,0,0,0,0,0,15,2022,15
justinzimmer_mia_2022_15,mia_2022_15,justinzimmer_mia_2022,mia_2022,justinzimmer,10975,di,mia,1,0,0,17,0,0,0,0,0,0,0,0,0,0,0,0,0,0,0,0,0,0,0,0,0,0,0,0,0,0,15,2022,15
kylepeko_lv_2022_15,lv_2022_15,kylepeko_lv_2022,lv_2022,kylepeko,11027,di,lv,1,0,0,23,0,0,0,0,0,0,0,0,0,0,0,0,0,0,0,0,0,0,0,0,0,0,0,0,0,0,15,2022,15
morganfox_lac_2022_15,lac_2022_15,morganfox_lac_2022,lac_2022,morganfox,11184,di,lac,1,0,0,27,0,0,0,0,0,0,0,0,0,0,0,0,0,0,0,0,0,0,0,0,0,0,0,0,0,0,15,2022,15
andrewadams_ten_2022_15,ten_2022_15,andrewadams_ten_2022,ten_2022,andrewadams,11240,s,ten,1,0,0,31,0,0,0,0,0,0,0,0,0,0,0,0,0,0,0,0,0,0,0,0,0,0,0,0,0,0,15,2022,15
romeookwara_det_2022_15,det_2022_15,romeookwara_det_2022,det_2022,romeookwara,11250,ed,det,1,0,0,11,0,0,0,0,0,0,0,0,0,0,0,0,0,0,0,0,0,0,0,0,0,0,0,0,0,0,15,2022,15
royrobertsonharris_jax_2022_15,jax_2022_15,royrobertsonharris_jax_2022,jax_2022,royrobertsonharris,11341,di,jax,1,0,0,15,0,0,0,0,0,0,0,0,0,0,0,0,0,0,0,0,0,0,0,0,0,0,0,0,0,0,15,2022,15
mylesgarrett_cle_2022_15,cle_2022_15,mylesgarrett_cle_2022,cle_2022,mylesgarrett,11756,ed,cle,1,2,0,8,0,0,0,0,0,0,0,0,0,0,0,0,0,0,0,0,0,0,0,0,0,0,0,0,0,0,15,2022,15
solomonthomas_nyj_2022_15,nyj_2022_15,solomonthomas_nyj_2022,nyj_2022,solomonthomas,11758,di,nyj,1,0,0,22,0,0,0,0,0,0,0,0,0,0,0,0,0,0,0,0,0,0,0,0,0,0,0,0,0,0,15,2022,15
haasonreddick_phi_2022_15,phi_2022_15,haasonreddick_phi_2022,phi_2022,haasonreddick,11768,ed,phi,1,0,0,24,0,0,0,0,0,0,0,0,0,0,0,0,0,0,0,0,0,0,0,0,0,0,0,0,0,0,15,2022,15
jarraddavis_det_2022_15,det_2022_15,jarraddavis_det_2022,det_2022,jarraddavis,11776,lb,det,1,0,0,11,0,0,0,0,0,0,0,0,0,0,0,0,0,0,0,0,0,0,0,0,0,0,0,0,0,0,15,2022,15
jabrillpeppers_ne_2022_15,ne_2022_15,jabrillpeppers_ne_2022,ne_2022,jabrillpeppers,11780,s,ne,1,0,0,19,0,0,0,0,0,0,0,0,0,0,0,0,0,0,0,0,0,0,0,0,0,0,0,0,0,0,15,2022,15
tjwatt_pit_2022_15,pit_2022_15,tjwatt_pit_2022,pit_2022,tjwatt,11785,ed,pit,1,0,0,25,0,0,0,0,0,0,0,0,0,0,0,0,0,0,0,0,0,0,0,0,0,0,0,0,0,0,15,2022,15
buddabaker_ari_2022_15,ari_2022_15,buddabaker_ari_2022,ari_2022,buddabaker,11791,s,ari,1,0,0,1,0,0,0,0,0,0,0,0,0,0,0,0,0,0,0,0,0,0,0,0,0,0,0,0,0,0,15,2022,15
marcuswilliams_bal_2022_15,bal_2022_15,marcuswilliams_bal_2022,bal_2022,marcuswilliams,11797,s,bal,1,0,0,3,0,0,0,0,0,0,0,0,0,0,0,0,0,0,0,0,0,0,0,0,0,0,0,0,0,0,15,2022,15
tyusbowser_bal_2022_15,bal_2022_15,tyusbowser_bal_2022,bal_2022,tyusbowser,11802,ed,bal,1,0,0,3,0,0,0,0,0,0,0,0,0,0,0,0,0,0,0,0,0,0,0,0,0,0,0,0,0,0,15,2022,15
demarcuswalker_ten_2022_15,ten_2022_15,demarcuswalker_ten_2022,ten_2022,demarcuswalker,11806,ed,ten,1,0,0,31,0,0,0,0,0,0,0,0,0,0,0,0,0,0,0,0,0,0,0,0,0,0,0,0,0,0,15,2022,15
dalvintomlinson_min_2022_15,min_2022_15,dalvintomlinson_min_2022,min_2022,dalvintomlinson,11810,di,min,1,0,0,18,0,0,0,0,0,0,0,0,0,0,0,0,0,0,0,0,0,0,0,0,0,0,0,0,0,0,15,2022,15
larryogunjobi_pit_2022_15,pit_2022_15,larryogunjobi_pit_2022,pit_2022,larryogunjobi,11820,di,pit,1,0,0,25,0,0,0,0,0,0,0,0,0,0,0,0,0,0,0,0,0,0,0,0,0,0,0,0,0,0,15,2022,15
dawuanesmoot_jax_2022_15,jax_2022_15,dawuanesmoot_jax_2022,jax_2022,dawuanesmoot,11823,ed,jax,1,0,0,15,0,0,0,0,0,0,0,0,0,0,0,0,0,0,0,0,0,0,0,0,0,0,0,0,0,0,15,2022,15
jordanwillis_sf_2022_15,sf_2022_15,jordanwillis_sf_2022,sf_2022,jordanwillis,11828,ed,sf,1,0,0,28,0,0,0,0,0,0,0,0,0,0,0,0,0,0,0,0,0,0,0,0,0,0,0,0,0,0,15,2022,15
dukeriley_mia_2022_15,mia_2022_15,dukeriley_mia_2022,mia_2022,dukeriley,11830,lb,mia,1,0,0,17,0,0,0,0,0,0,0,0,0,0,0,0,0,0,0,0,0,0,0,0,0,0,0,0,0,0,15,2022,15
alexanzalone_det_2022_15,det_2022_15,alexanzalone_det_2022,det_2022,alexanzalone,11831,lb,det,1,0,0,11,0,0,0,0,0,0,0,0,0,0,0,0,0,0,0,0,0,0,0,0,0,0,0,0,0,0,15,2022,15
tarellbasham_ten_2022_15,ten_2022_15,tarellbasham_ten_2022,ten_2022,tarellbasham,11835,ed,ten,1,0,0,31,0,0,0,0,0,0,0,0,0,0,0,0,0,0,0,0,0,0,0,0,0,0,0,0,0,0,15,2022,15
montraviusadams_pit_2022_15,pit_2022_15,montraviusadams_pit_2022,pit_2022,montraviusadams,11848,di,pit,1,0,0,25,0,0,0,0,0,0,0,0,0,0,0,0,0,0,0,0,0,0,0,0,0,0,0,0,0,0,15,2022,15
treyhendrickson_cin_2022_15,cin_2022_15,treyhendrickson_cin_2022,cin_2022,treyhendrickson,11858,ed,cin,1,0,0,7,0,0,0,0,0,0,0,0,0,0,0,0,0,0,0,0,0,0,0,0,0,0,0,0,0,0,15,2022,15
carllawson_nyj_2022_15,nyj_2022_15,carllawson_nyj_2022,nyj_2022,carllawson,11871,ed,nyj,1,0,0,22,0,0,0,0,0,0,0,0,0,0,0,0,0,0,0,0,0,0,0,0,0,0,0,0,0,0,15,2022,15
samsonebukam_sf_2022_15,sf_2022_15,samsonebukam_sf_2022,sf_2022,samsonebukam,11880,ed,sf,1,0,0,28,0,0,0,0,0,0,0,0,0,0,0,0,0,0,0,0,0,0,0,0,0,0,0,0,0,0,15,2022,15
deatrichwisejr_ne_2022_15,ne_2022_15,deatrichwisejr_ne_2022,ne_2022,deatrichwisejr,11886,ed,ne,1,0,0,19,0,0,0,0,0,0,0,0,0,0,0,0,0,0,0,0,0,0,0,0,0,0,0,0,0,0,15,2022,15
carloswatkins_dal_2022_15,dal_2022_15,carloswatkins_dal_2022,dal_2022,carloswatkins,11897,di,dal,1,0,0,9,0,0,0,0,0,0,0,0,0,0,0,0,0,0,0,0,0,0,0,0,0,0,0,0,0,0,15,2022,15
damontaekazee_pit_2022_15,pit_2022_15,damontaekazee_pit_2022,pit_2022,damontaekazee,11904,s,pit,1,0,0,25,0,0,0,0,0,0,0,0,0,0,0,0,0,0,0,0,0,0,0,0,0,0,0,0,0,0,15,2022,15
mattmilano_buf_2022_15,buf_2022_15,mattmilano_buf_2022,buf_2022,mattmilano,11918,lb,buf,1,0,0,4,0,0,0,0,0,0,0,0,0,0,0,0,0,0,0,0,0,0,0,0,0,0,0,0,0,0,15,2022,15
davongodchaux_ne_2022_15,ne_2022_15,davongodchaux_ne_2022,ne_2022,davongodchaux,11934,di,ne,1,0,0,19,0,0,0,0,0,0,0,0,0,0,0,0,0,0,0,0,0,0,0,0,0,0,0,0,0,0,15,2022,15
chuckclark_bal_2022_15,bal_2022_15,chuckclark_bal_2022,bal_2022,chuckclark,11941,s,bal,1,0,0,3,0,0,0,0,0,0,0,0,0,0,0,0,0,0,0,0,0,0,0,0,0,0,0,0,0,0,15,2022,15
djjones_den_2022_15,den_2022_15,djjones_den_2022,den_2022,djjones,11953,di,den,1,0,0,10,0,0,0,0,0,0,0,0,0,0,0,0,0,0,0,0,0,0,0,0,0,0,0,0,0,0,15,2022,15
patrickoconnor_tb_2022_15,tb_2022_15,patrickoconnor_tb_2022,tb_2022,patrickoconnor,12005,ed,tb,1,0,0,30,0,0,0,0,0,0,0,0,0,0,0,0,0,0,0,0,0,0,0,0,0,0,0,0,0,0,15,2022,15
joshtupou_cin_2022_15,cin_2022_15,joshtupou_cin_2022,cin_2022,joshtupou,12093,di,cin,1,0,0,7,0,0,0,0,0,0,0,0,0,0,0,0,0,0,0,0,0,0,0,0,0,0,0,0,0,0,15,2022,15
jonathanledbetter_ari_2022_15,ari_2022_15,jonathanledbetter_ari_2022,ari_2022,jonathanledbetter,18645,di,ari,1,0,0,1,0,0,0,0,0,0,0,0,0,0,0,0,0,0,0,0,0,0,0,0,0,0,0,0,0,0,15,2022,15
dylancole_ten_2022_15,ten_2022_15,dylancole_ten_2022,ten_2022,dylancole,24304,lb,ten,1,0,0,31,0,0,0,0,0,0,0,0,0,0,0,0,0,0,0,0,0,0,0,0,0,0,0,0,0,0,15,2022,15
nathanshepherd_nyj_2022_15,nyj_2022_15,nathanshepherd_nyj_2022,nyj_2022,nathanshepherd,24614,di,nyj,1,0,0,22,0,0,0,0,0,0,0,0,0,0,0,0,0,0,0,0,0,0,0,0,0,0,0,0,0,0,15,2022,15
foyesadeoluokun_jax_2022_15,jax_2022_15,foyesadeoluokun_jax_2022,jax_2022,foyesadeoluokun,24904,lb,jax,1,0,0,15,0,0,0,0,0,0,0,0,0,0,0,0,0,0,0,0,0,0,0,0,0,0,0,0,0,0,15,2022,15
anferneejennings_ne_2022_15,ne_2022_15,anferneejennings_ne_2022,ne_2022,anferneejennings,25449,ed,ne,1,0,0,19,0,0,0,0,0,0,0,0,0,0,0,0,0,0,0,0,0,0,0,0,0,0,0,0,0,0,15,2022,15
bravvionroy_car_2022_15,car_2022_15,bravvionroy_car_2022,car_2022,bravvionroy,25644,di,car,1,0,0,5,0,0,0,0,0,0,0,0,0,0,0,0,0,0,0,0,0,0,0,0,0,0,0,0,0,0,15,2022,15
clelinferrell_lv_2022_15,lv_2022_15,clelinferrell_lv_2022,lv_2022,clelinferrell,25955,ed,lv,1,0,0,23,0,0,0,0,0,0,0,0,0,0,0,0,0,0,0,0,0,0,0,0,0,0,0,0,0,0,15,2022,15
dexterlawrence_nyg_2022_15,nyg_2022_15,dexterlawrence_nyg_2022,nyg_2022,dexterlawrence,25991,di,nyg,1,0,0,21,0,0,0,0,0,0,0,0,0,0,0,0,0,0,0,0,0,0,0,0,0,0,0,0,0,0,15,2022,15
maxxcrosby_lv_2022_15,lv_2022_15,maxxcrosby_lv_2022,lv_2022,maxxcrosby,26316,ed,lv,1,1,0,23,0,0,0,0,0,0,0,0,0,0,0,0,0,0,0,0,0,0,0,0,0,0,0,0,0,0,15,2022,15
brycehuff_nyj_2022_15,nyj_2022_15,brycehuff_nyj_2022,nyj_2022,brycehuff,27128,ed,nyj,1,0,0,22,0,0,0,0,0,0,0,0,0,0,0,0,0,0,0,0,0,0,0,0,0,0,0,0,0,0,15,2022,15
devinbush_pit_2022_15,pit_2022_15,devinbush_pit_2022,pit_2022,devinbush,27375,lb,pit,1,0,0,25,0,0,0,0,0,0,0,0,0,0,0,0,0,0,0,0,0,0,0,0,0,0,0,0,0,0,15,2022,15
joshuche_ne_2022_15,ne_2022_15,joshuche_ne_2022,ne_2022,joshuche,27379,ed,ne,1,0,0,19,0,0,0,0,0,0,0,0,0,0,0,0,0,0,0,0,0,0,0,0,0,0,0,0,0,0,15,2022,15
joegaziano_lac_2022_15,lac_2022_15,joegaziano_lac_2022,lac_2022,joegaziano,27949,di,lac,1,0,0,27,0,0,0,0,0,0,0,0,0,0,0,0,0,0,0,0,0,0,0,0,0,0,0,0,0,0,15,2022,15
davonhamilton_jax_2022_15,jax_2022_15,davonhamilton_jax_2022,jax_2022,davonhamilton,28072,di,jax,1,0,0,15,0,0,0,0,0,0,0,0,0,0,0,0,0,0,0,0,0,0,0,0,0,0,0,0,0,0,15,2022,15
dremontjones_den_2022_15,den_2022_15,dremontjones_den_2022,den_2022,dremontjones,28075,di,den,1,0,0,10,0,0,0,0,0,0,0,0,0,0,0,0,0,0,0,0,0,0,0,0,0,0,0,0,0,0,15,2022,15
jeromebaker_mia_2022_15,mia_2022_15,jeromebaker_mia_2022,mia_2022,jeromebaker,28091,lb,mia,1,0,0,17,0,0,0,0,0,0,0,0,0,0,0,0,0,0,0,0,0,0,0,0,0,0,0,0,0,0,15,2022,15
nevillegallimore_dal_2022_15,dal_2022_15,nevillegallimore_dal_2022,dal_2022,nevillegallimore,28094,di,dal,1,1,0,9,0,0,0,0,0,0,0,0,0,0,0,0,0,0,0,0,0,0,0,0,0,0,0,0,0,0,15,2022,15
mylesadams_sea_2022_15,sea_2022_15,mylesadams_sea_2022,sea_2022,mylesadams,28430,di,sea,1,0,0,29,0,0,0,0,0,0,0,0,0,0,0,0,0,0,0,0,0,0,0,0,0,0,0,0,0,0,15,2022,15
bilalnichols_lv_2022_15,lv_2022_15,bilalnichols_lv_2022,lv_2022,bilalnichols,28451,di,lv,1,0,0,23,0,0,0,0,0,0,0,0,0,0,0,0,0,0,0,0,0,0,0,0,0,0,0,0,0,0,15,2022,15
dariusharris_kc_2022_15,kc_2022_15,dariusharris_kc_2022,kc_2022,dariusharris,29188,lb,kc,1,0,0,16,0,0,0,0,0,0,0,0,0,0,0,0,0,0,0,0,0,0,0,0,0,0,0,0,0,0,15,2022,15
chrisboard_det_2022_15,det_2022_15,chrisboard_det_2022,det_2022,chrisboard,29456,lb,det,1,0,0,11,0,0,0,0,0,0,0,0,0,0,0,0,0,0,0,0,0,0,0,0,0,0,0,0,0,0,15,2022,15
loganwilson_cin_2022_15,cin_2022_15,loganwilson_cin_2022,cin_2022,loganwilson,29623,lb,cin,1,0,0,7,0,0,0,0,0,0,0,0,0,0,0,0,0,0,0,0,0,0,0,0,0,0,0,0,0,0,15,2022,15
andrewvanginkel_mia_2022_15,mia_2022_15,andrewvanginkel_mia_2022,mia_2022,andrewvanginkel,30267,ed,mia,1,0,0,17,0,0,0,0,0,0,0,0,0,0,0,0,0,0,0,0,0,0,0,0,0,0,0,0,0,0,15,2022,15
khalensaunders_kc_2022_15,kc_2022_15,khalensaunders_kc_2022,kc_2022,khalensaunders,31534,di,kc,1,0,0,16,0,0,0,0,0,0,0,0,0,0,0,0,0,0,0,0,0,0,0,0,0,0,0,0,0,0,15,2022,15
johnathanabram_sea_2022_15,sea_2022_15,johnathanabram_sea_2022,sea_2022,johnathanabram,34646,s,sea,1,0,0,29,0,0,0,0,0,0,0,0,0,0,0,0,0,0,0,0,0,0,0,0,0,0,0,0,0,0,15,2022,15
akeemdavisgaither_cin_2022_15,cin_2022_15,akeemdavisgaither_cin_2022,cin_2022,akeemdavisgaither,34788,lb,cin,1,0,0,7,0,0,0,0,0,0,0,0,0,0,0,0,0,0,0,0,0,0,0,0,0,0,0,0,0,0,15,2022,15
blakecashman_hou_2022_15,hou_2022_15,blakecashman_hou_2022,hou_2022,blakecashman,35413,lb,hou,1,0,0,13,0,0,0,0,0,0,0,0,0,0,0,0,0,0,0,0,0,0,0,0,0,0,0,0,0,0,15,2022,15
darrelltaylor_sea_2022_15,sea_2022_15,darrelltaylor_sea_2022,sea_2022,darrelltaylor,36001,ed,sea,1,0,0,29,0,0,0,0,0,0,0,0,0,0,0,0,0,0,0,0,0,0,0,0,0,0,0,0,0,0,15,2022,15
camrynbynum_min_2022_15,min_2022_15,camrynbynum_min_2022,min_2022,camrynbynum,38408,s,min,1,0,0,18,0,0,0,0,0,0,0,0,0,0,0,0,0,0,0,0,0,0,0,0,0,0,0,0,0,0,15,2022,15
bryanmone_sea_2022_15,sea_2022_15,bryanmone_sea_2022,sea_2022,bryanmone,38461,di,sea,1,0,0,29,0,0,0,0,0,0,0,0,0,0,0,0,0,0,0,0,0,0,0,0,0,0,0,0,0,0,15,2022,15
marquisecopeland_lar_2022_15,lar_2022_15,marquisecopeland_lar_2022,lar_2022,marquisecopeland,38540,di,lar,1,0,0,26,0,0,0,0,0,0,0,0,0,0,0,0,0,0,0,0,0,0,0,0,0,0,0,0,0,0,15,2022,15
folorunsofatukasi_jax_2022_15,jax_2022_15,folorunsofatukasi_jax_2022,jax_2022,folorunsofatukasi,38558,di,jax,1,0,0,15,0,0,0,0,0,0,0,0,0,0,0,0,0,0,0,0,0,0,0,0,0,0,0,0,0,0,15,2022,15
edoliver_buf_2022_15,buf_2022_15,edoliver_buf_2022,buf_2022,edoliver,42200,di,buf,1,0,0,4,0,0,0,0,0,0,0,0,0,0,0,0,0,0,0,0,0,0,0,0,0,0,0,0,0,0,15,2022,15
kvonwallace_phi_2022_15,phi_2022_15,kvonwallace_phi_2022,phi_2022,kvonwallace,42467,s,phi,1,0,0,24,0,0,0,0,0,0,0,0,0,0,0,0,0,0,0,0,0,0,0,0,0,0,0,0,0,0,15,2022,15
tomonfox_nyg_2022_15,nyg_2022_15,tomonfox_nyg_2022,nyg_2022,tomonfox,42486,ed,nyg,1,0,0,21,0,0,0,0,0,0,0,0,0,0,0,0,0,0,0,0,0,0,0,0,0,0,0,0,0,0,15,2022,15
rashadweaver_ten_2022_15,ten_2022_15,rashadweaver_ten_2022,ten_2022,rashadweaver,42495,ed,ten,1,2,0,31,0,0,0,0,0,0,0,0,0,0,0,0,0,0,0,0,0,0,0,0,0,0,0,0,0,0,15,2022,15
keirthomas_lar_2022_15,lar_2022_15,keirthomas_lar_2022,lar_2022,keirthomas,42509,ed,lar,1,0,0,26,0,0,0,0,0,0,0,0,0,0,0,0,0,0,0,0,0,0,0,0,0,0,0,0,0,0,15,2022,15
nickbosa_sf_2022_15,sf_2022_15,nickbosa_sf_2022,sf_2022,nickbosa,42741,ed,sf,1,0,0,28,0,0,0,0,0,0,0,0,0,0,0,0,0,0,0,0,0,0,0,0,0,0,0,0,0,0,15,2022,15
osaodighizuwa_dal_2022_15,dal_2022_15,osaodighizuwa_dal_2022,dal_2022,osaodighizuwa,42754,di,dal,1,0,0,9,0,0,0,0,0,0,0,0,0,0,0,0,0,0,0,0,0,0,0,0,0,0,0,0,0,0,15,2022,15
jonathoncooper_den_2022_15,den_2022_15,jonathoncooper_den_2022,den_2022,jonathoncooper,43021,ed,den,1,0,0,10,0,0,0,0,0,0,0,0,0,0,0,0,0,0,0,0,0,0,0,0,0,0,0,0,0,0,15,2022,15
devinwhite_tb_2022_15,tb_2022_15,devinwhite_tb_2022,tb_2022,devinwhite,43089,lb,tb,1,0,0,30,0,0,0,0,0,0,0,0,0,0,0,0,0,0,0,0,0,0,0,0,0,0,0,0,0,0,15,2022,15
jeremychinn_car_2022_15,car_2022_15,jeremychinn_car_2022,car_2022,jeremychinn,43179,s,car,1,0,0,5,0,0,0,0,0,0,0,0,0,0,0,0,0,0,0,0,0,0,0,0,0,0,0,0,0,0,15,2022,15
joshmetellus_min_2022_15,min_2022_15,joshmetellus_min_2022,min_2022,joshmetellus,43395,s,min,1,0,0,18,0,0,0,0,0,0,0,0,0,0,0,0,0,0,0,0,0,0,0,0,0,0,0,0,0,0,15,2022,15
alexhighsmith_pit_2022_15,pit_2022_15,alexhighsmith_pit_2022,pit_2022,alexhighsmith,43507,ed,pit,1,0,0,25,0,0,0,0,0,0,0,0,0,0,0,0,0,0,0,0,0,0,0,0,0,0,0,0,0,0,15,2022,15
benstille_cle_2022_15,cle_2022_15,benstille_cle_2022,cle_2022,benstille,43555,di,cle,1,0,0,8,0,0,0,0,0,0,0,0,0,0,0,0,0,0,0,0,0,0,0,0,0,0,0,0,0,0,15,2022,15
jefferysimmons_ten_2022_15,ten_2022_15,jefferysimmons_ten_2022,ten_2022,jefferysimmons,43742,di,ten,1,1,1,31,0,0,0,0,0,0,0,0,0,0,0,0,0,0,0,0,0,0,0,0,0,0,0,0,0,0,15,2022,15
derrickbrown_car_2022_15,car_2022_15,derrickbrown_car_2022,car_2022,derrickbrown,43883,di,car,1,0,0,5,0,0,0,0,0,0,0,0,0,0,0,0,0,0,0,0,0,0,0,0,0,0,0,0,0,0,15,2022,15
patrickjonesii_min_2022_15,min_2022_15,patrickjonesii_min_2022,min_2022,patrickjonesii,43974,ed,min,1,0,0,18,0,0,0,0,0,0,0,0,0,0,0,0,0,0,0,0,0,0,0,0,0,0,0,0,0,0,15,2022,15
benitojones_det_2022_15,det_2022_15,benitojones_det_2022,det_2022,benitojones,44035,di,det,1,0,0,11,0,0,0,0,0,0,0,0,0,0,0,0,0,0,0,0,0,0,0,0,0,0,0,0,0,0,15,2022,15
quinnenwilliams_nyj_2022_15,nyj_2022_15,quinnenwilliams_nyj_2022,nyj_2022,quinnenwilliams,44216,di,nyj,1,0,0,22,0,0,0,0,0,0,0,0,0,0,0,0,0,0,0,0,0,0,0,0,0,0,0,0,0,0,15,2022,15
jamirjones_pit_2022_15,pit_2022_15,jamirjones_pit_2022,pit_2022,jamirjones,44287,ed,pit,1,0,0,25,0,0,0,0,0,0,0,0,0,0,0,0,0,0,0,0,0,0,0,0,0,0,0,0,0,0,15,2022,15
justinmadubuike_bal_2022_15,bal_2022_15,justinmadubuike_bal_2022,bal_2022,justinmadubuike,44304,di,bal,1,0,0,3,0,0,0,0,0,0,0,0,0,0,0,0,0,0,0,0,0,0,0,0,0,0,0,0,0,0,15,2022,15
boogiebasham_buf_2022_15,buf_2022_15,boogiebasham_buf_2022,buf_2022,boogiebasham,44320,ed,buf,1,0,0,4,0,0,0,0,0,0,0,0,0,0,0,0,0,0,0,0,0,0,0,0,0,0,0,0,0,0,15,2022,15
naquanjones_ten_2022_15,ten_2022_15,naquanjones_ten_2022,ten_2022,naquanjones,44363,di,ten,1,0,0,31,0,0,0,0,0,0,0,0,0,0,0,0,0,0,0,0,0,0,0,0,0,0,0,0,0,0,15,2022,15
isaiahhloudermilk_pit_2022_15,pit_2022_15,isaiahhloudermilk_pit_2022,pit_2022,isaiahhloudermilk,44416,ed,pit,1,0,0,25,0,0,0,0,0,0,0,0,0,0,0,0,0,0,0,0,0,0,0,0,0,0,0,0,0,0,15,2022,15
kyzirwhite_phi_2022_15,phi_2022_15,kyzirwhite_phi_2022,phi_2022,kyzirwhite,44485,lb,phi,1,0,0,24,0,0,0,0,0,0,0,0,0,0,0,0,0,0,0,0,0,0,0,0,0,0,0,0,0,0,15,2022,15
trystenhill_ari_2022_15,ari_2022_15,trystenhill_ari_2022,ari_2022,trystenhill,44519,di,ari,1,0,0,1,0,0,0,0,0,0,0,0,0,0,0,0,0,0,0,0,0,0,0,0,0,0,0,0,0,0,15,2022,15
brianburns_car_2022_15,car_2022_15,brianburns_car_2022,car_2022,brianburns,44522,ed,car,1,0,2,5,0,0,0,0,0,0,0,0,0,0,0,0,0,0,0,0,0,0,0,0,0,0,0,0,0,0,15,2022,15
djwonnum_min_2022_15,min_2022_15,djwonnum_min_2022,min_2022,djwonnum,44550,ed,min,1,0,0,18,0,0,0,0,0,0,0,0,0,0,0,0,0,0,0,0,0,0,0,0,0,0,0,0,0,0,15,2022,15
raekwondavis_mia_2022_15,mia_2022_15,raekwondavis_mia_2022,mia_2022,raekwondavis,44582,di,mia,1,0,0,17,0,0,0,0,0,0,0,0,0,0,0,0,0,0,0,0,0,0,0,0,0,0,0,0,0,0,15,2022,15
jonahwilliams_lar_2022_15,lar_2022_15,jonahwilliams_lar_2022,lar_2022,jonahwilliams,44597,di,lar,1,0,0,26,0,0,0,0,0,0,0,0,0,0,0,0,0,0,0,0,0,0,0,0,0,0,0,0,0,0,15,2022,15
lekifotu_ari_2022_15,ari_2022_15,lekifotu_ari_2022,ari_2022,lekifotu,44614,di,ari,1,0,0,1,0,0,0,0,0,0,0,0,0,0,0,0,0,0,0,0,0,0,0,0,0,0,0,0,0,0,15,2022,15
lukemasterson_lv_2022_15,lv_2022_15,lukemasterson_lv_2022,lv_2022,lukemasterson,45046,lb,lv,1,0,0,23,0,0,0,0,0,0,0,0,0,0,0,0,0,0,0,0,0,0,0,0,0,0,0,0,0,0,15,2022,15
anthonynelson_tb_2022_15,tb_2022_15,anthonynelson_tb_2022,tb_2022,anthonynelson,48405,ed,tb,1,0,0,30,0,0,0,0,0,0,0,0,0,0,0,0,0,0,0,0,0,0,0,0,0,0,0,0,0,0,15,2022,15
michaeldanna_kc_2022_15,kc_2022_15,michaeldanna_kc_2022,kc_2022,michaeldanna,48415,ed,kc,1,0,0,16,0,0,0,0,0,0,0,0,0,0,0,0,0,0,0,0,0,0,0,0,0,0,0,0,0,0,15,2022,15
samhubbard_cin_2022_15,cin_2022_15,samhubbard_cin_2022,cin_2022,samhubbard,48457,ed,cin,1,0,0,7,0,0,0,0,0,0,0,0,0,0,0,0,0,0,0,0,0,0,0,0,0,0,0,0,0,0,15,2022,15
bradleychubb_mia_2022_15,mia_2022_15,bradleychubb_mia_2022,mia_2022,bradleychubb,48526,ed,mia,1,0,0,17,0,0,0,0,0,0,0,0,0,0,0,0,0,0,0,0,0,0,0,0,0,0,0,0,0,0,15,2022,15
oshaneximines_nyg_2022_15,nyg_2022_15,oshaneximines_nyg_2022,nyg_2022,oshaneximines,48538,ed,nyg,1,0,0,21,0,0,0,0,0,0,0,0,0,0,0,0,0,0,0,0,0,0,0,0,0,0,0,0,0,0,15,2022,15
dorancearmstrong_dal_2022_15,dal_2022_15,dorancearmstrong_dal_2022,dal_2022,dorancearmstrong,48557,ed,dal,1,0,0,9,0,0,0,0,0,0,0,0,0,0,0,0,0,0,0,0,0,0,0,0,0,0,0,0,0,0,15,2022,15
roylopez_hou_2022_15,hou_2022_15,roylopez_hou_2022,hou_2022,roylopez,48676,di,hou,1,0,0,13,0,0,0,0,0,0,0,0,0,0,0,0,0,0,0,0,0,0,0,0,0,0,0,0,0,0,15,2022,15
harrisonphillips_min_2022_15,min_2022_15,harrisonphillips_min_2022,min_2022,harrisonphillips,48690,di,min,1,0,0,18,0,0,0,0,0,0,0,0,0,0,0,0,0,0,0,0,0,0,0,0,0,0,0,0,0,0,15,2022,15
greggaines_lar_2022_15,lar_2022_15,greggaines_lar_2022,lar_2022,greggaines,48706,di,lar,1,0,0,26,0,0,0,0,0,0,0,0,0,0,0,0,0,0,0,0,0,0,0,0,0,0,0,0,0,0,15,2022,15
rasheemgreen_hou_2022_15,hou_2022_15,rasheemgreen_hou_2022,hou_2022,rasheemgreen,48731,ed,hou,1,0,0,13,0,0,0,0,0,0,0,0,0,0,0,0,0,0,0,0,0,0,0,0,0,0,0,0,0,0,15,2022,15
tavenbryan_cle_2022_15,cle_2022_15,tavenbryan_cle_2022,cle_2022,tavenbryan,48753,di,cle,1,0,0,8,0,0,0,0,0,0,0,0,0,0,0,0,0,0,0,0,0,0,0,0,0,0,0,0,0,0,15,2022,15
deadrinsenat_tb_2022_15,tb_2022_15,deadrinsenat_tb_2022,tb_2022,deadrinsenat,48815,di,tb,1,0,0,30,0,0,0,0,0,0,0,0,0,0,0,0,0,0,0,0,0,0,0,0,0,0,0,0,0,0,15,2022,15
ljcollier_sea_2022_15,sea_2022_15,ljcollier_sea_2022,sea_2022,ljcollier,48822,di,sea,1,0,0,29,0,0,0,0,0,0,0,0,0,0,0,0,0,0,0,0,0,0,0,0,0,0,0,0,0,0,15,2022,15
danielekuale_ne_2022_15,ne_2022_15,danielekuale_ne_2022,ne_2022,danielekuale,48874,di,ne,1,0,0,19,0,0,0,0,0,0,0,0,0,0,0,0,0,0,0,0,0,0,0,0,0,0,0,0,0,0,15,2022,15
poonaford_sea_2022_15,sea_2022_15,poonaford_sea_2022,sea_2022,poonaford,48875,di,sea,1,0,0,29,0,0,0,0,0,0,0,0,0,0,0,0,0,0,0,0,0,0,0,0,0,0,0,0,0,0,15,2022,15
henrymondeaux_nyg_2022_15,nyg_2022_15,henrymondeaux_nyg_2022,nyg_2022,henrymondeaux,48889,di,nyg,1,0,0,21,0,0,0,0,0,0,0,0,0,0,0,0,0,0,0,0,0,0,0,0,0,0,0,0,0,0,15,2022,15
taylorstallworth_hou_2022_15,hou_2022_15,taylorstallworth_hou_2022,hou_2022,taylorstallworth,48935,di,hou,1,0,0,13,0,0,0,0,0,0,0,0,0,0,0,0,0,0,0,0,0,0,0,0,0,0,0,0,0,0,15,2022,15
vitavea_tb_2022_15,tb_2022_15,vitavea_tb_2022,tb_2022,vitavea,48956,di,tb,1,0,0,30,0,0,0,0,0,0,0,0,0,0,0,0,0,0,0,0,0,0,0,0,0,0,0,0,0,0,15,2022,15
timsettle_buf_2022_15,buf_2022_15,timsettle_buf_2022,buf_2022,timsettle,48966,di,buf,1,0,0,4,0,0,0,0,0,0,0,0,0,0,0,0,0,0,0,0,0,0,0,0,0,0,0,0,0,0,15,2022,15
kevinstrongjr_ten_2022_15,ten_2022_15,kevinstrongjr_ten_2022,ten_2022,kevinstrongjr,48981,di,ten,1,0,0,31,0,0,0,0,0,0,0,0,0,0,0,0,0,0,0,0,0,0,0,0,0,0,0,0,0,0,15,2022,15
justinreid_kc_2022_15,kc_2022_15,justinreid_kc_2022,kc_2022,justinreid,49048,s,kc,1,0,0,16,0,0,0,0,0,0,0,0,0,0,0,0,0,0,0,0,0,0,0,0,0,0,0,0,0,0,15,2022,15
myleshartsfield_car_2022_15,car_2022_15,myleshartsfield_car_2022,car_2022,myleshartsfield,49159,s,car,1,0,0,5,0,0,0,0,0,0,0,0,0,0,0,0,0,0,0,0,0,0,0,0,0,0,0,0,0,0,15,2022,15
jessiebatesiii_cin_2022_15,cin_2022_15,jessiebatesiii_cin_2022,cin_2022,jessiebatesiii,49162,s,cin,1,0,0,7,0,0,0,0,0,0,0,0,0,0,0,0,0,0,0,0,0,0,0,0,0,0,0,0,0,0,15,2022,15
elijahcampbell_mia_2022_15,mia_2022_15,elijahcampbell_mia_2022,mia_2022,elijahcampbell,49190,s,mia,1,0,0,17,0,0,0,0,0,0,0,0,0,0,0,0,0,0,0,0,0,0,0,0,0,0,0,0,0,0,15,2022,15
jordanwhitehead_nyj_2022_15,nyj_2022_15,jordanwhitehead_nyj_2022,nyj_2022,jordanwhitehead,49196,s,nyj,1,0,0,22,0,0,0,0,0,0,0,0,0,0,0,0,0,0,0,0,0,0,0,0,0,0,0,0,0,0,15,2022,15
andrewwingard_jax_2022_15,jax_2022_15,andrewwingard_jax_2022,jax_2022,andrewwingard,49268,s,jax,1,0,0,15,0,0,0,0,0,0,0,0,0,0,0,0,0,0,0,0,0,0,0,0,0,0,0,0,0,0,15,2022,15
donovanwilson_dal_2022_15,dal_2022_15,donovanwilson_dal_2022,dal_2022,donovanwilson,49408,s,dal,1,0,0,9,0,0,0,0,0,0,0,0,0,0,0,0,0,0,0,0,0,0,0,0,0,0,0,0,0,0,15,2022,15
breidenfehoko_lac_2022_15,lac_2022_15,breidenfehoko_lac_2022,lac_2022,breidenfehoko,49589,di,lac,1,0,0,27,0,0,0,0,0,0,0,0,0,0,0,0,0,0,0,0,0,0,0,0,0,0,0,0,0,0,15,2022,15
genardavery_tb_2022_15,tb_2022_15,genardavery_tb_2022,tb_2022,genardavery,49699,ed,tb,1,0,0,30,0,0,0,0,0,0,0,0,0,0,0,0,0,0,0,0,0,0,0,0,0,0,0,0,0,0,15,2022,15
azeezalshaair_sf_2022_15,sf_2022_15,azeezalshaair_sf_2022,sf_2022,azeezalshaair,49792,lb,sf,1,0,0,28,0,0,0,0,0,0,0,0,0,0,0,0,0,0,0,0,0,0,0,0,0,0,0,0,0,0,15,2022,15
bjhill_cin_2022_15,cin_2022_15,bjhill_cin_2022,cin_2022,bjhill,49894,di,cin,1,1,0,7,0,0,0,0,0,0,0,0,0,0,0,0,0,0,0,0,0,0,0,0,0,0,0,0,0,0,15,2022,15
jerrytillery_lv_2022_15,lv_2022_15,jerrytillery_lv_2022,lv_2022,jerrytillery,49949,di,lv,1,0,0,23,0,0,0,0,0,0,0,0,0,0,0,0,0,0,0,0,0,0,0,0,0,0,0,0,0,0,15,2022,15
derricknnadi_kc_2022_15,kc_2022_15,derricknnadi_kc_2022,kc_2022,derricknnadi,49970,di,kc,1,0,0,16,0,0,0,0,0,0,0,0,0,0,0,0,0,0,0,0,0,0,0,0,0,0,0,0,0,0,15,2022,15
broderickwashingtonjr_bal_2022_15,bal_2022_15,broderickwashingtonjr_bal_2022,bal_2022,broderickwashingtonjr,50049,di,bal,1,1,0,3,0,0,0,0,0,0,0,0,0,0,0,0,0,0,0,0,0,0,0,0,0,0,0,0,0,0,15,2022,15
uchennanwosu_sea_2022_15,sea_2022_15,uchennanwosu_sea_2022,sea_2022,uchennanwosu,50084,ed,sea,1,0,0,29,0,0,0,0,0,0,0,0,0,0,0,0,0,0,0,0,0,0,0,0,0,0,0,0,0,0,15,2022,15
johnfranklinmyers_nyj_2022_15,nyj_2022_15,johnfranklinmyers_nyj_2022,nyj_2022,johnfranklinmyers,50088,ed,nyj,1,0,0,22,0,0,0,0,0,0,0,0,0,0,0,0,0,0,0,0,0,0,0,0,0,0,0,0,0,0,15,2022,15
joshsweat_phi_2022_15,phi_2022_15,joshsweat_phi_2022,phi_2022,joshsweat,50120,ed,phi,1,0,0,24,0,0,0,0,0,0,0,0,0,0,0,0,0,0,0,0,0,0,0,0,0,0,0,0,0,0,15,2022,15
ogbonniaokoronkwo_hou_2022_15,hou_2022_15,ogbonniaokoronkwo_hou_2022,hou_2022,ogbonniaokoronkwo,50130,ed,hou,1,0,0,13,0,0,0,0,0,0,0,0,0,0,0,0,0,0,0,0,0,0,0,0,0,0,0,0,0,0,15,2022,15
ardenkey_jax_2022_15,jax_2022_15,ardenkey_jax_2022,jax_2022,ardenkey,50201,ed,jax,1,0,0,15,0,0,0,0,0,0,0,0,0,0,0,0,0,0,0,0,0,0,0,0,0,0,0,0,0,0,15,2022,15
joshallen_jax_2022_15,jax_2022_15,joshallen_jax_2022,jax_2022,joshallen,50235,ed,jax,1,0,0,15,0,0,0,0,0,0,0,0,0,0,0,0,0,0,0,0,0,0,0,0,0,0,0,0,0,0,15,2022,15
marquishaynes_car_2022_15,car_2022_15,marquishaynes_car_2022,car_2022,marquishaynes,50244,ed,car,1,0,0,5,0,0,0,0,0,0,0,0,0,0,0,0,0,0,0,0,0,0,0,0,0,0,0,0,0,0,15,2022,15
christianwilkins_mia_2022_15,mia_2022_15,christianwilkins_mia_2022,mia_2022,christianwilkins,50293,di,mia,1,0,0,17,0,0,0,0,0,0,0,0,0,0,0,0,0,0,0,0,0,0,0,0,0,0,0,0,0,0,15,2022,15
juanthornhill_kc_2022_15,kc_2022_15,juanthornhill_kc_2022,kc_2022,juanthornhill,50426,s,kc,1,0,0,16,0,0,0,0,0,0,0,0,0,0,0,0,0,0,0,0,0,0,0,0,0,0,0,0,0,0,15,2022,15
charlesomenihu_sf_2022_15,sf_2022_15,charlesomenihu_sf_2022,sf_2022,charlesomenihu,50612,ed,sf,1,0,0,28,0,0,0,0,0,0,0,0,0,0,0,0,0,0,0,0,0,0,0,0,0,0,0,0,0,0,15,2022,15
joseyjewell_den_2022_15,den_2022_15,joseyjewell_den_2022,den_2022,joseyjewell,50720,lb,den,1,0,0,10,0,0,0,0,0,0,0,0,0,0,0,0,0,0,0,0,0,0,0,0,0,0,0,0,0,0,15,2022,15
roquansmith_bal_2022_15,bal_2022_15,roquansmith_bal_2022,bal_2022,roquansmith,50892,lb,bal,1,0,0,3,0,0,0,0,0,0,0,0,0,0,0,0,0,0,0,0,0,0,0,0,0,0,0,0,0,0,15,2022,15
tremaineedmunds_buf_2022_15,buf_2022_15,tremaineedmunds_buf_2022,buf_2022,tremaineedmunds,50905,lb,buf,1,0,0,4,0,0,0,0,0,0,0,0,0,0,0,0,0,0,0,0,0,0,0,0,0,0,0,0,0,0,15,2022,15
robertspillane_pit_2022_15,pit_2022_15,robertspillane_pit_2022,pit_2022,robertspillane,50918,lb,pit,1,0,0,25,0,0,0,0,0,0,0,0,0,0,0,0,0,0,0,0,0,0,0,0,0,0,0,0,0,0,15,2022,15
jawhaunbentley_ne_2022_15,ne_2022_15,jawhaunbentley_ne_2022,ne_2022,jawhaunbentley,50966,lb,ne,1,0,0,19,0,0,0,0,0,0,0,0,0,0,0,0,0,0,0,0,0,0,0,0,0,0,0,0,0,0,15,2022,15
frankieluvu_car_2022_15,car_2022_15,frankieluvu_car_2022,car_2022,frankieluvu,51028,lb,car,1,1,0,5,0,0,0,0,0,0,0,0,0,0,0,0,0,0,0,0,0,0,0,0,0,0,0,0,0,0,15,2022,15
jahlanitavai_ne_2022_15,ne_2022_15,jahlanitavai_ne_2022,ne_2022,jahlanitavai,51055,lb,ne,1,0,0,19,0,0,0,0,0,0,0,0,0,0,0,0,0,0,0,0,0,0,0,0,0,0,0,0,0,0,15,2022,15
julianlove_nyg_2022_15,nyg_2022_15,julianlove_nyg_2022,nyg_2022,julianlove,51081,s,nyg,1,0,0,21,0,0,0,0,0,0,0,0,0,0,0,0,0,0,0,0,0,0,0,0,0,0,0,0,0,0,15,2022,15
benniemann_ari_2022_15,ari_2022_15,benniemann_ari_2022,ari_2022,benniemann,51099,lb,ari,1,0,0,1,0,0,0,0,0,0,0,0,0,0,0,0,0,0,0,0,0,0,0,0,0,0,0,0,0,0,15,2022,15
minkahfitzpatrick_pit_2022_15,pit_2022_15,minkahfitzpatrick_pit_2022,pit_2022,minkahfitzpatrick,51206,s,pit,1,0,0,25,0,0,0,0,0,0,0,0,0,0,0,0,0,0,0,0,0,0,0,0,0,0,0,0,0,0,15,2022,15
fredwarner_sf_2022_15,sf_2022_15,fredwarner_sf_2022,sf_2022,fredwarner,51222,lb,sf,1,0,0,28,0,0,0,0,0,0,0,0,0,0,0,0,0,0,0,0,0,0,0,0,0,0,0,0,0,0,15,2022,15
druetranquill_lac_2022_15,lac_2022_15,druetranquill_lac_2022,lac_2022,druetranquill,51276,lb,lac,1,0,0,27,0,0,0,0,0,0,0,0,0,0,0,0,0,0,0,0,0,0,0,0,0,0,0,0,0,0,15,2022,15
terrelledmunds_pit_2022_15,pit_2022_15,terrelledmunds_pit_2022,pit_2022,terrelledmunds,51334,s,pit,1,0,0,25,0,0,0,0,0,0,0,0,0,0,0,0,0,0,0,0,0,0,0,0,0,0,0,0,0,0,15,2022,15
amanihooker_ten_2022_15,ten_2022_15,amanihooker_ten_2022,ten_2022,amanihooker,51378,s,ten,1,0,0,31,0,0,0,0,0,0,0,0,0,0,0,0,0,0,0,0,0,0,0,0,0,0,0,0,0,0,15,2022,15
dregreenlaw_sf_2022_15,sf_2022_15,dregreenlaw_sf_2022,sf_2022,dregreenlaw,51503,lb,sf,1,0,0,28,0,0,0,0,0,0,0,0,0,0,0,0,0,0,0,0,0,0,0,0,0,0,0,0,0,0,15,2022,15
khyiristonga_min_2022_15,min_2022_15,khyiristonga_min_2022,min_2022,khyiristonga,52000,di,min,1,0,0,18,0,0,0,0,0,0,0,0,0,0,0,0,0,0,0,0,0,0,0,0,0,0,0,0,0,0,15,2022,15
cjbrewer_buf_2022_15,buf_2022_15,cjbrewer_buf_2022,buf_2022,cjbrewer,54409,di,buf,1,0,0,4,0,0,0,0,0,0,0,0,0,0,0,0,0,0,0,0,0,0,0,0,0,0,0,0,0,0,15,2022,15
boyemafe_sea_2022_15,sea_2022_15,boyemafe_sea_2022,sea_2022,boyemafe,55220,ed,sea,1,0,0,29,0,0,0,0,0,0,0,0,0,0,0,0,0,0,0,0,0,0,0,0,0,0,0,0,0,0,15,2022,15
eseziotomewo_min_2022_15,min_2022_15,eseziotomewo_min_2022,min_2022,eseziotomewo,55221,di,min,1,0,0,18,0,0,0,0,0,0,0,0,0,0,0,0,0,0,0,0,0,0,0,0,0,0,0,0,0,0,15,2022,15
bryancook_kc_2022_15,kc_2022_15,bryancook_kc_2022,kc_2022,bryancook,55940,s,kc,1,0,0,16,0,0,0,0,0,0,0,0,0,0,0,0,0,0,0,0,0,0,0,0,0,0,0,0,0,0,15,2022,15
reedblankenship_phi_2022_15,phi_2022_15,reedblankenship_phi_2022,phi_2022,reedblankenship,56065,s,phi,1,0,0,24,0,0,0,0,0,0,0,0,0,0,0,0,0,0,0,0,0,0,0,0,0,0,0,0,0,0,15,2022,15
jasonpinnock_nyg_2022_15,nyg_2022_15,jasonpinnock_nyg_2022,nyg_2022,jasonpinnock,56144,s,nyg,1,0,0,21,0,0,0,0,0,0,0,0,0,0,0,0,0,0,0,0,0,0,0,0,0,0,0,0,0,0,15,2022,15
chrisrumphii_lac_2022_15,lac_2022_15,chrisrumphii_lac_2022,lac_2022,chrisrumphii,56345,ed,lac,1,0,0,27,0,0,0,0,0,0,0,0,0,0,0,0,0,0,0,0,0,0,0,0,0,0,0,0,0,0,15,2022,15
victordimukeje_ari_2022_15,ari_2022_15,victordimukeje_ari_2022,ari_2022,victordimukeje,56347,ed,ari,1,0,0,1,0,0,0,0,0,0,0,0,0,0,0,0,0,0,0,0,0,0,0,0,0,0,0,0,0,0,15,2022,15
zacharycarter_cin_2022_15,cin_2022_15,zacharycarter_cin_2022,cin_2022,zacharycarter,56349,di,cin,1,0,0,7,0,0,0,0,0,0,0,0,0,0,0,0,0,0,0,0,0,0,0,0,0,0,0,0,0,0,15,2022,15
ajepenesa_buf_2022_15,buf_2022_15,ajepenesa_buf_2022,buf_2022,ajepenesa,56369,ed,buf,1,1,0,4,0,0,0,0,0,0,0,0,0,0,0,0,0,0,0,0,0,0,0,0,0,0,0,0,0,0,15,2022,15
neilfarrelljr_lv_2022_15,lv_2022_15,neilfarrelljr_lv_2022,lv_2022,neilfarrelljr,56401,di,lv,1,0,0,23,0,0,0,0,0,0,0,0,0,0,0,0,0,0,0,0,0,0,0,0,0,0,0,0,0,0,15,2022,15
ryderanderson_nyg_2022_15,nyg_2022_15,ryderanderson_nyg_2022,nyg_2022,ryderanderson,56409,di,nyg,1,0,0,21,0,0,0,0,0,0,0,0,0,0,0,0,0,0,0,0,0,0,0,0,0,0,0,0,0,0,15,2022,15
yeturgrossmatos_car_2022_15,car_2022_15,yeturgrossmatos_car_2022,car_2022,yeturgrossmatos,56444,ed,car,1,0,0,5,0,0,0,0,0,0,0,0,0,0,0,0,0,0,0,0,0,0,0,0,0,0,0,0,0,0,15,2022,15
patrickjohnson_phi_2022_15,phi_2022_15,patrickjohnson_phi_2022,phi_2022,patrickjohnson,56460,ed,phi,1,0,0,24,0,0,0,0,0,0,0,0,0,0,0,0,0,0,0,0,0,0,0,0,0,0,0,0,0,0,15,2022,15
cameronsample_cin_2022_15,cin_2022_15,cameronsample_cin_2022,cin_2022,cameronsample,56462,ed,cin,1,0,0,7,0,0,0,0,0,0,0,0,0,0,0,0,0,0,0,0,0,0,0,0,0,0,0,0,0,0,15,2022,15
matthenningsen_den_2022_15,den_2022_15,matthenningsen_den_2022,den_2022,matthenningsen,56484,di,den,1,0,0,10,0,0,0,0,0,0,0,0,0,0,0,0,0,0,0,0,0,0,0,0,0,0,0,0,0,0,15,2022,15
isaiahbuggs_det_2022_15,det_2022_15,isaiahbuggs_det_2022,det_2022,isaiahbuggs,56503,di,det,1,0,0,11,0,0,0,0,0,0,0,0,0,0,0,0,0,0,0,0,0,0,0,0,0,0,0,0,0,0,15,2022,15
quintonbohanna_dal_2022_15,dal_2022_15,quintonbohanna_dal_2022,dal_2022,quintonbohanna,56673,di,dal,1,0,0,9,0,0,0,0,0,0,0,0,0,0,0,0,0,0,0,0,0,0,0,0,0,0,0,0,0,0,15,2022,15
miltonwilliams_phi_2022_15,phi_2022_15,miltonwilliams_phi_2022,phi_2022,miltonwilliams,56682,di,phi,1,0,0,24,0,0,0,0,0,0,0,0,0,0,0,0,0,0,0,0,0,0,0,0,0,0,0,0,0,0,15,2022,15
jordanelliott_cle_2022_15,cle_2022_15,jordanelliott_cle_2022,cle_2022,jordanelliott,56734,di,cle,1,0,0,8,0,0,0,0,0,0,0,0,0,0,0,0,0,0,0,0,0,0,0,0,0,0,0,0,0,0,15,2022,15
isaiahthomas_cle_2022_15,cle_2022_15,isaiahthomas_cle_2022,cle_2022,isaiahthomas,56798,ed,cle,1,0,0,8,0,0,0,0,0,0,0,0,0,0,0,0,0,0,0,0,0,0,0,0,0,0,0,0,0,0,15,2022,15
jaelanphillips_mia_2022_15,mia_2022_15,jaelanphillips_mia_2022,mia_2022,jaelanphillips,56902,ed,mia,1,0,0,17,0,0,0,0,0,0,0,0,0,0,0,0,0,0,0,0,0,0,0,0,0,0,0,0,0,0,15,2022,15
jameslynch_min_2022_15,min_2022_15,jameslynch_min_2022,min_2022,jameslynch,56962,di,min,1,0,0,18,0,0,0,0,0,0,0,0,0,0,0,0,0,0,0,0,0,0,0,0,0,0,0,0,0,0,15,2022,15
tonyfieldsii_cle_2022_15,cle_2022_15,tonyfieldsii_cle_2022,cle_2022,tonyfieldsii,57698,lb,cle,1,0,0,8,0,0,0,0,0,0,0,0,0,0,0,0,0,0,0,0,0,0,0,0,0,0,0,0,0,0,15,2022,15
jameshoustoniv_det_2022_15,det_2022_15,jameshoustoniv_det_2022,det_2022,jameshoustoniv,57810,ed,det,1,0,0,11,0,0,0,0,0,0,0,0,0,0,0,0,0,0,0,0,0,0,0,0,0,0,0,0,0,0,15,2022,15
montyrice_ten_2022_15,ten_2022_15,montyrice_ten_2022,ten_2022,montyrice,57839,lb,ten,1,0,0,31,0,0,0,0,0,0,0,0,0,0,0,0,0,0,0,0,0,0,0,0,0,0,0,0,0,0,15,2022,15
joshpaschal_det_2022_15,det_2022_15,joshpaschal_det_2022,det_2022,joshpaschal,57908,ed,det,1,0,0,11,0,0,0,0,0,0,0,0,0,0,0,0,0,0,0,0,0,0,0,0,0,0,0,0,0,0,15,2022,15
patrickqueen_bal_2022_15,bal_2022_15,patrickqueen_bal_2022,bal_2022,patrickqueen,57941,lb,bal,1,0,0,3,0,0,0,0,0,0,0,0,0,0,0,0,0,0,0,0,0,0,0,0,0,0,0,0,0,0,15,2022,15
klavonchaisson_jax_2022_15,jax_2022_15,klavonchaisson_jax_2022,jax_2022,klavonchaisson,57945,ed,jax,1,0,0,15,0,0,0,0,0,0,0,0,0,0,0,0,0,0,0,0,0,0,0,0,0,0,0,0,0,0,15,2022,15
williegayjr_kc_2022_15,kc_2022_15,williegayjr_kc_2022,kc_2022,williegayjr,57987,lb,kc,1,0,0,16,0,0,0,0,0,0,0,0,0,0,0,0,0,0,0,0,0,0,0,0,0,0,0,0,0,0,15,2022,15
baronbrowning_den_2022_15,den_2022_15,baronbrowning_den_2022,den_2022,baronbrowning,58095,ed,den,1,0,0,10,0,0,0,0,0,0,0,0,0,0,0,0,0,0,0,0,0,0,0,0,0,0,0,0,0,0,15,2022,15
kennethmurray_lac_2022_15,lac_2022_15,kennethmurray_lac_2022,lac_2022,kennethmurray,58099,lb,lac,1,0,0,27,0,0,0,0,0,0,0,0,0,0,0,0,0,0,0,0,0,0,0,0,0,0,0,0,0,0,15,2022,15
devinlloyd_jax_2022_15,jax_2022_15,devinlloyd_jax_2022,jax_2022,devinlloyd,58238,lb,jax,1,0,0,15,0,0,0,0,0,0,0,0,0,0,0,0,0,0,0,0,0,0,0,0,0,0,0,0,0,0,15,2022,15
joetryonshoyinka_tb_2022_15,tb_2022_15,joetryonshoyinka_tb_2022,tb_2022,joetryonshoyinka,58272,ed,tb,1,0,0,30,0,0,0,0,0,0,0,0,0,0,0,0,0,0,0,0,0,0,0,0,0,0,0,0,0,0,15,2022,15
malcolmrodriguez_det_2022_15,det_2022_15,malcolmrodriguez_det_2022,det_2022,malcolmrodriguez,60731,lb,det,1,0,0,11,0,0,0,0,0,0,0,0,0,0,0,0,0,0,0,0,0,0,0,0,0,0,0,0,0,0,15,2022,15
isaiahpolamao_lv_2022_15,lv_2022_15,isaiahpolamao_lv_2022,lv_2022,isaiahpolamao,60781,s,lv,1,0,0,23,0,0,0,0,0,0,0,0,0,0,0,0,0,0,0,0,0,0,0,0,0,0,0,0,0,0,15,2022,15
matthewbutler_lv_2022_15,lv_2022_15,matthewbutler_lv_2022,lv_2022,matthewbutler,62931,di,lv,1,0,0,23,0,0,0,0,0,0,0,0,0,0,0,0,0,0,0,0,0,0,0,0,0,0,0,0,0,0,15,2022,15
zachsieler_mia_2022_15,mia_2022_15,zachsieler_mia_2022,mia_2022,zachsieler,66917,di,mia,1,0,0,17,0,0,0,0,0,0,0,0,0,0,0,0,0,0,0,0,0,0,0,0,0,0,0,0,0,0,15,2022,15
drakejackson_sf_2022_15,sf_2022_15,drakejackson_sf_2022,sf_2022,drakejackson,70839,ed,sf,1,1,0,28,0,0,0,0,0,0,0,0,0,0,0,0,0,0,0,0,0,0,0,0,0,0,0,0,0,0,15,2022,15
myjaisanders_ari_2022_15,ari_2022_15,myjaisanders_ari_2022,ari_2022,myjaisanders,76816,ed,ari,1,0,0,1,0,0,0,0,0,0,0,0,0,0,0,0,0,0,0,0,0,0,0,0,0,0,0,0,0,0,15,2022,15
gregoryrousseau_buf_2022_15,buf_2022_15,gregoryrousseau_buf_2022,buf_2022,gregoryrousseau,76889,ed,buf,1,1,0,4,0,0,0,0,0,0,0,0,0,0,0,0,0,0,0,0,0,0,0,0,0,0,0,0,0,0,15,2022,15
travisjones_bal_2022_15,bal_2022_15,travisjones_bal_2022,bal_2022,travisjones,76914,di,bal,1,0,0,3,0,0,0,0,0,0,0,0,0,0,0,0,0,0,0,0,0,0,0,0,0,0,0,0,0,0,15,2022,15
loganhall_tb_2022_15,tb_2022_15,loganhall_tb_2022,tb_2022,loganhall,76919,di,tb,1,0,0,30,0,0,0,0,0,0,0,0,0,0,0,0,0,0,0,0,0,0,0,0,0,0,0,0,0,0,15,2022,15
alimmcneill_det_2022_15,det_2022_15,alimmcneill_det_2022,det_2022,alimmcneill,76996,di,det,1,0,0,11,0,0,0,0,0,0,0,0,0,0,0,0,0,0,0,0,0,0,0,0,0,0,0,0,0,0,15,2022,15
zavencollins_ari_2022_15,ari_2022_15,zavencollins_ari_2022,ari_2022,zavencollins,77190,lb,ari,1,0,1,1,0,0,0,0,0,0,0,0,0,0,0,0,0,0,0,0,0,0,0,0,0,0,0,0,0,0,15,2022,15
brianasamoah_min_2022_15,min_2022_15,brianasamoah_min_2022,min_2022,brianasamoah,77195,lb,min,1,0,0,18,0,0,0,0,0,0,0,0,0,0,0,0,0,0,0,0,0,0,0,0,0,0,0,0,0,0,15,2022,15
nikbonitto_den_2022_15,den_2022_15,nikbonitto_den_2022,den_2022,nikbonitto,77196,ed,den,1,0,0,10,0,0,0,0,0,0,0,0,0,0,0,0,0,0,0,0,0,0,0,0,0,0,0,0,0,0,15,2022,15
josephossai_cin_2022_15,cin_2022_15,josephossai_cin_2022,cin_2022,josephossai,77205,ed,cin,1,0,0,7,0,0,0,0,0,0,0,0,0,0,0,0,0,0,0,0,0,0,0,0,0,0,0,0,0,0,15,2022,15
damoneclark_dal_2022_15,dal_2022_15,damoneclark_dal_2022,dal_2022,damoneclark,81282,lb,dal,1,0,0,9,0,0,0,0,0,0,0,0,0,0,0,0,0,0,0,0,0,0,0,0,0,0,0,0,0,0,15,2022,15
nickbolton_kc_2022_15,kc_2022_15,nickbolton_kc_2022,kc_2022,nickbolton,81322,lb,kc,1,0,0,16,0,0,0,0,0,0,0,0,0,0,0,0,0,0,0,0,0,0,0,0,0,0,0,0,0,0,15,2022,15
micahparsons_dal_2022_15,dal_2022_15,micahparsons_dal_2022,dal_2022,micahparsons,81360,ed,dal,1,0,0,9,0,0,0,0,0,0,0,0,0,0,0,0,0,0,0,0,0,0,0,0,0,0,0,0,0,0,15,2022,15
ernestjones_lar_2022_15,lar_2022_15,ernestjones_lar_2022,lar_2022,ernestjones,81399,lb,lar,1,0,0,26,0,0,0,0,0,0,0,0,0,0,0,0,0,0,0,0,0,0,0,0,0,0,0,0,0,0,15,2022,15
azeezojulari_nyg_2022_15,nyg_2022_15,azeezojulari_nyg_2022,nyg_2022,azeezojulari,81959,ed,nyg,1,0,0,21,0,0,0,0,0,0,0,0,0,0,0,0,0,0,0,0,0,0,0,0,0,0,0,0,0,0,15,2022,15
odafeoweh_bal_2022_15,bal_2022_15,odafeoweh_bal_2022,bal_2022,odafeoweh,82161,ed,bal,1,0,0,3,0,0,0,0,0,0,0,0,0,0,0,0,0,0,0,0,0,0,0,0,0,0,0,0,0,0,15,2022,15
thomasbooker_hou_2022_15,hou_2022_15,thomasbooker_hou_2022,hou_2022,thomasbooker,82168,di,hou,1,1,0,13,0,0,0,0,0,0,0,0,0,0,0,0,0,0,0,0,0,0,0,0,0,0,0,0,0,0,15,2022,15
teairtart_ten_2022_15,ten_2022_15,teairtart_ten_2022,ten_2022,teairtart,82261,di,ten,1,0,0,31,0,0,0,0,0,0,0,0,0,0,0,0,0,0,0,0,0,0,0,0,0,0,0,0,0,0,15,2022,15
marquanmccall_car_2022_15,car_2022_15,marquanmccall_car_2022,car_2022,marquanmccall,82301,di,car,1,0,0,5,0,0,0,0,0,0,0,0,0,0,0,0,0,0,0,0,0,0,0,0,0,0,0,0,0,0,15,2022,15
aidanhutchinson_det_2022_15,det_2022_15,aidanhutchinson_det_2022,det_2022,aidanhutchinson,82330,ed,det,1,0,0,11,0,0,0,0,0,0,0,0,0,0,0,0,0,0,0,0,0,0,0,0,0,0,0,0,0,0,15,2022,15
cameronthomas_ari_2022_15,ari_2022_15,cameronthomas_ari_2022,ari_2022,cameronthomas,82387,ed,ari,1,0,0,1,0,0,0,0,0,0,0,0,0,0,0,0,0,0,0,0,0,0,0,0,0,0,0,0,0,0,15,2022,15
bobbybrowniii_lar_2022_15,lar_2022_15,bobbybrowniii_lar_2022,lar_2022,bobbybrowniii,82429,di,lar,1,0,0,26,0,0,0,0,0,0,0,0,0,0,0,0,0,0,0,0,0,0,0,0,0,0,0,0,0,0,15,2022,15
veronemckinleyiii_mia_2022_15,mia_2022_15,veronemckinleyiii_mia_2022,mia_2022,veronemckinleyiii,83068,s,mia,1,0,0,17,0,0,0,0,0,0,0,0,0,0,0,0,0,0,0,0,0,0,0,0,0,0,0,0,0,0,15,2022,15
jevonholland_mia_2022_15,mia_2022_15,jevonholland_mia_2022,mia_2022,jevonholland,83873,s,mia,1,0,0,17,0,0,0,0,0,0,0,0,0,0,0,0,0,0,0,0,0,0,0,0,0,0,0,0,0,0,15,2022,15
talanoahufanga_sf_2022_15,sf_2022_15,talanoahufanga_sf_2022,sf_2022,talanoahufanga,83903,s,sf,1,0,0,28,0,0,0,0,0,0,0,0,0,0,0,0,0,0,0,0,0,0,0,0,0,0,0,0,0,0,15,2022,15
johncominsky_det_2022_15,det_2022_15,johncominsky_det_2022,det_2022,johncominsky,88313,ed,det,1,0,0,11,0,0,0,0,0,0,0,0,0,0,0,0,0,0,0,0,0,0,0,0,0,0,0,0,0,0,15,2022,15
kyledugger_ne_2022_15,ne_2022_15,kyledugger_ne_2022,ne_2022,kyledugger,90621,s,ne,1,0,0,19,0,0,0,0,0,0,0,0,0,0,0,0,0,0,0,0,0,0,0,0,0,0,0,0,0,0,15,2022,15
danielhardy_lar_2022_15,lar_2022_15,danielhardy_lar_2022,lar_2022,danielhardy,91336,ed,lar,1,0,0,26,0,0,0,0,0,0,0,0,0,0,0,0,0,0,0,0,0,0,0,0,0,0,0,0,0,0,15,2022,15
jonathanharris_den_2022_15,den_2022_15,jonathanharris_den_2022,den_2022,jonathanharris,94361,di,den,1,0,0,10,0,0,0,0,0,0,0,0,0,0,0,0,0,0,0,0,0,0,0,0,0,0,0,0,0,0,15,2022,15
anthonypittman_det_2022_15,det_2022_15,anthonypittman_det_2022,det_2022,anthonypittman,94372,ed,det,1,0,0,11,0,0,0,0,0,0,0,0,0,0,0,0,0,0,0,0,0,0,0,0,0,0,0,0,0,0,15,2022,15
jordandavis_phi_2022_15,phi_2022_15,jordandavis_phi_2022,phi_2022,jordandavis,94854,di,phi,1,0,0,24,0,0,0,0,0,0,0,0,0,0,0,0,0,0,0,0,0,0,0,0,0,0,0,0,0,0,15,2022,15
alexwright_cle_2022_15,cle_2022_15,alexwright_cle_2022,cle_2022,alexwright,98318,ed,cle,1,0,0,8,0,0,0,0,0,0,0,0,0,0,0,0,0,0,0,0,0,0,0,0,0,0,0,0,0,0,15,2022,15
georgekarlaftis_kc_2022_15,kc_2022_15,georgekarlaftis_kc_2022,kc_2022,georgekarlaftis,98319,ed,kc,1,1,0,16,0,0,0,0,0,0,0,0,0,0,0,0,0,0,0,0,0,0,0,0,0,0,0,0,0,0,15,2022,15
kayvonthibodeaux_nyg_2022_15,nyg_2022_15,kayvonthibodeaux_nyg_2022,nyg_2022,kayvonthibodeaux,98444,ed,nyg,1,0,0,21,0,0,0,0,0,0,0,0,0,0,0,0,0,0,0,0,0,0,0,0,0,0,0,0,0,0,15,2022,15
demarvinleal_pit_2022_15,pit_2022_15,demarvinleal_pit_2022,pit_2022,demarvinleal,98919,ed,pit,1,0,0,25,0,0,0,0,0,0,0,0,0,0,0,0,0,0,0,0,0,0,0,0,0,0,0,0,0,0,15,2022,15
travonwalker_jax_2022_15,jax_2022_15,travonwalker_jax_2022,jax_2022,travonwalker,98940,ed,jax,1,0,0,15,0,0,0,0,0,0,0,0,0,0,0,0,0,0,0,0,0,0,0,0,0,0,0,0,0,0,15,2022,15
jermainejohnsonii_nyj_2022_15,nyj_2022_15,jermainejohnsonii_nyj_2022,nyj_2022,jermainejohnsonii,99015,ed,nyj,1,0,0,22,0,0,0,0,0,0,0,0,0,0,0,0,0,0,0,0,0,0,0,0,0,0,0,0,0,0,15,2022,15
samwilliams_dal_2022_15,dal_2022_15,samwilliams_dal_2022,dal_2022,samwilliams,99106,ed,dal,1,0,0,9,0,0,0,0,0,0,0,0,0,0,0,0,0,0,0,0,0,0,0,0,0,0,0,0,0,0,15,2022,15
amarebarno_car_2022_15,car_2022_15,amarebarno_car_2022,car_2022,amarebarno,99780,ed,car,1,0,0,5,0,0,0,0,0,0,0,0,0,0,0,0,0,0,0,0,0,0,0,0,0,0,0,0,0,0,15,2022,15
christopherhinton_lac_2022_15,lac_2022_15,christopherhinton_lac_2022,lac_2022,christopherhinton,101418,di,lac,1,0,0,27,0,0,0,0,0,0,0,0,0,0,0,0,0,0,0,0,0,0,0,0,0,0,0,0,0,0,15,2022,15
leochenal_kc_2022_15,kc_2022_15,leochenal_kc_2022,kc_2022,leochenal,101463,lb,kc,1,0,0,16,0,0,0,0,0,0,0,0,0,0,0,0,0,0,0,0,0,0,0,0,0,0,0,0,0,0,15,2022,15
kylehamilton_bal_2022_15,bal_2022_15,kylehamilton_bal_2022,bal_2022,kylehamilton,102684,s,bal,1,0,0,3,0,0,0,0,0,0,0,0,0,0,0,0,0,0,0,0,0,0,0,0,0,0,0,0,0,0,15,2022,15
michaelhoecht_lar_2022_15,lar_2022_15,michaelhoecht_lar_2022,lar_2022,michaelhoecht,108840,ed,lar,1,0,0,26,0,0,0,0,0,0,0,0,0,0,0,0,0,0,0,0,0,0,0,0,0,0,0,0,0,0,15,2022,15
perrionwinfrey_cle_2022_15,cle_2022_15,perrionwinfrey_cle_2022,cle_2022,perrionwinfrey,122952,di,cle,1,0,0,8,0,0,0,0,0,0,0,0,0,0,0,0,0,0,0,0,0,0,0,0,0,0,0,0,0,0,15,2022,15
