player,player_id,position,team_name,player_game_count,assists,franchise_id,hits,hurries,lhs_assists,lhs_hits,lhs_hurries,lhs_misses,lhs_pass_rush_percent,lhs_pass_rush_snaps,lhs_pressures,lhs_prp,lhs_sacks,lhs_stops,lhs_tackles,misses,pass_rush_percent,pass_rush_snaps,pass_snaps,pressures,prp,rhs_assists,rhs_hits,rhs_hurries,rhs_misses,rhs_pass_rush_percent,rhs_pass_rush_snaps,rhs_pressures,rhs_prp,rhs_sacks,rhs_stops,rhs_tackles,sacks,stops,tackles
Jaquan Brisker,101665,S,CHI,1,0,6,0,0,0,0,0,0,0.0,0,0,,0,0,0,0,4.0,1,25,1,100.0,0,0,0,0,100.0,1,1,100.0,1,1,0,1,1,0
Jalen Ramsey,10639,CB,LA,1,0,26,0,0,0,0,0,0,0.0,0,0,,0,0,0,0,4.3,1,23,1,100.0,0,0,0,0,100.0,1,1,100.0,1,1,0,1,1,0
Marco Wilson,55592,CB,ARZ,1,0,1,0,1,0,0,1,0,100.0,1,1,50.0,0,0,0,0,2.9,1,35,1,50.0,0,0,0,0,0.0,0,0,,0,0,0,0,0,0
Jonathan Garvin,56703,ED,GB,1,0,12,0,1,0,0,1,0,100.0,1,1,50.0,0,0,0,0,100.0,1,1,1,50.0,0,0,0,0,0.0,0,0,,0,0,0,0,0,0
Jamin Davis,57905,LB,WAS,1,0,32,0,1,0,0,0,0,0.0,0,0,,0,0,0,1,4.2,1,24,1,50.0,0,0,1,1,100.0,1,1,50.0,0,0,0,0,0,0
Nate Landman,57788,LB,ATL,1,0,2,1,0,0,1,0,0,100.0,1,1,50.0,0,0,0,0,33.3,1,3,1,50.0,0,0,0,0,0.0,0,0,,0,0,0,0,0,0
Richie Grant,43196,S,ATL,1,0,2,0,1,0,0,1,0,100.0,1,1,50.0,0,0,0,0,2.4,1,42,1,50.0,0,0,0,0,0.0,0,0,,0,0,0,0,0,0
Byron Murphy Jr.,44027,CB,ARZ,1,0,1,0,1,0,0,0,0,0.0,0,0,,0,0,0,0,2.6,1,38,1,50.0,0,0,1,0,100.0,1,1,50.0,0,0,0,0,0,0
Adrian Amos,9575,S,GB,1,0,12,0,1,0,0,1,0,100.0,1,1,50.0,0,0,0,0,4.8,1,21,1,50.0,0,0,0,0,0.0,0,0,,0,0,0,0,0,0
Trey Flowers,9534,ED,MIA,1,0,17,1,0,0,0,0,0,,0,0,,0,0,0,0,100.0,1,1,1,50.0,0,0,0,0,,0,0,,0,0,0,0,0,0
Elandon Roberts,10848,LB,MIA,1,0,17,0,0,0,0,0,0,66.7,2,1,50.0,1,1,0,0,17.4,4,23,2,50.0,0,0,0,0,33.3,1,0,0.0,0,0,0,2,1,0
Derwin James,51368,S,LAC,1,0,27,0,0,0,0,0,0,50.0,1,0,0.0,0,0,0,0,5.9,2,34,1,50.0,0,0,0,0,50.0,1,1,100.0,1,1,0,1,1,0
Demario Davis,7079,LB,NO,1,0,20,0,1,0,0,0,0,57.1,4,1,25.0,1,1,0,0,16.7,7,42,3,35.7,0,0,1,0,42.9,3,2,50.0,1,1,0,2,2,0
Jordan Hicks,9517,LB,MIN,1,0,18,1,1,0,1,0,0,33.3,1,1,50.0,0,0,0,0,5.7,3,53,2,33.3,0,0,1,0,66.7,2,1,25.0,0,0,0,0,0,0
Rayshawn Jenkins,11868,S,JAX,1,0,15,0,2,0,0,1,0,66.7,2,1,25.0,0,0,0,0,5.3,3,57,2,33.3,0,0,1,0,33.3,1,1,50.0,0,0,0,0,0,0
Kaden Elliss,51485,LB,NO,1,0,20,0,0,0,0,0,0,0.0,0,0,,0,0,0,0,100.0,3,3,1,33.3,0,0,0,0,100.0,3,1,33.3,1,1,0,1,1,0
Kingsley Enagbare,82409,ED,GB,1,0,12,0,0,0,0,0,0,66.7,2,0,0.0,0,0,0,0,100.0,3,3,1,33.3,0,0,0,0,33.3,1,1,100.0,1,1,0,1,1,0
Roquan Smith,50892,LB,CHI,1,0,6,0,0,0,0,0,0,0.0,0,0,,0,0,0,0,12.0,3,25,1,33.3,0,0,0,0,100.0,2,0,0.0,0,0,0,1,1,0
Joshua Williams,156083,CB,KC,1,0,16,0,2,0,0,1,1,66.7,2,1,25.0,0,0,0,1,9.1,3,33,2,33.3,0,0,1,0,33.3,1,1,50.0,0,0,0,0,0,0
Myjai Sanders,76816,ED,ARZ,1,0,1,0,1,0,0,0,0,60.0,3,1,33.3,1,1,0,1,83.3,5,6,2,30.0,0,0,1,1,40.0,2,1,25.0,0,0,0,1,1,0
Chuck Clark,11941,S,BLT,1,0,3,0,3,0,0,1,0,40.0,2,1,25.0,0,0,0,0,15.6,5,32,3,30.0,0,0,2,0,60.0,3,2,33.3,0,0,0,0,0,0
Zaven Collins,77190,LB,ARZ,1,0,1,0,0,0,0,0,0,12.5,1,0,0.0,0,0,0,0,21.1,8,38,2,25.0,0,0,0,0,87.5,7,2,28.6,2,2,0,2,2,0
Dane Belton,101398,S,NYG,1,0,21,0,1,0,0,0,0,100.0,1,0,0.0,0,0,0,0,6.9,2,29,1,25.0,0,0,0,0,0.0,0,0,,0,0,0,0,0,0
Kyle Dugger,90621,S,NE,1,0,19,0,1,0,0,1,0,50.0,1,1,50.0,0,0,0,0,6.1,2,33,1,25.0,0,0,0,0,50.0,1,0,0.0,0,0,0,0,0,0
Drake Jackson,70839,ED,SF,1,0,28,0,0,0,0,0,0,75.0,3,0,0.0,0,0,0,0,100.0,4,4,1,25.0,0,0,0,0,25.0,1,1,100.0,1,1,0,1,1,0
Grant Delpit,60685,S,CLV,1,0,8,0,1,0,0,1,1,100.0,2,1,25.0,0,0,0,1,5.6,2,36,1,25.0,0,0,0,0,0.0,0,0,,0,0,0,0,0,0
Anthony Barr,8644,LB,DAL,1,0,9,0,1,0,0,0,0,50.0,1,0,0.0,0,0,0,0,18.2,2,11,1,25.0,0,0,1,0,50.0,1,1,50.0,0,0,0,0,0,0
Juan Thornhill,50426,S,KC,1,0,16,1,0,0,0,0,0,0.0,0,0,,0,0,0,0,4.4,2,45,1,25.0,0,1,0,0,100.0,2,1,25.0,0,0,0,0,0,0
Ryan Neal,49132,S,SEA,1,0,29,0,0,0,0,0,0,75.0,3,1,33.3,1,1,0,0,8.5,4,47,1,25.0,0,0,0,0,25.0,1,0,0.0,0,0,0,1,1,0
Justin Reid,49048,S,KC,1,0,16,0,2,0,0,0,0,0.0,0,0,,0,0,0,0,8.9,4,45,2,25.0,0,0,2,0,100.0,4,2,25.0,0,0,0,0,0,0
Mack Wilson,43190,LB,NE,1,0,19,0,0,0,0,0,0,33.3,1,0,0.0,0,0,0,1,17.4,4,23,1,25.0,0,0,0,1,66.7,2,1,50.0,1,0,0,1,0,0
Antoine Winfield Jr.,42475,S,TB,1,0,30,0,0,0,0,0,0,25.0,1,0,0.0,0,0,0,0,11.8,4,34,1,25.0,0,0,0,0,75.0,3,1,33.3,1,1,0,1,1,0
Akeem Davis-Gaither,34788,LB,CIN,1,0,7,0,1,0,0,1,0,100.0,2,1,25.0,0,0,0,0,18.2,2,11,1,25.0,0,0,0,0,0.0,0,0,,0,0,0,0,0,0
Drue Tranquill,51276,LB,LAC,1,0,27,1,0,0,0,0,0,54.5,6,0,0.0,0,0,0,0,32.4,11,34,3,22.7,0,1,0,0,45.5,5,3,50.0,2,2,0,2,2,0
Efe Obada,10235,ED,WAS,1,0,32,2,1,0,1,1,1,41.7,5,2,20.0,0,0,0,1,100.0,12,12,4,20.8,0,1,0,0,58.3,7,2,21.4,1,1,0,1,1,0
K'Waun Williams,9332,CB,DEN,1,0,10,0,2,0,0,2,0,80.0,4,2,25.0,0,0,0,0,9.3,5,54,2,20.0,0,0,0,0,20.0,1,0,0.0,0,0,0,0,0,0
Xavier McKinney,55775,S,NYG,1,0,21,0,2,0,0,1,0,40.0,2,1,25.0,0,0,0,0,13.9,5,36,2,20.0,0,0,1,0,60.0,3,1,16.7,0,0,0,0,0,0
Cameron Thomas,82387,ED,ARZ,1,0,1,0,0,0,0,0,0,40.0,2,1,50.0,1,1,0,0,100.0,5,5,1,20.0,0,0,0,0,60.0,3,0,0.0,0,0,0,1,1,0
Dante Fowler Jr.,9436,ED,DAL,1,0,9,0,1,0,0,1,0,37.5,3,1,16.7,0,0,0,0,100.0,8,8,2,18.8,0,0,0,0,62.5,5,1,20.0,1,1,0,1,1,0
Tyquan Lewis,48475,ED,IND,1,0,14,0,4,0,0,3,1,82.4,14,4,17.9,1,1,0,1,100.0,17,17,5,17.6,0,0,1,0,17.6,3,1,16.7,0,0,0,1,1,0
Myles Garrett,11756,ED,CLV,1,0,8,0,6,0,0,4,0,63.3,19,5,15.8,1,1,0,0,100.0,30,30,8,16.7,0,0,2,0,36.7,11,3,18.2,1,1,0,2,2,0
Geno Stone,55967,S,BLT,1,0,3,0,1,0,0,1,0,66.7,2,1,25.0,0,0,0,0,10.7,3,28,1,16.7,0,0,0,0,33.3,1,0,0.0,0,0,0,0,0,0
Dre Greenlaw,51503,LB,SF,1,0,28,0,1,0,0,0,0,66.7,2,0,0.0,0,0,0,0,17.6,3,17,1,16.7,0,0,1,0,33.3,1,1,50.0,0,0,0,0,0,0
Jaelan Phillips,56902,ED,MIA,1,0,17,2,3,0,0,2,0,52.4,11,2,9.1,0,0,0,0,87.5,21,24,6,16.7,0,2,1,0,47.6,10,4,25.0,1,1,0,1,1,0
Patrick Queen,57941,LB,BLT,1,0,3,0,1,0,0,0,0,60.0,3,1,33.3,1,1,0,0,33.3,9,27,2,16.7,0,0,0,0,40.0,2,0,0.0,0,0,0,1,1,0
Tae Crowder,35774,LB,NYG,1,0,21,0,2,0,0,0,0,33.3,2,0,0.0,0,0,0,0,23.1,6,26,2,16.7,0,0,2,0,66.7,4,2,25.0,0,0,0,0,0,0
Pete Werner,58093,LB,NO,1,0,20,0,1,0,0,1,1,66.7,2,1,25.0,0,0,0,1,7.7,3,39,1,16.7,0,0,0,0,33.3,1,0,0.0,0,0,0,0,0,0
Von Miller,6154,ED,BUF,1,0,4,0,7,0,0,3,0,44.4,16,5,21.9,2,2,0,0,100.0,36,36,9,15.3,0,0,4,0,55.6,20,4,10.0,0,1,1,2,3,1
Za'Darius Smith,9555,ED,MIN,1,0,18,2,7,0,0,1,0,27.9,12,1,4.2,0,0,0,0,97.7,43,44,11,15.1,0,2,6,0,72.1,31,10,19.4,2,2,1,2,2,1
Carl Nassib,10699,ED,TB,1,0,30,0,1,0,0,1,0,80.0,8,2,18.8,1,1,0,0,100.0,10,10,2,15.0,0,0,0,0,20.0,2,0,0.0,0,0,0,1,1,0
Cole Holcomb,49753,LB,WAS,1,0,32,0,2,0,0,1,0,42.9,3,1,16.7,0,0,0,1,16.7,7,42,2,14.3,0,0,1,1,57.1,4,1,12.5,0,0,0,0,0,0
Montez Sweat,27271,ED,WAS,1,0,32,3,4,0,0,0,0,6.3,2,0,0.0,0,0,0,1,100.0,32,32,8,14.1,0,3,4,1,93.8,30,8,15.0,1,1,0,1,1,0
Quinnen Williams,44216,DI,NYJ,1,0,22,1,4,0,1,2,0,31.3,10,3,15.0,0,0,0,0,100.0,34,34,7,13.2,0,0,2,0,68.8,22,3,9.1,1,1,0,2,2,0
Budda Baker,11791,S,ARZ,1,0,1,1,0,0,0,0,0,50.0,2,0,0.0,0,0,0,0,10.5,4,38,1,12.5,0,1,0,0,50.0,2,1,25.0,0,0,0,0,0,0
Marcus Davenport,50291,ED,NO,1,0,20,1,4,0,0,0,0,0.0,0,0,,0,0,0,0,87.0,20,23,5,12.5,0,1,4,0,100.0,20,5,12.5,0,0,0,0,0,0
Ryder Anderson,56409,DI,NYG,1,0,21,0,1,0,0,0,0,0.0,0,0,,0,0,0,0,100.0,4,4,1,12.5,0,0,1,0,100.0,4,1,12.5,0,0,0,0,0,0
Matt Milano,11918,LB,BUF,1,0,4,1,0,0,0,0,0,25.0,1,0,0.0,0,0,0,0,8.7,4,46,1,12.5,0,1,0,0,75.0,3,1,16.7,0,0,0,0,0,0
Sam Williams,99106,ED,DAL,1,0,9,0,1,0,0,0,0,0.0,0,0,,0,0,0,0,80.0,4,5,1,12.5,0,0,1,0,100.0,4,1,12.5,0,0,0,0,0,0
Xavier Woods,11946,S,CAR,1,0,5,0,1,0,0,0,0,0.0,0,0,,0,0,0,0,11.8,4,34,1,12.5,0,0,1,0,100.0,4,1,12.5,0,0,0,0,0,0
Chris Harris Jr.,6457,CB,NO,1,0,20,0,1,0,0,1,0,25.0,1,1,50.0,0,0,0,0,9.5,4,42,1,12.5,0,0,0,0,75.0,3,0,0.0,0,0,0,0,0,0
Dorance Armstrong,48557,ED,DAL,1,0,9,0,2,0,0,0,0,0.0,0,0,,0,0,0,0,100.0,16,16,3,12.5,0,0,2,0,100.0,16,3,12.5,1,1,0,1,1,0
A.J. Epenesa,56369,ED,BUF,1,0,4,1,3,0,0,1,0,5.9,1,1,50.0,0,0,0,1,100.0,17,17,4,11.8,0,1,2,1,94.1,16,3,9.4,0,0,0,0,0,0
Alex Singleton,9994,LB,DEN,1,0,10,1,2,0,0,0,0,16.7,2,0,0.0,0,0,0,0,21.3,13,61,3,11.5,0,1,2,0,83.3,10,3,15.0,0,0,0,0,0,0
Jonathan Allen,11772,DI,WAS,1,0,32,0,6,0,0,1,0,8.6,3,1,16.7,0,0,0,1,100.0,35,35,7,11.4,0,0,5,1,91.4,32,6,10.9,1,2,1,1,2,1
Deatrich Wise Jr.,11886,ED,NE,1,0,19,1,5,0,0,1,0,16.7,6,1,8.3,0,0,0,0,94.7,36,38,7,11.1,0,1,4,0,83.3,30,6,11.7,1,1,0,1,1,0
Boogie Basham,44320,ED,BUF,1,0,4,1,1,0,1,0,0,55.6,5,1,10.0,0,0,0,0,100.0,9,9,2,11.1,0,0,1,0,44.4,4,1,12.5,0,0,0,0,0,0
Travis Jones,76914,DI,BLT,1,0,3,1,0,0,1,0,0,57.1,8,2,18.8,1,1,0,0,100.0,14,14,2,10.7,0,0,0,0,42.9,6,0,0.0,0,0,0,1,1,0
Markus Golden,9491,ED,ARZ,1,1,1,0,4,0,0,1,0,42.9,12,1,4.2,0,0,0,1,93.3,28,30,5,10.7,1,0,3,1,57.1,16,4,15.6,1,1,0,1,1,0
Patrick Jones II,43974,ED,MIN,1,0,18,0,2,0,0,0,0,51.7,15,0,0.0,0,0,0,0,100.0,29,29,4,10.3,0,0,2,0,48.3,14,4,21.4,2,2,0,2,2,0
Danielle Hunter,9521,ED,MIN,1,0,18,2,5,0,1,1,0,56.8,25,2,4.0,0,0,0,0,91.7,44,48,8,10.2,0,1,4,0,43.2,19,6,18.4,1,1,0,1,1,0
Isaiah Simmons,42451,LB,ARZ,1,0,1,1,0,0,0,0,0,60.0,3,0,0.0,0,0,0,0,17.2,5,29,1,10.0,0,1,0,0,40.0,2,1,25.0,0,0,0,0,0,0
Rashan Gary,42905,ED,GB,1,0,12,0,2,0,0,0,0,20.0,4,0,0.0,0,0,0,0,100.0,20,20,3,10.0,0,0,2,0,80.0,16,3,12.5,1,1,0,1,1,0
Khalen Saunders,31534,DI,KC,1,0,16,1,2,0,0,1,0,58.3,7,1,7.1,0,0,1,0,100.0,15,15,3,10.0,0,1,1,0,41.7,5,2,20.0,0,0,0,0,0,1
Nathan Shepherd,24614,DI,NYJ,1,0,22,1,1,0,0,0,0,0.0,0,0,,0,0,0,0,100.0,10,10,2,10.0,0,1,1,0,100.0,10,2,10.0,0,0,0,0,0,0
Ifeadi Odenigbo,11975,ED,IND,1,0,14,0,0,0,0,0,0,30.0,3,0,0.0,0,0,0,0,100.0,10,10,1,10.0,0,0,0,0,70.0,7,1,14.3,1,1,1,1,1,1
Jordan Phillips,9485,DI,BUF,1,0,4,0,4,0,0,3,1,75.0,15,3,10.0,0,0,0,1,100.0,20,20,4,10.0,0,0,1,0,25.0,5,1,10.0,0,0,0,0,0,0
Matt Henningsen,56484,DI,DEN,1,0,10,0,1,0,0,0,0,46.7,7,1,14.3,1,1,0,0,100.0,15,15,2,10.0,0,0,1,0,53.3,8,1,6.3,0,0,0,1,1,0
Uchenna Nwosu,50084,ED,SEA,1,0,29,0,3,0,0,2,0,72.0,18,2,5.6,0,0,0,0,61.0,25,41,4,10.0,0,0,1,0,28.0,7,2,21.4,1,1,0,1,1,0
Arnold Ebiketie,56862,ED,ATL,1,0,2,2,3,0,1,1,0,30.8,8,2,12.5,0,0,0,0,76.5,26,34,5,9.6,0,1,2,0,69.2,18,3,8.3,0,0,0,0,0,0
Javon Hargrave,10723,DI,PHI,1,0,24,1,4,0,0,0,0,0.0,0,0,,0,0,0,0,100.0,27,27,5,9.3,0,1,4,0,100.0,27,5,9.3,0,0,0,0,0,0
Devin Lloyd,58238,LB,JAX,1,0,15,0,2,0,0,1,0,33.3,3,1,16.7,0,0,0,0,19.0,11,58,2,9.1,0,0,1,0,66.7,6,1,8.3,0,0,1,0,0,1
Robert Quinn,6166,ED,CHI,1,0,6,0,3,0,0,0,0,0.0,0,0,,0,0,0,0,89.5,17,19,3,8.8,0,0,3,0,100.0,17,3,8.8,0,0,0,0,0,0
Demarcus Lawrence,8669,ED,DAL,1,0,9,1,2,0,0,2,1,82.4,14,2,7.1,0,0,0,1,100.0,17,17,3,8.8,0,1,0,0,17.6,3,1,16.7,0,0,0,0,0,0
Jerry Tillery,49949,DI,LAC,1,0,27,0,3,0,0,0,0,37.5,6,0,0.0,0,0,0,1,100.0,17,17,3,8.8,0,0,3,1,62.5,10,3,15.0,0,0,0,0,0,0
Brandon Graham,5538,ED,PHI,1,0,24,1,2,0,0,2,0,56.3,9,2,11.1,0,0,0,0,100.0,17,17,3,8.8,0,1,0,0,43.8,7,1,7.1,0,0,0,0,0,0
Preston Smith,9471,ED,GB,1,0,12,0,3,0,0,3,0,82.4,14,3,10.7,0,1,1,0,94.4,17,18,3,8.8,0,0,0,0,17.6,3,0,0.0,0,0,0,0,1,1
Davon Godchaux,11934,DI,NE,1,0,19,0,2,0,0,0,0,50.0,11,1,9.1,1,1,0,1,95.8,23,24,3,8.7,0,0,2,1,50.0,11,2,9.1,0,0,0,1,1,0
Quinton Jefferson,10781,DI,SEA,1,0,29,0,3,0,0,3,0,79.3,23,4,10.9,1,1,0,0,100.0,29,29,4,8.6,0,0,0,0,20.7,6,0,0.0,0,0,0,1,1,0
Calais Campbell,4364,DI,BLT,1,0,3,1,1,0,1,1,1,75.0,18,3,11.1,1,1,0,1,85.7,24,28,3,8.3,0,0,0,0,25.0,6,0,0.0,0,0,0,1,1,0
Brent Urban,8769,DI,BLT,1,0,3,0,1,0,0,1,0,50.0,3,1,16.7,0,0,0,0,100.0,6,6,1,8.3,0,0,0,0,50.0,3,0,0.0,0,0,0,0,0,0
Shelby Harris,8869,DI,SEA,1,0,29,0,3,0,0,0,0,3.4,1,0,0.0,0,0,0,0,100.0,30,30,4,8.3,0,0,2,0,96.6,28,3,7.1,1,1,0,1,1,0
Dexter Lawrence,25991,DI,NYG,1,0,21,1,3,0,0,0,0,41.2,7,1,14.3,1,1,0,1,100.0,36,36,5,8.3,0,0,0,0,58.8,10,0,0.0,0,0,0,1,1,0
Darius Harris,29188,LB,KC,1,0,16,0,1,0,0,1,0,50.0,3,1,16.7,0,0,0,0,19.4,6,31,1,8.3,0,0,0,0,50.0,3,0,0.0,0,0,0,0,0,0
Bryan Mone,38461,DI,SEA,1,0,29,1,2,0,0,0,0,71.4,5,0,0.0,0,0,0,0,100.0,18,18,3,8.3,0,0,1,0,28.6,2,1,25.0,0,0,0,0,0,0
Casey Toohill,38472,ED,WAS,1,0,32,0,2,0,0,1,0,66.7,8,1,6.3,0,0,0,0,100.0,12,12,2,8.3,0,0,1,0,33.3,4,1,12.5,0,1,1,0,1,1
L'Jarius Sneed,40588,CB,KC,1,0,16,0,1,0,0,1,0,66.7,4,1,12.5,0,0,0,0,13.3,6,45,1,8.3,0,0,0,0,33.3,2,0,0.0,0,0,0,0,0,0
Daron Payne,48698,DI,WAS,1,1,32,1,3,1,0,3,0,86.1,31,4,8.1,1,1,0,0,100.0,36,36,5,8.3,0,1,0,0,13.9,5,1,10.0,0,0,0,1,1,0
Jacob Martin,50152,ED,NYJ,1,0,22,1,0,0,0,0,0,33.3,2,0,0.0,0,0,0,0,100.0,6,6,1,8.3,0,1,0,0,66.7,4,1,12.5,0,0,0,0,0,0
Gregory Rousseau,76889,ED,BUF,1,0,4,0,3,0,0,2,0,72.2,13,2,7.7,0,0,0,0,94.7,18,19,3,8.3,0,0,1,0,27.8,5,1,10.0,0,0,0,0,0,0
Micah Parsons,81360,ED,DAL,1,0,9,0,3,0,0,3,0,83.3,15,3,10.0,0,0,0,0,64.3,18,28,3,8.3,0,0,0,0,16.7,3,0,0.0,0,0,0,0,0,0
John Franklin-Myers,50088,ED,NYJ,1,0,22,1,2,0,1,2,0,93.5,29,3,5.2,0,0,0,0,100.0,31,31,4,8.1,0,0,0,0,6.5,2,1,50.0,1,1,0,1,1,0
Joe Tryon-Shoyinka,58272,ED,TB,1,0,30,0,4,0,0,1,0,4.0,1,1,50.0,0,0,0,0,96.2,25,26,4,8.0,0,0,3,0,96.0,24,3,6.3,0,0,0,0,0,0
Kayvon Thibodeaux,98444,ED,NYG,1,0,21,0,2,0,0,1,0,36.0,9,2,16.7,1,1,0,0,80.6,25,31,3,8.0,0,0,1,0,64.0,16,1,3.1,0,0,0,1,1,0
Sebastian Joseph-Day,49935,DI,LAC,1,0,27,0,3,0,0,2,0,55.6,10,2,10.0,0,0,0,0,100.0,19,19,3,7.9,0,0,1,0,44.4,8,1,6.3,0,0,0,0,0,0
Cameron Heyward,6183,DI,PIT,1,0,25,1,2,0,0,0,0,3.2,1,0,0.0,0,0,0,0,100.0,32,32,4,7.8,0,1,2,0,96.8,30,4,8.3,1,1,0,1,1,0
Jonathon Cooper,43021,ED,DEN,1,0,10,2,0,0,2,0,0,76.9,10,2,10.0,0,0,0,0,81.3,13,16,2,7.7,0,0,0,0,23.1,3,0,0.0,0,0,0,0,0,0
Derrick Brown,43883,DI,CAR,1,0,5,1,3,0,0,2,0,69.2,18,2,5.6,0,0,1,0,100.0,26,26,4,7.7,0,1,1,0,30.8,8,2,12.5,0,0,0,0,0,1
Joseph Ossai,77205,ED,CIN,1,0,7,1,1,0,0,0,0,7.7,1,0,0.0,0,0,0,0,92.9,13,14,2,7.7,0,1,1,0,92.3,12,2,8.3,0,0,0,0,0,0
Haason Reddick,11768,ED,PHI,1,0,24,1,3,0,1,3,0,96.2,25,4,8.0,0,0,0,0,92.9,26,28,4,7.7,0,0,0,0,3.8,1,0,0.0,0,0,0,0,0,0
Al-Quadin Muhammad,11951,ED,CHI,1,0,6,0,0,0,0,0,0,100.0,13,1,7.7,1,1,0,0,92.9,13,14,1,7.7,0,0,0,0,0.0,0,0,,0,0,0,1,1,0
Kevin Givens,28308,DI,SF,1,0,28,0,0,0,0,0,0,30.8,4,1,25.0,1,0,0,0,100.0,13,13,1,7.7,0,0,0,0,69.2,9,0,0.0,0,0,0,1,0,0
B.J. Hill,49894,DI,CIN,1,0,7,1,2,0,1,1,0,83.3,25,3,8.0,1,1,0,0,97.1,34,35,4,7.4,0,0,0,0,16.7,5,0,0.0,0,0,0,1,1,0
Dre'Mont Jones,28075,DI,DEN,1,0,10,1,6,0,1,4,0,56.5,26,5,9.6,0,0,0,0,100.0,47,47,7,7.4,0,0,2,0,43.5,20,2,5.0,0,1,1,0,1,1
Ed Oliver,42200,DI,BUF,1,0,4,2,2,0,1,1,0,38.5,10,2,10.0,0,0,0,0,100.0,27,27,4,7.4,0,1,1,0,61.5,16,2,6.3,0,0,0,0,0,0
Darrell Taylor,36001,ED,SEA,1,0,29,1,1,0,1,0,0,40.7,11,2,13.6,1,2,1,0,90.0,27,30,3,7.4,0,0,1,0,59.3,16,1,3.1,0,0,0,1,2,1
Ta'Quon Graham,56868,DI,ATL,1,0,2,1,3,0,0,2,2,66.7,18,2,5.6,0,0,0,2,100.0,27,27,4,7.4,0,1,1,0,33.3,9,2,11.1,0,0,0,0,0,0
Ja'Whaun Bentley,50966,LB,NE,1,0,19,1,0,0,0,0,0,60.0,3,0,0.0,0,0,0,0,38.9,7,18,1,7.1,0,1,0,0,40.0,2,1,25.0,0,0,0,0,0,0
Charles Omenihu,50612,ED,SF,1,0,28,0,0,0,0,0,0,92.9,13,1,7.7,1,1,0,0,100.0,14,14,1,7.1,0,0,0,0,7.1,1,0,0.0,0,0,0,1,1,0
Foyesade Oluokun,24904,LB,JAX,1,0,15,1,0,0,1,0,0,42.9,3,1,16.7,0,0,0,0,12.1,7,58,1,7.1,0,0,0,0,57.1,4,0,0.0,0,0,0,0,0,0
Jerome Baker,28091,LB,MIA,1,0,17,0,1,0,0,0,0,71.4,5,0,0.0,0,0,0,0,21.2,7,33,1,7.1,0,0,1,0,28.6,2,1,25.0,0,0,0,0,0,0
Rashaan Evans,50213,LB,ATL,1,0,2,0,1,0,0,1,0,50.0,3,1,16.7,0,0,0,0,16.7,7,42,1,7.1,0,0,0,0,50.0,3,0,0.0,0,0,0,0,0,0
Matthew Judon,10780,ED,NE,1,0,19,1,3,0,1,3,0,92.9,26,4,7.7,0,0,0,0,87.5,28,32,4,7.1,0,0,0,0,7.1,2,0,0.0,0,0,0,0,0,0
Grover Stewart,11899,DI,IND,1,0,14,0,0,0,0,0,0,50.0,7,1,14.3,1,1,0,0,100.0,14,14,1,7.1,0,0,0,0,50.0,7,0,0.0,0,0,0,1,1,0
Melvin Ingram III,7024,ED,MIA,1,0,17,0,2,0,0,0,0,14.3,2,0,0.0,0,0,0,0,82.4,14,17,2,7.1,0,0,2,0,85.7,12,2,8.3,0,0,0,0,0,0
Khalil Mack,8640,ED,LAC,1,0,27,0,2,0,0,1,0,44.8,13,1,3.8,0,1,1,0,96.7,29,30,3,6.9,0,0,1,0,55.2,16,2,9.4,1,1,0,1,2,1
Anfernee Jennings,25449,ED,NE,1,0,19,1,1,0,0,0,0,20.7,6,1,16.7,1,1,0,0,93.5,29,31,3,6.9,0,1,1,0,79.3,23,2,4.3,0,0,0,1,1,0
James Smith-Williams,48455,ED,WAS,1,1,32,1,2,1,1,2,1,100.0,22,3,6.8,0,0,0,1,91.7,22,24,3,6.8,0,0,0,0,0.0,0,0,,0,0,0,0,0,0
DaQuan Jones,8747,DI,BUF,1,0,4,1,2,0,0,2,0,59.1,13,2,7.7,0,0,0,0,100.0,22,22,3,6.8,0,1,0,0,40.9,9,1,5.6,0,0,0,0,0,0
Tim Settle,48966,DI,BUF,1,0,4,0,2,0,0,0,0,20.0,3,0,0.0,0,0,0,0,100.0,15,15,2,6.7,0,0,2,0,80.0,12,2,8.3,0,0,0,0,0,0
Shaq Lawson,10653,ED,BUF,1,0,4,0,0,0,0,0,0,86.7,13,1,7.7,1,1,0,0,100.0,15,15,1,6.7,0,0,0,0,13.3,2,0,0.0,0,0,0,1,1,0
Michael Danna,48415,ED,KC,1,0,16,0,2,0,0,1,0,46.7,7,1,7.1,0,0,0,0,100.0,15,15,2,6.7,0,0,1,0,53.3,8,1,6.3,0,0,0,0,0,0
Sheldon Rankins,10646,DI,NYJ,1,0,22,0,2,0,0,2,1,80.8,21,2,4.8,0,0,0,1,100.0,30,30,3,6.7,0,0,0,0,19.2,5,0,0.0,0,0,0,1,1,0
Carlos Dunlap,5579,ED,KC,1,0,16,0,2,0,0,2,0,80.0,12,2,8.3,0,0,0,0,88.2,15,17,2,6.7,0,0,0,0,20.0,3,0,0.0,0,0,0,0,0,0
Mike Purcell,8530,DI,DEN,1,1,10,1,2,1,1,2,0,73.7,14,3,10.7,0,0,0,0,100.0,23,23,3,6.5,0,0,0,0,26.3,5,0,0.0,0,0,0,0,0,0
Raekwon Davis,44582,DI,MIA,1,0,17,0,1,0,0,0,0,50.0,5,1,20.0,1,1,0,0,95.8,23,24,2,6.5,0,0,0,0,50.0,5,0,0.0,0,0,0,1,1,0
Leki Fotu,44614,DI,ARZ,1,0,1,0,1,0,0,0,0,37.5,3,0,0.0,0,0,0,0,100.0,8,8,1,6.3,0,0,1,0,62.5,5,1,10.0,0,0,0,0,0,0
Deangelo Malone,56941,ED,ATL,1,0,2,0,1,0,0,1,0,37.5,3,1,16.7,0,0,0,0,100.0,8,8,1,6.3,0,0,0,0,62.5,5,0,0.0,0,0,0,0,0,0
Otito Ogbonnia,82450,DI,LAC,1,0,27,0,1,0,0,0,0,25.0,2,0,0.0,0,0,0,0,100.0,8,8,1,6.3,0,0,1,0,75.0,6,1,8.3,0,0,0,0,0,0
Isaiah Thomas,56798,ED,CLV,1,0,8,0,1,0,0,0,0,12.5,1,0,0.0,0,0,0,0,100.0,8,8,1,6.3,0,0,1,0,87.5,7,1,7.1,0,0,0,0,0,0
Josh Sweat,50120,ED,PHI,1,0,24,0,3,0,0,0,0,3.8,1,0,0.0,0,0,0,0,100.0,26,26,3,5.8,0,0,3,0,96.2,25,3,6.0,0,0,0,0,0,0
Tommy Togiai,82501,DI,CLV,1,0,8,1,0,0,1,0,0,62.5,5,1,10.0,0,0,0,0,100.0,9,9,1,5.6,0,0,0,0,37.5,3,0,0.0,0,0,0,0,0,0
Marquise Copeland,38540,DI,LA,1,0,26,0,1,0,0,1,0,75.0,3,1,16.7,0,1,1,0,100.0,9,9,1,5.6,0,0,0,0,25.0,1,0,0.0,0,0,0,0,1,1
Chris Jones,10671,DI,KC,1,0,16,0,3,0,0,1,0,48.9,22,2,6.8,1,1,0,0,100.0,45,45,4,5.6,0,0,2,0,51.1,23,2,4.3,0,0,0,1,1,0
Dalvin Tomlinson,11810,DI,MIN,1,0,18,0,3,0,0,0,0,55.6,15,0,0.0,0,0,0,1,100.0,27,27,3,5.6,0,0,3,1,44.4,12,3,12.5,0,0,0,0,0,0
Ross Blacklock,44526,DI,MIN,1,0,18,0,2,0,0,2,0,40.0,6,2,16.7,0,0,0,0,100.0,18,18,2,5.6,0,0,0,0,60.0,9,0,0.0,0,0,0,0,0,0
Baron Browning,58095,ED,DEN,1,0,10,0,2,0,0,2,0,72.2,26,3,7.7,1,2,1,0,76.6,36,47,3,5.6,0,0,0,0,27.8,10,0,0.0,0,0,0,1,2,1
Jonas Griffith,35858,LB,DEN,1,0,10,1,0,0,1,0,0,55.6,5,1,10.0,0,0,0,0,20.0,9,45,1,5.6,0,0,0,0,44.4,4,0,0.0,0,0,0,0,0,0
Kenny Clark,10661,DI,GB,1,0,12,0,2,0,0,2,0,62.5,10,2,10.0,0,0,0,1,100.0,19,19,2,5.3,0,0,0,1,37.5,6,0,0.0,0,0,0,0,0,0
Bryce Huff,27128,ED,NYJ,1,0,22,2,0,0,2,0,0,95.0,19,2,5.3,0,0,0,0,100.0,20,20,2,5.0,0,0,0,0,5.0,1,0,0.0,0,0,0,0,0,0
Aaron Donald,8648,DI,LA,1,0,26,0,2,0,0,1,0,70.0,14,1,3.6,0,0,0,0,100.0,20,20,2,5.0,0,0,1,0,30.0,6,1,8.3,0,0,0,0,0,0
Trey Hendrickson,11858,ED,CIN,1,0,7,2,1,0,0,0,0,0.0,0,0,,0,0,0,0,96.8,30,31,3,5.0,0,2,1,0,100.0,30,3,5.0,0,0,0,0,0,0
Luiji Vilain,56715,ED,MIN,1,0,18,0,1,0,0,1,0,100.0,10,1,5.0,0,0,0,0,100.0,10,10,1,5.0,0,0,0,0,0.0,0,0,,0,0,0,0,0,0
Christian Barmore,82198,DI,NE,1,0,19,0,1,0,0,1,0,88.9,8,1,6.3,0,0,0,0,100.0,10,10,1,5.0,0,0,0,0,11.1,1,0,0.0,0,0,0,0,0,0
Trysten Hill,44519,DI,DAL,1,0,9,0,1,0,0,1,0,70.0,7,1,7.1,0,0,0,0,100.0,10,10,1,5.0,0,0,0,0,30.0,3,0,0.0,0,0,0,0,0,0
Larry Ogunjobi,11820,DI,PIT,1,0,25,2,1,0,2,1,0,100.0,30,3,5.0,0,0,0,0,100.0,30,30,3,5.0,0,0,0,0,0.0,0,0,,0,0,0,0,0,0
Justin Madubuike,44304,DI,BLT,1,0,3,0,0,0,0,0,0,28.6,6,1,16.7,1,1,0,0,87.5,21,24,1,4.8,0,0,0,0,71.4,15,0,0.0,0,0,0,1,1,0
Davon Hamilton,28072,DI,JAX,1,0,15,1,2,0,0,1,0,56.7,17,1,2.9,0,0,0,0,96.9,31,32,3,4.8,0,1,0,0,43.3,13,1,3.8,0,0,0,0,0,0
Osa Odighizuwa,42754,DI,DAL,1,0,9,0,2,0,0,2,0,66.7,12,2,8.3,0,0,0,0,100.0,21,21,2,4.8,0,0,0,0,33.3,6,0,0.0,0,0,0,0,0,0
Tanoh Kpassagnon,11814,ED,NO,1,0,20,1,0,0,1,0,0,100.0,11,1,4.5,0,0,0,0,100.0,11,11,1,4.5,0,0,0,0,0.0,0,0,,0,0,0,0,0,0
Henry Anderson,9526,ED,CAR,1,0,5,0,1,0,0,1,0,45.5,5,1,10.0,0,0,0,0,100.0,11,11,1,4.5,0,0,0,0,54.5,6,0,0.0,0,0,0,0,0,0
Sam Hubbard,48457,ED,CIN,1,0,7,1,0,0,1,0,0,100.0,33,2,4.5,1,1,1,0,91.7,33,36,2,4.5,0,0,0,0,0.0,0,0,,0,0,0,1,1,1
Justin Hollins,48498,ED,LA,1,0,26,1,0,0,0,0,0,0.0,0,0,,0,0,0,0,78.6,11,14,1,4.5,0,1,0,0,100.0,11,1,4.5,0,1,1,0,1,1
Daniel Ekuale,48874,DI,NE,1,0,19,1,1,0,0,1,0,38.9,7,1,7.1,0,0,1,0,100.0,22,22,2,4.5,0,1,0,0,61.1,11,1,4.5,0,0,0,0,0,1
Roy Robertson-Harris,11341,DI,JAX,1,0,15,1,2,0,1,1,0,33.3,11,2,9.1,0,0,0,0,100.0,33,33,3,4.5,0,0,1,0,66.7,22,1,2.3,0,0,0,0,0,0
George Karlaftis,98319,ED,KC,1,0,16,1,1,0,0,0,0,47.6,10,0,0.0,0,0,0,0,79.3,23,29,2,4.3,0,1,1,0,52.4,11,2,9.1,0,0,1,0,0,1
D.J. Jones,11953,DI,DEN,1,0,10,0,3,0,0,1,0,38.7,12,1,4.2,0,0,0,0,100.0,35,35,3,4.3,0,0,2,0,61.3,19,2,5.3,0,0,1,0,0,1
Poona Ford,48875,DI,SEA,1,0,29,0,0,0,0,0,0,73.9,17,1,5.9,1,1,0,0,100.0,23,23,1,4.3,0,0,0,0,26.1,6,0,0.0,0,0,0,1,1,0
DeForest Buckner,10641,DI,IND,1,0,14,0,0,0,0,0,0,54.5,12,0,0.0,0,0,0,0,100.0,23,23,1,4.3,0,0,0,0,45.5,10,1,10.0,1,1,0,1,1,0
Jason Pierre-Paul,5540,ED,BLT,1,0,3,0,2,0,0,1,0,60.9,14,1,3.6,0,0,0,0,100.0,23,23,2,4.3,0,0,1,0,39.1,9,1,5.6,0,0,0,0,0,0
Alex Wright,98318,ED,CLV,1,0,8,0,2,0,0,1,0,30.4,7,1,7.1,0,0,0,0,100.0,23,23,2,4.3,0,0,1,0,69.6,16,1,3.1,0,0,0,0,0,0
Chris Rumph II,56345,ED,LAC,1,1,27,0,1,0,0,1,0,16.7,2,1,25.0,0,0,0,0,85.7,12,14,1,4.2,1,0,0,0,83.3,10,0,0.0,0,0,0,0,0,0
Samson Ebukam,11880,ED,SF,1,0,28,0,1,0,0,1,1,8.3,1,1,50.0,0,0,0,1,100.0,12,12,1,4.2,0,0,0,0,91.7,11,0,0.0,0,0,0,0,0,0
Isaac Rochell,11980,ED,CLV,1,0,8,0,1,0,0,1,1,66.7,8,1,6.3,0,0,0,1,100.0,12,12,1,4.2,0,0,0,0,33.3,4,0,0.0,0,1,1,0,1,1
Jordan Elliott,56734,DI,CLV,1,0,8,0,2,0,0,0,0,39.1,9,0,0.0,0,0,0,0,100.0,25,25,2,4.0,0,0,2,0,60.9,14,2,7.1,0,0,0,0,0,0
DeShawn Williams,9891,DI,DEN,1,1,10,1,1,0,1,1,0,52.0,13,2,7.7,0,0,0,0,100.0,25,25,2,4.0,1,0,0,0,48.0,12,0,0.0,0,0,0,0,0,0
Morgan Fox,11184,DI,LAC,1,0,27,0,1,0,0,0,0,27.3,3,0,0.0,0,0,0,0,100.0,13,13,1,3.8,0,0,1,0,72.7,8,1,6.3,0,0,0,0,0,0
Logan Hall,76919,DI,TB,1,0,30,0,1,0,0,0,0,16.7,2,0,0.0,0,0,0,0,100.0,13,13,1,3.8,0,0,1,0,83.3,10,1,5.0,0,0,0,0,0,0
Matt Ioannidis,10786,DI,CAR,1,0,5,1,1,0,0,0,0,25.9,7,0,0.0,0,0,0,1,100.0,27,27,2,3.7,0,1,1,1,74.1,20,2,5.0,0,0,0,0,0,0
Travon Walker,98940,ED,JAX,1,0,15,1,2,0,1,2,0,78.0,32,3,4.7,0,0,0,0,85.4,41,48,3,3.7,0,0,0,0,22.0,9,0,0.0,0,0,0,0,0,0
Jarran Reed,10683,DI,GB,1,0,12,0,1,0,0,0,0,21.4,3,0,0.0,0,0,0,0,100.0,14,14,1,3.6,0,0,1,0,78.6,11,1,4.5,0,0,0,0,0,0
Rakeem Nunez-Roches,9650,DI,TB,1,0,30,0,1,0,0,0,0,53.3,8,0,0.0,0,0,0,0,100.0,15,15,1,3.3,0,0,1,0,46.7,7,1,7.1,0,1,1,0,1,1
Christian Wilkins,50293,DI,MIA,1,0,17,1,1,0,0,0,0,73.9,17,0,0.0,0,1,1,0,100.0,30,30,2,3.3,0,0,0,0,26.1,6,0,0.0,0,0,0,0,1,1
Chris Wormley,11829,DI,PIT,1,0,25,0,1,0,0,0,0,66.7,10,0,0.0,0,0,0,0,100.0,15,15,1,3.3,0,0,1,0,33.3,5,1,10.0,0,0,0,0,0,0
Carl Davis,9523,DI,NE,1,0,19,0,1,0,0,1,0,40.0,4,1,12.5,0,0,0,0,100.0,15,15,1,3.3,0,0,0,0,60.0,6,0,0.0,0,0,0,0,0,0
Frank Clark,9496,ED,KC,1,0,16,1,1,0,1,0,0,43.8,14,1,3.6,0,0,0,0,91.4,32,35,2,3.1,0,0,1,0,56.3,18,1,2.8,0,0,0,0,0,0
Adam Gotsis,10697,DI,JAX,1,0,15,0,1,0,0,1,0,62.5,10,1,5.0,0,0,0,0,100.0,16,16,1,3.1,0,0,0,0,37.5,6,0,0.0,0,0,0,0,0,0
Sam Roberts,156069,DI,NE,1,0,19,0,1,0,0,1,0,94.1,16,1,3.1,0,0,0,0,100.0,17,17,1,2.9,0,0,0,0,5.9,1,0,0.0,0,0,0,0,0,0
Zach Allen,49605,DI,ARZ,1,0,1,0,2,0,0,1,0,59.4,19,1,2.6,0,0,0,0,97.2,35,36,2,2.9,0,0,0,0,40.6,13,0,0.0,0,0,0,0,0,0
Jonathan Bullard,10706,DI,MIN,1,0,18,1,0,0,1,0,0,100.0,17,1,2.9,0,0,0,0,100.0,17,17,1,2.9,0,0,0,0,0.0,0,0,,0,0,0,0,0,0
Yetur Gross-Matos,56444,ED,CAR,1,0,5,0,1,0,0,1,0,35.3,6,1,8.3,0,0,0,0,94.4,17,18,1,2.9,0,0,0,0,64.7,11,0,0.0,0,0,1,0,0,1
Kyle Van Noy,8675,ED,LAC,1,0,27,0,1,0,0,1,0,70.6,12,1,4.2,0,0,0,0,70.8,17,24,1,2.9,0,0,0,0,29.4,5,0,0.0,0,0,0,0,0,0
Alex Highsmith,43507,ED,PIT,1,0,25,0,0,0,0,0,0,5.9,2,0,0.0,0,0,0,0,91.9,34,37,1,2.9,0,0,0,0,94.1,32,1,3.1,1,1,0,1,1,0
Bradley Chubb,48526,ED,DEN,1,0,10,1,1,0,0,0,0,11.1,4,0,0.0,0,0,0,0,87.8,36,41,2,2.8,0,1,1,0,88.9,32,2,3.1,0,0,0,0,0,0
Angelo Blackson,9533,DI,CHI,1,0,6,0,1,0,0,1,0,66.7,12,1,4.2,0,0,0,0,100.0,19,19,1,2.6,0,0,0,0,33.3,6,0,0.0,0,0,0,0,0,0
Corey Peters,5607,DI,JAX,1,0,15,1,0,0,1,0,0,42.1,8,1,6.3,0,0,0,0,100.0,19,19,1,2.6,0,0,0,0,57.9,11,0,0.0,0,0,0,0,0,0
Odafe Oweh,82161,ED,BLT,1,0,3,0,1,0,0,1,0,50.0,10,1,5.0,0,0,0,0,87.0,20,23,1,2.5,0,0,0,0,50.0,10,0,0.0,0,1,1,0,1,1
Emmanuel Ogbah,10666,ED,MIA,1,0,17,0,1,0,0,1,0,71.4,15,1,3.3,0,0,0,0,100.0,21,21,1,2.4,0,0,0,0,28.6,6,0,0.0,0,0,0,0,0,0
Josh Allen,50235,ED,JAX,1,0,15,1,1,0,0,0,0,26.2,11,0,0.0,0,0,0,0,84.0,42,50,2,2.4,0,1,1,0,73.8,31,2,3.2,0,0,0,0,0,0
Yannick Ngakoue,10703,ED,IND,1,0,14,0,1,0,0,0,0,14.3,3,0,0.0,0,0,0,0,100.0,21,21,1,2.4,0,0,1,0,85.7,18,1,2.8,0,0,0,0,0,0
Zach Sieler,66917,DI,MIA,1,0,17,0,1,0,0,1,0,27.3,6,1,8.3,0,0,0,0,91.7,22,24,1,2.3,0,0,0,0,72.7,16,0,0.0,0,1,1,0,1,1
Brian Burns,44522,ED,CAR,1,0,5,0,1,0,0,1,0,63.6,14,1,3.6,0,0,0,0,81.5,22,27,1,2.3,0,0,0,0,36.4,8,0,0.0,0,0,0,0,0,0
Arden Key,50201,ED,JAX,1,0,15,0,1,0,0,0,0,13.6,3,0,0.0,0,0,0,0,88.0,22,25,1,2.3,0,0,1,0,86.4,19,1,2.6,0,0,0,0,0,0
Harrison Phillips,48690,DI,MIN,1,0,18,1,0,0,0,0,0,17.4,4,0,0.0,0,0,0,0,100.0,24,24,1,2.1,0,1,0,0,82.6,19,1,2.6,0,0,0,0,0,0
Dawuane Smoot,11823,ED,JAX,1,0,15,0,1,0,0,1,0,95.8,23,1,2.2,0,0,0,0,100.0,24,24,1,2.1,0,0,0,0,4.2,1,0,0.0,0,0,0,0,0,0
Shaquil Barrett,9000,ED,TB,1,0,30,0,1,0,0,1,1,83.3,20,1,2.5,0,0,0,1,92.3,24,26,1,2.1,0,0,0,0,16.7,4,0,0.0,0,0,0,0,0,0
Vita Vea,48956,DI,TB,1,0,30,0,1,0,0,0,0,63.2,12,0,0.0,0,0,0,0,100.0,25,25,1,2.0,0,0,1,0,36.8,7,1,7.1,0,0,0,0,0,0
David Onyemata,10754,DI,NO,1,0,20,0,1,0,0,0,1,41.7,10,0,0.0,0,0,0,1,100.0,26,26,1,1.9,0,0,0,0,58.3,14,0,0.0,0,0,0,0,0,0
Taven Bryan,48753,DI,CLV,1,0,8,0,1,0,0,1,0,61.5,16,1,3.1,0,0,0,0,100.0,26,26,1,1.9,0,0,0,0,38.5,10,0,0.0,0,0,0,0,0,0
Fletcher Cox,7018,DI,PHI,1,0,24,0,1,0,0,1,0,100.0,29,1,1.7,0,0,0,0,100.0,29,29,1,1.7,0,0,0,0,0.0,0,0,,0,0,0,0,0,0
J.J. Watt,6163,ED,ARZ,1,0,1,0,1,0,0,1,0,68.8,22,1,2.3,0,0,0,0,100.0,32,32,1,1.6,0,0,0,0,31.3,10,0,0.0,0,0,0,0,0,0
Grady Jarrett,9570,DI,ATL,1,0,2,0,1,0,0,1,0,34.5,10,1,5.0,0,0,0,0,100.0,33,33,1,1.5,0,0,0,0,65.5,19,0,0.0,0,0,0,0,0,0
Carl Lawson,11871,ED,NYJ,1,0,22,0,1,0,0,0,0,2.6,1,0,0.0,0,0,0,0,100.0,39,39,1,1.3,0,0,1,0,97.4,38,1,1.3,0,0,0,0,0,0
Victor Dimukeje,56347,ED,ARZ,1,0,1,0,0,0,0,0,0,62.5,5,0,0.0,0,0,0,0,53.3,8,15,0,0.0,0,0,0,0,37.5,3,0,0.0,0,0,0,0,0,0
Zachary Carter,56349,DI,CIN,1,0,7,0,0,0,0,0,0,40.0,4,0,0.0,0,0,0,0,100.0,11,11,0,0.0,0,0,0,0,60.0,6,0,0.0,0,0,0,0,0,0
C.J. Mosley,8652,LB,NYJ,1,0,22,0,0,0,0,0,0,0.0,0,0,,0,0,0,0,2.0,1,49,0,0.0,0,0,0,0,100.0,1,0,0.0,0,0,0,0,0,0
Patrick Johnson,56460,ED,PHI,1,0,24,0,0,0,0,0,0,16.7,1,0,0.0,0,0,0,0,85.7,6,7,0,0.0,0,0,0,0,83.3,5,0,0.0,0,0,0,0,0,0
Cameron Sample,56462,ED,CIN,1,0,7,0,0,0,0,0,0,22.2,2,0,0.0,0,0,0,0,100.0,9,9,0,0.0,0,0,0,0,77.8,7,0,0.0,0,0,0,0,0,0
Tedarrell Slaton,56597,DI,GB,1,0,12,0,0,0,0,0,0,33.3,1,0,0.0,0,0,0,0,100.0,3,3,0,0.0,0,0,0,0,66.7,2,0,0.0,0,0,0,0,0,0
Malik Herring,56616,ED,KC,1,0,16,0,0,0,0,0,0,44.4,4,0,0.0,0,0,0,0,100.0,9,9,0,0.0,0,0,0,0,55.6,5,0,0.0,0,0,0,0,0,0
Phil Hoskins,56672,DI,CAR,1,0,5,0,0,0,0,0,0,60.0,3,0,0.0,0,0,0,0,100.0,5,5,0,0.0,0,0,0,0,40.0,2,0,0.0,0,0,0,0,0,0
Quinton Bohanna,56673,DI,DAL,1,0,9,0,0,0,0,0,0,44.4,4,0,0.0,0,0,0,0,100.0,13,13,0,0.0,0,0,0,0,55.6,5,0,0.0,0,0,0,0,0,0
Milton Williams,56682,DI,PHI,1,0,24,0,0,0,0,0,0,90.0,9,0,0.0,0,0,0,0,100.0,10,10,0,0.0,0,0,0,0,10.0,1,0,0.0,0,0,0,0,0,0
Micheal Clemons,56872,ED,NYJ,1,0,22,0,0,0,0,0,0,0.0,0,0,,0,0,0,0,100.0,6,6,0,0.0,0,0,0,0,100.0,6,0,0.0,0,0,0,0,0,0
Nick Williams,8006,DI,NYG,1,0,21,0,0,0,0,0,0,65.2,15,0,0.0,0,0,0,0,100.0,23,23,0,0.0,0,0,0,0,34.8,8,0,0.0,0,0,0,0,0,0
Jay Tufele,56913,DI,CIN,1,0,7,0,0,0,0,0,0,0.0,0,0,,0,0,0,0,100.0,7,7,0,0.0,0,0,0,0,100.0,7,0,0.0,0,0,0,0,0,0
Dayo Odeyingbo,56923,ED,IND,1,0,14,0,0,0,0,0,0,100.0,11,0,0.0,0,1,1,0,100.0,11,11,0,0.0,0,0,0,0,0.0,0,0,,0,0,0,0,1,1
James Lynch,56962,DI,MIN,1,0,18,0,0,0,0,0,0,16.7,2,0,0.0,0,0,0,0,100.0,12,12,0,0.0,0,0,0,0,83.3,10,0,0.0,0,0,0,0,0,0
Marlon Tuipulotu,57035,DI,PHI,1,0,24,0,0,0,0,0,0,0.0,0,0,,0,0,0,0,100.0,10,10,0,0.0,0,0,0,0,100.0,10,0,0.0,0,0,0,0,0,0
Troy Andersen,57317,LB,ATL,1,0,2,0,0,0,0,0,0,33.3,1,0,0.0,0,0,0,0,7.1,3,42,0,0.0,0,0,0,0,66.7,2,0,0.0,0,0,0,0,0,0
William Gholston,7908,DI,TB,1,0,30,0,0,0,0,0,0,25.0,2,0,0.0,0,0,0,0,100.0,8,8,0,0.0,0,0,0,0,75.0,6,0,0.0,0,0,0,0,0,0
Akeem Spence,7882,DI,SF,1,0,28,0,0,0,0,0,0,40.0,4,0,0.0,0,0,0,0,100.0,10,10,0,0.0,0,0,0,0,60.0,6,0,0.0,0,0,0,0,0,0
Tyrann Mathieu,7850,S,NO,1,0,20,0,0,0,0,0,0,0.0,0,0,,0,0,0,0,2.4,1,42,0,0.0,0,0,0,0,100.0,1,0,0.0,0,0,0,0,0,0
Jacob Phillips,57942,LB,CLV,1,0,8,0,0,0,0,0,0,66.7,2,0,0.0,0,0,0,0,8.3,3,36,0,0.0,0,0,0,0,33.3,1,0,0.0,0,0,0,0,0,0
Jeremiah Owusu-Koramoah,58089,LB,CLV,1,0,8,0,0,0,0,0,0,0.0,0,0,,0,0,0,0,11.8,2,17,0,0.0,0,0,0,0,100.0,1,0,0.0,0,0,0,0,0,0
Rodney McLeod,7271,S,IND,1,0,14,0,0,0,0,0,0,100.0,2,0,0.0,0,0,0,0,7.1,2,28,0,0.0,0,0,0,0,0.0,0,0,,0,0,0,0,0,0
Kenneth Murray,58099,LB,LAC,1,0,27,0,0,0,0,0,0,50.0,1,0,0.0,0,0,0,0,6.9,2,29,0,0.0,0,0,0,0,50.0,1,0,0.0,0,0,0,0,0,0
Vinny Curry,7061,ED,NYJ,1,0,22,0,0,0,0,0,0,100.0,9,0,0.0,0,0,0,0,100.0,9,9,0,0.0,0,0,0,0,0.0,0,0,,0,0,0,0,0,0
Bobby Wagner,7050,LB,LA,1,0,26,0,0,0,0,0,0,0.0,0,0,,0,0,0,0,21.7,5,23,0,0.0,0,0,0,0,100.0,5,0,0.0,0,1,1,0,1,1
Dominique Robinson,61436,ED,CHI,1,0,6,0,0,0,0,0,0,14.3,1,0,0.0,0,0,0,0,100.0,7,7,0,0.0,0,0,0,0,85.7,6,0,0.0,0,0,0,0,0,0
Samuel Womack,65771,CB,SF,1,0,28,0,0,0,0,0,0,0.0,0,0,,0,0,0,0,10.0,1,10,0,0.0,0,0,0,0,100.0,1,0,0.0,0,0,0,0,0,0
John Ridgeway,66694,DI,WAS,1,0,32,0,0,0,0,0,0,50.0,2,0,0.0,0,0,0,0,100.0,10,10,0,0.0,0,0,0,0,50.0,2,0,0.0,0,0,0,0,0,0
Dennis Gardeck,66928,ED,ARZ,1,0,1,0,0,0,0,0,0,33.3,1,0,0.0,0,0,0,0,50.0,4,8,0,0.0,0,0,0,0,66.7,2,0,0.0,0,1,1,0,1,1
Andre Cisco,76641,S,JAX,1,0,15,0,0,0,0,0,0,100.0,1,0,0.0,0,0,0,0,1.8,1,57,0,0.0,0,0,0,0,0.0,0,0,,0,0,0,0,0,0
Josh Bynes,6503,LB,BLT,1,0,3,0,0,0,0,0,0,33.3,1,0,0.0,0,0,0,0,21.4,3,14,0,0.0,0,0,0,0,66.7,2,0,0.0,0,0,0,0,0,0
Nik Bonitto,77196,ED,DEN,1,0,10,0,0,0,0,0,0,9.1,1,0,0.0,0,0,0,0,73.3,11,15,0,0.0,0,0,0,0,90.9,10,0,0.0,0,0,0,0,0,0
Ar'Darius Washington,77848,CB,BLT,1,0,3,0,0,0,0,0,0,100.0,1,0,0.0,0,0,0,0,25.0,1,4,0,0.0,0,0,0,0,0.0,0,0,,0,0,0,0,0,0
Nick Bolton,81322,LB,KC,1,0,16,0,0,0,0,0,0,85.7,6,0,0.0,0,0,0,0,20.0,9,45,0,0.0,0,0,0,0,14.3,1,0,0.0,0,0,0,0,0,0
Tyson Alualu,5535,DI,PIT,1,1,25,0,0,0,0,0,0,20.0,1,0,0.0,0,0,0,0,100.0,5,5,0,0.0,1,0,0,0,80.0,4,0,0.0,0,0,0,0,0,0
Ernest Jones,81399,LB,LA,1,0,26,0,0,0,0,0,0,0.0,0,0,,0,0,0,0,10.5,2,19,0,0.0,0,0,0,0,100.0,2,0,0.0,0,0,0,0,0,0
Devonte Wyatt,82268,DI,GB,1,0,12,0,0,0,0,0,0,50.0,1,0,0.0,0,0,0,0,100.0,2,2,0,0.0,0,0,0,0,50.0,1,0,0.0,0,0,0,0,0,0
Marquan McCall,82301,DI,CAR,1,0,5,0,0,0,0,0,0,77.8,7,0,0.0,0,0,0,0,100.0,11,11,0,0.0,0,0,0,0,22.2,2,0,0.0,0,0,0,0,0,0
Cameron Jordan,6176,ED,NO,1,0,20,0,0,0,0,0,0,100.0,29,0,0.0,0,0,1,0,93.5,29,31,0,0.0,0,0,0,0,0.0,0,0,,0,0,0,0,0,1
Quay Walker,82547,LB,GB,1,0,12,0,0,0,0,0,0,100.0,2,0,0.0,0,0,0,0,13.3,2,15,0,0.0,0,0,0,0,0.0,0,0,,0,0,0,0,0,0
Greg Newsome II,83341,CB,CLV,1,0,8,0,0,0,0,0,0,50.0,1,0,0.0,0,0,0,0,5.7,2,35,0,0.0,0,0,0,0,50.0,1,0,0.0,0,0,0,0,0,0
Kyler Gordon,83451,CB,CHI,1,0,6,0,0,0,0,0,0,100.0,1,0,0.0,0,0,0,0,4.0,1,25,0,0.0,0,0,0,0,0.0,0,0,,0,0,0,0,0,0
Chris Williams,87178,DI,IND,1,0,14,0,0,0,0,0,0,33.3,1,0,0.0,0,0,0,0,100.0,3,3,0,0.0,0,0,0,0,66.7,2,0,0.0,0,0,0,0,0,0
Jordan Davis,94854,DI,PHI,1,0,24,0,0,0,0,0,0,62.5,5,0,0.0,0,0,0,0,100.0,11,11,0,0.0,0,0,0,0,37.5,3,0,0.0,0,0,0,0,0,0
Deon Bush,10758,S,KC,1,0,16,0,0,0,0,0,0,100.0,1,0,0.0,0,0,0,0,7.1,1,14,0,0.0,0,0,0,0,0.0,0,0,,0,0,0,0,0,0
Dean Lowry,10771,DI,GB,1,0,12,0,0,0,0,0,0,70.0,7,0,0.0,0,0,0,0,100.0,10,10,0,0.0,0,0,0,0,30.0,3,0,0.0,0,0,0,0,0,0
Juston Burris,10752,S,CAR,1,0,5,0,0,0,0,0,0,0.0,0,0,,0,0,0,0,3.3,1,30,0,0.0,0,0,0,0,100.0,1,0,0.0,0,0,0,0,0,0
Jayron Kearse,10878,S,DAL,1,0,9,0,0,0,0,0,0,0.0,0,0,,0,0,0,0,7.4,2,27,0,0.0,0,0,0,0,100.0,2,0,0.0,0,0,0,0,0,0
Mike Hilton,10898,CB,CIN,1,0,7,0,0,0,0,0,0,0.0,0,0,,0,0,0,0,6.3,2,32,0,0.0,0,0,0,0,100.0,2,0,0.0,0,0,0,0,0,0
Jahlani Tavai,51055,LB,NE,1,0,19,0,0,0,0,0,0,75.0,6,0,0.0,0,0,0,0,26.7,8,30,0,0.0,0,0,0,0,25.0,2,0,0.0,0,0,0,0,0,0
Hassan Ridgeway,10750,DI,SF,1,0,28,0,0,0,0,0,0,80.0,4,0,0.0,0,0,0,0,100.0,5,5,0,0.0,0,0,0,0,20.0,1,0,0.0,0,0,0,0,0,0
Solomon Thomas,11758,DI,NYJ,1,0,22,0,0,0,0,0,0,100.0,10,0,0.0,0,0,0,0,100.0,10,10,0,0.0,0,0,0,0,0.0,0,0,,0,0,0,0,0,0
Malik Hooker,11770,S,DAL,1,0,9,0,0,0,0,0,0,100.0,1,0,0.0,0,0,0,0,5.3,1,19,0,0.0,0,0,0,0,0.0,0,0,,0,0,0,0,0,0
De'Vondre Campbell,10749,LB,GB,1,0,12,0,0,0,0,0,0,0.0,0,0,,0,0,0,0,4.8,1,21,0,0.0,0,0,0,0,100.0,1,0,0.0,0,0,0,0,0,0
Takkarist McKinley,11781,ED,LA,1,0,26,0,0,0,0,0,0,0.0,0,0,,0,0,0,0,100.0,1,1,0,0.0,0,0,0,0,100.0,1,0,0.0,0,0,0,0,0,0
Kendall Fuller,10718,CB,WAS,1,0,32,0,0,0,0,0,0,0.0,0,0,,0,0,0,0,2.4,1,42,0,0.0,0,0,0,0,100.0,1,0,0.0,0,0,0,0,0,0
Ryan Anderson,11804,ED,PIT,1,0,25,0,0,0,0,0,0,100.0,1,0,0.0,0,0,0,0,100.0,1,1,0,0.0,0,0,0,0,0.0,0,0,,0,0,0,0,0,0
Raekwon McMillan,11809,LB,NE,1,0,19,0,0,0,0,0,0,50.0,1,0,0.0,0,0,0,0,9.5,2,21,0,0.0,0,0,0,0,50.0,1,0,0.0,0,0,0,0,0,0
Jourdan Lewis,11846,CB,DAL,1,0,9,0,0,0,0,0,0,0.0,0,0,,0,0,0,0,3.8,1,26,0,0.0,0,0,0,0,100.0,1,0,0.0,0,0,0,0,0,0
Montravius Adams,11848,DI,PIT,1,0,25,0,0,0,0,0,0,75.0,3,0,0.0,0,0,0,0,100.0,5,5,0,0.0,0,0,0,0,25.0,1,0,0.0,0,0,0,0,0,0
Rasul Douglas,11854,CB,GB,1,0,12,0,0,0,0,0,0,100.0,1,0,0.0,0,0,0,0,5.6,1,18,0,0.0,0,0,0,0,0.0,0,0,,0,0,0,0,0,0
Eddie Jackson,11867,S,CHI,1,0,6,0,0,0,0,0,0,0.0,0,0,,0,0,0,1,4.0,1,25,0,0.0,0,0,0,1,100.0,1,0,0.0,0,0,0,0,0,0
Vonn Bell,10695,S,CIN,1,0,7,0,0,0,0,0,0,100.0,1,0,0.0,0,0,0,0,2.7,1,37,0,0.0,0,0,0,0,0.0,0,0,,0,0,0,0,0,0
A'Shawn Robinson,10680,DI,LA,1,0,26,0,0,0,0,0,0,26.7,4,0,0.0,0,0,0,0,100.0,15,15,0,0.0,0,0,0,0,73.3,11,0,0.0,0,0,0,0,0,0
Tanner Vallejo,11950,LB,ARZ,1,0,1,0,0,0,0,0,0,,0,0,,0,0,0,0,11.1,1,9,0,0.0,0,0,0,0,,0,0,,0,0,0,0,0,0
Jihad Ward,10678,ED,NYG,1,0,21,0,0,0,0,0,0,56.3,9,0,0.0,0,0,0,0,88.9,16,18,0,0.0,0,0,0,0,43.8,7,0,0.0,0,0,0,0,0,0
Patrick O'Connor,12005,ED,TB,1,0,30,0,0,0,0,0,0,50.0,1,0,0.0,0,0,0,0,100.0,2,2,0,0.0,0,0,0,0,50.0,1,0,0.0,0,0,0,0,0,0
Josh Tupou,12093,DI,CIN,1,0,7,0,0,0,0,0,0,50.0,2,0,0.0,0,0,0,0,100.0,6,6,0,0.0,0,0,0,0,50.0,2,0,0.0,0,0,0,0,0,0
Arthur Maulet,12224,CB,PIT,1,0,25,0,0,0,0,0,0,60.0,3,0,0.0,0,0,0,0,13.9,5,36,0,0.0,0,0,0,0,40.0,2,0,0.0,0,0,0,0,0,0
Sione Takitaki,12666,LB,CLV,1,0,8,0,0,0,0,0,0,28.6,2,0,0.0,0,0,0,0,33.3,7,21,0,0.0,0,0,0,0,71.4,5,0,0.0,0,0,0,0,0,0
Jonathan Ledbetter,18645,DI,ARZ,1,0,1,0,0,0,0,0,0,0.0,0,0,,0,0,0,0,100.0,3,3,0,0.0,0,0,0,0,100.0,3,0,0.0,0,0,0,0,0,0
Kemoko Turay,21702,ED,SF,1,0,28,0,0,0,0,0,0,20.0,1,0,0.0,0,0,0,0,100.0,5,5,0,0.0,0,0,0,0,80.0,4,0,0.0,0,0,0,0,0,0
Austin Johnson,10677,DI,LAC,1,0,27,0,0,0,0,0,0,88.2,15,0,0.0,0,0,0,0,100.0,17,17,0,0.0,0,0,0,0,11.8,2,0,0.0,0,0,0,0,0,0
Ben Banogu,26554,ED,IND,1,0,14,0,0,0,0,0,0,0.0,0,0,,0,0,0,0,100.0,3,3,0,0.0,0,0,0,0,100.0,3,0,0.0,0,0,0,0,0,0
Armon Watts,27844,DI,CHI,1,0,6,0,0,0,0,0,0,33.3,2,0,0.0,0,0,0,0,100.0,6,6,0,0.0,0,0,0,0,66.7,4,0,0.0,0,0,0,0,0,0
Malik Harrison,28081,LB,BLT,1,0,3,0,0,0,0,0,0,0.0,0,0,,0,0,0,0,11.8,2,17,0,0.0,0,0,0,0,100.0,1,0,0.0,0,0,0,0,0,0
Neville Gallimore,28094,DI,DAL,1,0,9,0,0,0,0,0,0,0.0,0,0,,0,0,0,0,100.0,12,12,0,0.0,0,0,0,0,100.0,9,0,0.0,0,0,0,0,0,0
Myles Adams,28430,DI,SEA,1,0,29,0,0,0,0,0,0,41.7,5,0,0.0,0,0,0,0,100.0,13,13,0,0.0,0,0,0,0,58.3,7,0,0.0,0,0,0,0,0,0
Damarion Williams,100904,CB,BLT,1,0,3,0,0,0,0,0,0,100.0,2,0,0.0,0,0,0,0,15.4,2,13,0,0.0,0,0,0,0,0.0,0,0,,0,0,0,0,0,0
Germaine Pratt,29407,LB,CIN,1,0,7,0,0,0,0,0,0,100.0,1,0,0.0,0,0,0,0,4.2,1,24,0,0.0,0,0,0,0,0.0,0,0,,0,0,0,0,0,0
Logan Wilson,29623,LB,CIN,1,0,7,0,0,0,0,0,0,0.0,0,0,,0,0,0,0,10.7,3,28,0,0.0,0,0,0,0,100.0,3,0,0.0,0,0,0,0,0,0
Andrew Van Ginkel,30267,ED,MIA,1,0,17,0,0,0,0,0,0,42.9,3,0,0.0,0,0,0,0,53.8,7,13,0,0.0,0,0,0,0,57.1,4,0,0.0,0,0,0,0,0,0
T.J. Edwards,30737,LB,PHI,1,1,24,0,0,0,0,0,0,0.0,0,0,,0,0,0,0,2.8,1,36,0,0.0,1,0,0,0,100.0,1,0,0.0,0,0,0,0,0,0
Myles Jack,10670,LB,PIT,1,0,25,0,0,0,0,0,0,50.0,1,0,0.0,0,0,0,0,7.1,2,28,0,0.0,0,0,0,0,50.0,1,0,0.0,0,0,0,0,0,0
Abdullah Anderson,32708,DI,ATL,1,0,2,0,0,0,0,0,0,50.0,5,0,0.0,0,0,0,1,100.0,12,12,0,0.0,0,0,0,1,50.0,5,0,0.0,0,0,0,0,0,0
Jaylon Smith,10668,LB,NYG,1,0,21,0,0,0,0,0,0,100.0,1,0,0.0,0,0,0,0,6.3,1,16,0,0.0,0,0,0,0,0.0,0,0,,0,0,0,0,0,0
Trevis Gipson,35241,ED,CHI,1,0,6,0,0,0,0,0,0,90.0,9,0,0.0,0,0,0,0,90.9,10,11,0,0.0,0,0,0,0,10.0,1,0,0.0,0,0,0,0,0,0
Shy Tuttle,37279,DI,NO,1,0,20,0,0,0,0,0,0,55.0,11,0,0.0,0,0,0,0,100.0,20,20,0,0.0,0,0,0,0,45.0,9,0,0.0,0,0,0,0,0,0
Quinton Bell,37468,ED,ATL,1,0,2,0,0,0,0,0,0,100.0,4,0,0.0,0,0,0,0,57.1,4,7,0,0.0,0,0,0,0,0.0,0,0,,0,0,0,0,0,0
Derrek Tuszka,37724,ED,LAC,1,0,27,0,0,0,0,0,0,100.0,1,0,0.0,0,0,0,0,33.3,1,3,0,0.0,0,0,0,0,0.0,0,0,,0,0,0,0,0,0
Devin McCourty,5552,S,NE,1,0,19,0,0,0,0,0,0,100.0,1,0,0.0,0,0,0,0,2.5,1,40,0,0.0,0,0,0,0,0.0,0,0,,0,0,0,0,0,0
Leo Chenal,101463,LB,KC,1,0,16,0,0,0,0,0,0,66.7,2,0,0.0,0,0,0,0,21.4,3,14,0,0.0,0,0,0,0,33.3,1,0,0.0,0,0,0,0,0,0
Tomon Fox,42486,ED,NYG,1,0,21,0,0,0,0,0,0,20.0,1,0,0.0,0,0,0,0,71.4,5,7,0,0.0,0,0,0,0,80.0,4,0,0.0,0,0,0,0,0,0
Chauncey Golston,42718,DI,DAL,1,0,9,0,0,0,0,0,0,55.6,5,0,0.0,0,0,0,0,100.0,9,9,0,0.0,0,0,0,0,44.4,4,0,0.0,0,0,0,0,0,0
Shaka Toney,42806,ED,WAS,1,0,32,0,0,0,0,0,0,85.7,6,0,0.0,0,0,0,0,100.0,7,7,0,0.0,0,0,0,0,14.3,1,0,0.0,0,0,0,0,0,0
Terrell Lewis,42845,ED,LA,1,0,26,0,0,0,0,0,0,50.0,6,0,0.0,0,0,0,0,75.0,12,16,0,0.0,0,0,0,0,50.0,6,0,0.0,0,0,0,0,0,0
Keanu Neal,10651,S,TB,1,0,30,0,0,0,0,0,0,50.0,1,0,0.0,0,0,0,0,8.8,3,34,0,0.0,0,0,0,0,50.0,1,0,0.0,0,0,0,0,0,0
Brandon Jones,43049,S,MIA,1,0,17,0,0,0,0,0,0,66.7,2,0,0.0,0,0,0,0,10.0,3,30,0,0.0,0,0,0,0,33.3,1,0,0.0,0,0,0,0,0,0
Devin White,43089,LB,TB,1,0,30,0,0,0,0,0,0,20.0,1,0,0.0,0,0,0,0,17.6,6,34,0,0.0,0,0,0,0,80.0,4,0,0.0,0,0,0,0,0,0
Leonard Floyd,10643,ED,LA,1,1,26,0,0,1,0,0,0,100.0,10,0,0.0,0,1,1,0,66.7,10,15,0,0.0,0,0,0,0,0.0,0,0,,0,0,0,0,1,1
Damar Hamlin,43291,S,BUF,1,0,4,0,0,0,0,0,0,33.3,1,0,0.0,0,0,0,0,6.4,3,47,0,0.0,0,0,0,0,66.7,2,0,0.0,0,0,0,0,0,0
Myles Bryant,43336,CB,NE,1,0,19,0,0,0,0,0,0,100.0,1,0,0.0,0,0,0,0,2.6,1,39,0,0.0,0,0,0,0,0.0,0,0,,0,0,0,0,0,0
Timmy Horne,43918,DI,ATL,1,0,2,0,0,0,0,0,0,10.0,1,0,0.0,0,0,0,0,100.0,11,11,0,0.0,0,0,0,0,90.0,9,0,0.0,0,0,0,0,0,0
Jamir Jones,44287,ED,PIT,1,0,25,0,0,0,0,0,0,0.0,0,0,,0,0,0,0,100.0,1,1,0,0.0,0,0,0,0,100.0,1,0,0.0,0,0,0,0,0,0
Bobby McCain,9578,S,WAS,1,0,32,0,0,0,0,0,0,0.0,0,0,,0,0,0,0,2.6,1,38,0,0.0,0,0,0,0,100.0,1,0,0.0,0,0,0,0,0,0
Isaiahh Loudermilk,44416,ED,PIT,1,0,25,0,0,0,0,0,0,62.5,5,0,0.0,0,0,0,0,100.0,8,8,0,0.0,0,0,0,0,37.5,3,0,0.0,0,0,0,0,0,0
Rashard Lawrence,44515,DI,ARZ,1,0,1,0,0,0,0,0,0,30.8,4,0,0.0,0,0,0,0,100.0,14,14,0,0.0,0,0,0,0,69.2,9,0,0.0,0,1,1,0,1,1
Jonah Williams,44597,DI,LA,1,0,26,0,0,0,0,0,0,100.0,3,0,0.0,0,0,0,0,100.0,3,3,0,0.0,0,0,0,0,0.0,0,0,,0,0,0,0,0,0
Kentavius Street,48404,DI,NO,1,0,20,0,0,0,0,0,0,50.0,8,0,0.0,0,0,0,0,100.0,16,16,0,0.0,0,0,0,0,50.0,8,0,0.0,0,0,0,0,0,0
Anthony Nelson,48405,ED,TB,1,0,30,0,0,0,0,0,0,55.6,5,0,0.0,0,1,1,0,90.0,9,10,0,0.0,0,0,0,0,44.4,4,0,0.0,0,0,0,0,1,1
Carl Granderson,48500,ED,NO,1,0,20,0,0,0,0,0,0,0.0,0,0,,0,0,0,0,94.7,18,19,0,0.0,0,0,0,0,100.0,18,0,0.0,0,0,0,0,0,0
Oshane Ximines,48538,ED,NYG,1,0,21,0,0,0,0,0,0,91.7,11,0,0.0,0,0,0,0,76.5,13,17,0,0.0,0,0,0,0,8.3,1,0,0.0,0,0,0,0,0,0
Damien Wilson,9560,LB,CAR,1,0,5,0,0,0,0,0,0,100.0,1,0,0.0,0,0,0,0,10.0,1,10,0,0.0,0,0,0,0,0.0,0,0,,0,0,0,0,0,0
Malik Reed,48567,ED,PIT,1,1,25,0,0,1,0,0,0,96.3,26,0,0.0,0,0,0,0,87.1,27,31,0,0.0,0,0,0,0,3.7,1,0,0.0,0,0,0,0,0,0
Perrion Winfrey,122952,DI,CLV,1,0,8,0,0,0,0,0,0,50.0,7,0,0.0,0,0,0,0,100.0,14,14,0,0.0,0,0,0,0,50.0,7,0,0.0,0,0,0,0,0,0
Greg Gaines,48706,DI,LA,1,0,26,0,0,0,0,0,0,28.6,2,0,0.0,0,0,0,0,100.0,8,8,0,0.0,0,0,0,0,71.4,5,0,0.0,0,0,0,0,0,0
Deadrin Senat,48815,DI,TB,1,0,30,0,0,0,0,0,0,50.0,1,0,0.0,0,0,0,0,100.0,2,2,0,0.0,0,0,0,0,50.0,1,0,0.0,0,0,0,0,0,0
Michael Dogbe,48850,DI,ARZ,1,0,1,0,0,0,0,0,0,100.0,1,0,0.0,0,0,0,0,100.0,2,2,0,0.0,0,0,0,0,0.0,0,0,,0,0,0,0,0,0
Daniel Wise,48922,DI,WAS,1,0,32,0,0,0,0,0,0,100.0,3,0,0.0,0,0,0,0,100.0,3,3,0,0.0,0,0,0,0,0.0,0,0,,0,0,0,0,0,0
Justin Jones,48940,DI,CHI,1,0,6,0,0,0,0,0,0,58.8,10,0,0.0,0,0,0,0,94.4,17,18,0,0.0,0,0,0,0,41.2,7,0,0.0,0,0,0,0,0,0
Jalen Thompson,49116,S,ARZ,1,0,1,0,0,0,0,0,0,0.0,0,0,,0,0,0,0,2.6,1,38,0,0.0,0,0,0,0,100.0,1,0,0.0,0,0,0,0,0,0
Myles Hartsfield,49159,S,CAR,1,0,5,0,0,0,0,0,0,0.0,0,0,,0,0,0,0,5.9,2,34,0,0.0,0,0,0,0,100.0,2,0,0.0,0,0,0,0,0,0
Jessie Bates III,49162,S,CIN,1,0,7,0,0,0,0,0,0,0.0,0,0,,0,0,0,0,2.7,1,37,0,0.0,0,0,0,0,100.0,1,0,0.0,0,0,0,0,0,0
Chandon Sullivan,49349,CB,MIN,1,0,18,0,0,0,0,0,0,100.0,1,0,0.0,0,0,0,0,2.2,1,46,0,0.0,0,0,0,0,0.0,0,0,,0,0,0,0,0,0
Matt Dickerson,49601,DI,ATL,1,0,2,0,0,0,0,0,1,100.0,9,0,0.0,0,1,3,1,100.0,9,9,0,0.0,0,0,0,0,0.0,0,0,,0,0,0,0,1,3
Genard Avery,49699,ED,TB,1,0,30,0,0,0,0,0,0,33.3,1,0,0.0,0,0,0,0,100.0,3,3,0,0.0,0,0,0,0,66.7,2,0,0.0,0,0,0,0,0,0
Quincy Williams,49779,LB,NYJ,1,0,22,0,0,0,0,0,0,0.0,0,0,,0,0,0,0,5.4,2,37,0,0.0,0,0,0,0,100.0,2,0,0.0,0,0,0,0,0,0
Derrick Nnadi,49970,DI,KC,1,0,16,0,0,0,0,0,0,50.0,6,0,0.0,0,0,0,0,100.0,13,13,0,0.0,0,0,0,0,50.0,6,0,0.0,0,0,0,0,0,0
Broderick Washington Jr.,50049,DI,BLT,1,0,3,0,0,0,0,0,0,40.0,2,0,0.0,0,0,0,0,100.0,6,6,0,0.0,0,0,0,0,60.0,3,0,0.0,0,0,0,0,0,0
Shaq Thompson,9458,LB,CAR,1,0,5,0,0,0,0,0,0,25.0,1,0,0.0,0,0,0,0,11.8,4,34,0,0.0,0,0,0,0,75.0,3,0,0.0,0,0,0,0,0,0
Lorenzo Carter,50126,ED,ATL,1,0,2,0,0,0,0,0,1,62.5,15,0,0.0,0,0,0,1,70.6,24,34,0,0.0,0,0,0,0,37.5,9,0,0.0,0,0,0,0,0,0
DaMarcus Mitchell,129826,ED,NE,1,0,19,0,0,0,0,0,0,40.0,2,0,0.0,0,0,0,0,100.0,5,5,0,0.0,0,0,0,0,60.0,3,0,0.0,0,0,0,0,0,0
Malcolm Roach,50191,DI,NO,1,0,20,0,0,0,0,0,0,46.7,7,0,0.0,0,0,0,0,100.0,16,16,0,0.0,0,0,0,0,53.3,8,0,0.0,0,0,0,0,0,0
Marquis Haynes,50244,ED,CAR,1,0,5,0,0,0,0,0,0,60.0,6,0,0.0,0,0,0,0,83.3,10,12,0,0.0,0,0,0,0,40.0,4,0,0.0,0,0,0,0,0,0
Leonard Williams,9439,DI,NYG,1,0,21,0,0,0,0,0,0,46.9,15,0,0.0,0,0,0,0,100.0,32,32,0,0.0,0,0,0,0,53.1,17,0,0.0,0,0,0,0,0,0
Isaiah Oliver,50393,CB,ATL,1,0,2,0,0,0,0,0,0,33.3,1,0,0.0,0,0,0,0,13.0,3,23,0,0.0,0,0,0,0,66.7,2,0,0.0,0,0,0,0,0,0
Mike Pennel,9316,DI,CHI,1,0,6,0,0,0,0,0,0,16.7,1,0,0.0,0,0,0,0,100.0,6,6,0,0.0,0,0,0,0,83.3,5,0,0.0,0,0,0,0,0,0
Byron Cowart,50588,DI,IND,1,0,14,0,0,0,0,0,0,28.6,2,0,0.0,0,0,0,0,100.0,7,7,0,0.0,0,0,0,0,71.4,5,0,0.0,0,0,0,0,0,0
Cody Barton,50727,LB,SEA,1,0,29,0,0,0,0,0,0,0.0,0,0,,0,0,0,0,6.3,1,16,0,0.0,0,0,0,0,100.0,1,0,0.0,0,0,0,0,0,0
Jordyn Brooks,50851,LB,SEA,1,0,29,0,0,0,0,0,0,0.0,0,0,,0,0,0,0,2.1,1,47,0,0.0,0,0,0,0,100.0,1,0,0.0,0,0,0,0,0,0
Kerry Hyder,9045,DI,SF,1,0,28,0,0,0,0,0,0,85.7,6,0,0.0,0,0,0,0,100.0,7,7,0,0.0,0,0,0,0,14.3,1,0,0.0,0,0,0,0,0,0
Tremaine Edmunds,50905,LB,BUF,1,0,4,0,0,0,0,0,0,25.0,1,0,0.0,0,0,0,0,10.6,5,47,0,0.0,0,0,0,0,75.0,3,0,0.0,0,0,0,0,0,0
Robert Spillane,50918,LB,PIT,1,0,25,0,0,0,0,0,0,0.0,0,0,,0,0,0,0,3.3,1,30,0,0.0,0,0,0,0,100.0,1,0,0.0,0,0,0,0,0,0
Leighton Vander Esch,50950,LB,DAL,1,0,9,0,0,0,0,0,0,100.0,1,0,0.0,0,0,0,0,9.1,2,22,0,0.0,0,0,0,0,0.0,0,0,,0,0,0,0,0,0
Cory Littleton,11190,LB,CAR,1,0,5,0,0,0,0,0,0,100.0,5,0,0.0,0,0,0,0,20.0,5,25,0,0.0,0,0,0,0,0.0,0,0,,0,0,0,0,0,0
Ben Niemann,51099,LB,ARZ,1,0,1,0,0,0,0,0,0,100.0,1,0,0.0,0,0,0,0,7.1,1,14,0,0.0,0,0,0,0,0.0,0,0,,0,0,0,0,0,0
Fred Warner,51222,LB,SF,1,0,28,0,0,0,0,0,0,100.0,1,0,0.0,0,0,0,0,5.9,1,17,0,0.0,0,0,0,0,0.0,0,0,,0,0,0,0,0,0
Christian Jones,9020,ED,SEA,1,0,29,0,0,0,0,0,0,0.0,0,0,,0,0,0,0,66.7,2,3,0,0.0,0,0,0,0,100.0,2,0,0.0,0,0,0,0,0,0
Marcus Epps,51391,S,PHI,1,0,24,0,0,0,0,0,0,100.0,1,0,0.0,0,0,0,0,2.6,1,38,0,0.0,0,0,0,0,0.0,0,0,,0,0,0,0,0,0
Jaylinn Hawkins,51423,S,ATL,1,0,2,0,0,0,0,0,0,0.0,0,0,,0,0,0,0,2.4,1,42,0,0.0,0,0,0,0,100.0,1,0,0.0,0,0,0,0,0,0
Dontae Johnson,8764,CB,SF,1,0,28,0,0,0,0,0,0,50.0,1,0,0.0,0,0,0,0,22.2,2,9,0,0.0,0,0,0,0,50.0,1,0,0.0,0,0,0,0,0,0
Kenny Moore II,51596,CB,IND,1,0,14,0,0,0,0,0,0,0.0,0,0,,0,0,0,0,3.6,1,28,0,0.0,0,0,0,0,100.0,1,0,0.0,0,0,0,0,0,0
Nicholas Morrow,51674,LB,CHI,1,0,6,0,0,0,0,0,0,100.0,3,0,0.0,0,0,0,0,12.0,3,25,0,0.0,0,0,0,0,0.0,0,0,,0,0,0,0,0,0
Darrick Forrest,55087,S,WAS,1,0,32,0,0,0,0,0,0,100.0,1,0,0.0,0,0,0,0,3.6,1,28,0,0.0,0,0,0,0,0.0,0,0,,0,0,0,0,0,0
Coby Bryant,55088,CB,SEA,1,0,29,0,0,0,0,0,0,100.0,1,0,0.0,0,0,0,0,2.6,1,38,0,0.0,0,0,0,0,0.0,0,0,,0,0,0,0,0,0
Boye Mafe,55220,ED,SEA,1,0,29,0,0,0,0,0,0,36.4,4,0,0.0,0,0,0,0,55.0,11,20,0,0.0,0,0,0,0,63.6,7,0,0.0,0,0,0,0,0,0
Justin Ellis,8742,DI,NYG,1,0,21,0,0,0,0,0,0,50.0,3,0,0.0,0,0,0,0,100.0,6,6,0,0.0,0,0,0,0,50.0,3,0,0.0,0,0,0,0,0,0
Jeremiah Attaochu,8685,ED,BLT,1,0,3,0,0,0,0,0,0,0.0,0,0,,0,0,0,0,100.0,2,2,0,0.0,0,0,0,0,100.0,2,0,0.0,0,0,0,0,0,0
Kamren Curl,55800,S,WAS,1,0,32,0,0,0,0,0,0,50.0,1,0,0.0,0,0,0,0,4.8,2,42,0,0.0,0,0,0,0,50.0,1,0,0.0,0,0,0,0,0,0
Eric Stokes,55912,CB,GB,1,0,12,0,0,0,0,0,0,100.0,1,0,0.0,0,0,0,0,4.8,1,21,0,0.0,0,0,0,0,0.0,0,0,,0,0,0,0,0,0
Lamarcus Joyner,8676,S,NYJ,1,0,22,0,0,0,0,0,0,0.0,0,0,,0,0,0,0,2.0,1,49,0,0.0,0,0,0,0,100.0,1,0,0.0,0,0,0,0,0,0
