p_id,unique_team_id,player_team_id,team_id_impute,player,numeric_id,position,team_name,player_game_count,block_percent,declined_penalties,franchise_id,grades_offense,grades_pass_block,grades_run_block,hits_allowed,hurries_allowed,non_spike_pass_block,non_spike_pass_block_percentage,pass_block_percent,pbe,penalties,pressures_allowed,sacks_allowed,snap_counts_block,snap_counts_ce,snap_counts_lg,snap_counts_lt,snap_counts_offense,snap_counts_pass_block,snap_counts_pass_play,snap_counts_rg,snap_counts_rt,snap_counts_run_block,snap_counts_te,week,year,plyr_number
lecitussmith_ari_2022_14,ari_2022_14,lecitussmith_ari_2022,ari_2022,lecitussmith,61069,g,ari,1,100.0,0,1,0,0,0,0,0,0,0,0,0,0,0,0,0,0,0,0,0,0,0,0,0,0,0,14,2022,14
joethuney_kc_2022_14,kc_2022_14,joethuney_kc_2022,kc_2022,joethuney,10712,g,kc,1,100.0,0,16,0,0,0,0,0,0,0,0,0,0,0,0,0,0,0,0,0,0,0,0,0,0,0,14,2022,14
mattpeart_nyg_2022_14,nyg_2022_14,mattpeart_nyg_2022,nyg_2022,mattpeart,46179,t,nyg,1,100.0,0,21,0,0,0,0,0,0,0,0,0,0,0,0,0,0,0,0,0,0,0,0,0,0,0,14,2022,14
landonyoung_no_2022_14,no_2022_14,landonyoung_no_2022,no_2022,landonyoung,41761,t,no,1,100.0,0,20,0,0,0,0,0,0,0,0,0,0,0,0,0,0,0,0,0,0,0,0,0,0,0,14,2022,14
chumaedoga_atl_2022_14,atl_2022_14,chumaedoga_atl_2022,atl_2022,chumaedoga,46232,g,atl,1,100.0,0,2,0,0,0,0,0,0,0,0,0,0,0,0,0,0,0,0,0,0,0,0,0,0,0,14,2022,14
ronniestanley_bal_2022_14,bal_2022_14,ronniestanley_bal_2022,bal_2022,ronniestanley,10640,t,bal,1,100.0,0,3,0,0,0,0,0,0,0,0,0,0,0,0,0,0,0,0,0,0,0,0,0,0,0,14,2022,14
bobbyevans_lar_2022_14,lar_2022_14,bobbyevans_lar_2022,lar_2022,bobbyevans,36800,g,lar,1,100.0,0,26,0,0,0,0,0,0,0,0,0,0,0,0,0,0,0,0,0,0,0,0,0,0,0,14,2022,14
jchassenauer_pit_2022_14,pit_2022_14,jchassenauer_pit_2022,pit_2022,jchassenauer,45600,ol,pit,1,100.0,0,25,0,0,0,0,0,0,0,0,0,0,0,0,0,0,0,0,0,0,0,0,0,0,0,14,2022,14
shanelemieux_nyg_2022_14,nyg_2022_14,shanelemieux_nyg_2022,nyg_2022,shanelemieux,28149,g,nyg,1,100.0,0,21,0,0,0,0,0,0,0,0,0,0,0,0,0,0,0,0,0,0,0,0,0,0,0,14,2022,14
joshuaezeudu_nyg_2022_14,nyg_2022_14,joshuaezeudu_nyg_2022,nyg_2022,joshuaezeudu,77355,g,nyg,1,100.0,0,21,0,0,0,0,0,0,0,0,0,0,0,0,0,0,0,0,0,0,0,0,0,0,0,14,2022,14
codyford_ari_2022_14,ari_2022_14,codyford_ari_2022,ari_2022,codyford,39805,g,ari,1,100.0,0,1,0,0,0,0,0,0,0,0,0,0,0,0,0,0,0,0,0,0,0,0,0,0,0,14,2022,14
isaiahwynn_ne_2022_14,ne_2022_14,isaiahwynn_ne_2022,ne_2022,isaiahwynn,46048,t,ne,1,100.0,0,19,0,0,0,0,0,0,0,0,0,0,0,0,0,0,0,0,0,0,0,0,0,0,0,14,2022,14
christiandarrisaw_min_2022_14,min_2022_14,christiandarrisaw_min_2022,min_2022,christiandarrisaw,77373,t,min,1,100.0,0,18,0,0,0,0,0,0,0,0,0,0,0,0,0,0,0,0,0,0,0,0,0,0,0,14,2022,14
evanbrown_det_2022_14,det_2022_14,evanbrown_det_2022,det_2022,evanbrown,38709,g,det,1,100.0,0,11,0,0,0,0,0,0,0,0,0,0,0,0,0,0,0,0,0,0,0,0,0,0,0,14,2022,14
dakodashepley_dal_2022_14,dal_2022_14,dakodashepley_dal_2022,dal_2022,dakodashepley,66937,ol,dal,1,100.0,0,9,0,0,0,0,0,0,0,0,0,0,0,0,0,0,0,0,0,0,0,0,0,0,0,14,2022,14
coltonmckivitz_sf_2022_14,sf_2022_14,coltonmckivitz_sf_2022,sf_2022,coltonmckivitz,29314,t,sf,1,100.0,0,28,0,0,0,0,0,0,0,0,0,0,0,0,0,0,0,0,0,0,0,0,0,0,0,14,2022,14
lewiskidd_no_2022_14,no_2022_14,lewiskidd_no_2022,no_2022,lewiskidd,59892,g,no,1,75.0,0,20,0,0,0,0,0,0,0,0,0,0,0,0,0,0,0,0,0,0,0,0,0,0,0,14,2022,14
tannerhudson_nyg_2022_14,nyg_2022_14,tannerhudson_nyg_2022,nyg_2022,tannerhudson,66924,te,nyg,1,16.7,0,21,0,0,0,0,0,0,0,0,0,0,0,0,0,0,0,0,0,0,0,0,0,0,0,14,2022,14
yasirdurant_no_2022_14,no_2022_14,yasirdurant_no_2022,no_2022,yasirdurant,59878,t,no,1,100.0,0,20,0,0,0,0,0,0,0,0,0,0,0,0,0,0,0,0,0,0,0,0,0,0,0,14,2022,14
mikehilton_cin_2022_14,cin_2022_14,mikehilton_cin_2022,cin_2022,mikehilton,10898,cb,cin,1,100.0,0,7,0,0,0,0,0,0,0,0,0,0,0,0,0,0,0,0,0,0,0,0,0,0,0,14,2022,14
stormnorton_lac_2022_14,lac_2022_14,stormnorton_lac_2022,lac_2022,stormnorton,12188,t,lac,1,100.0,0,27,0,0,0,0,0,0,0,0,0,0,0,0,0,0,0,0,0,0,0,0,0,0,0,14,2022,14
austinschlottmann_min_2022_14,min_2022_14,austinschlottmann_min_2022,min_2022,austinschlottmann,30097,ol,min,1,100.0,0,18,0,0,0,0,0,0,0,0,0,0,0,0,0,0,0,0,0,0,0,0,0,0,0,14,2022,14
gregvanroten_buf_2022_14,buf_2022_14,gregvanroten_buf_2022,buf_2022,gregvanroten,7746,ol,buf,1,100.0,1,4,0,0,0,0,0,0,0,0,0,0,0,0,0,0,0,0,0,0,0,0,0,0,0,14,2022,14
taylormoton_car_2022_14,car_2022_14,taylormoton_car_2022,car_2022,taylormoton,11819,t,car,1,100.0,0,5,0,0,0,0,0,0,0,0,0,0,0,0,0,0,0,0,0,0,0,0,0,0,0,14,2022,14
bradychristensen_car_2022_14,car_2022_14,bradychristensen_car_2022,car_2022,bradychristensen,51985,g,car,1,100.0,0,5,0,0,0,0,0,0,0,0,0,0,0,0,0,0,0,0,0,0,0,0,0,0,0,14,2022,14
bradleybozeman_car_2022_14,car_2022_14,bradleybozeman_car_2022,car_2022,bradleybozeman,27934,ol,car,1,100.0,0,5,0,0,0,0,0,0,0,0,0,0,0,0,0,0,0,0,0,0,0,0,0,0,0,14,2022,14
austincorbett_car_2022_14,car_2022_14,austincorbett_car_2022,car_2022,austincorbett,46290,g,car,1,100.0,0,5,0,0,0,0,0,0,0,0,0,0,0,0,0,0,0,0,0,0,0,0,0,0,0,14,2022,14
ikemekwonu_car_2022_14,car_2022_14,ikemekwonu_car_2022,car_2022,ikemekwonu,98286,t,car,1,100.0,0,5,0,0,0,0,0,0,0,0,0,0,0,0,0,0,0,0,0,0,0,0,0,0,0,14,2022,14
billyprice_ari_2022_14,ari_2022_14,billyprice_ari_2022,ari_2022,billyprice,46795,ol,ari,1,100.0,0,1,0,0,0,0,0,0,0,0,0,0,0,0,0,0,0,0,0,0,0,0,0,0,0,14,2022,14
maxgarcia_ari_2022_14,ari_2022_14,maxgarcia_ari_2022,ari_2022,maxgarcia,9566,g,ari,1,100.0,0,1,0,0,0,0,0,0,0,0,0,0,0,0,0,0,0,0,0,0,0,0,0,0,0,14,2022,14
kelvinbeachum_ari_2022_14,ari_2022_14,kelvinbeachum_ari_2022,ari_2022,kelvinbeachum,7229,t,ari,1,100.0,0,1,0,0,0,0,0,0,0,0,0,0,0,0,0,0,0,0,0,0,0,0,0,0,0,14,2022,14
rashaadcoward_ari_2022_14,ari_2022_14,rashaadcoward_ari_2022,ari_2022,rashaadcoward,12168,g,ari,1,100.0,1,1,0,0,0,0,0,0,0,0,0,0,0,0,0,0,0,0,0,0,0,0,0,0,0,14,2022,14
joshjones_ari_2022_14,ari_2022_14,joshjones_ari_2022,ari_2022,joshjones,26634,t,ari,1,100.0,0,1,0,0,0,0,0,0,0,0,0,0,0,0,0,0,0,0,0,0,0,0,0,0,0,14,2022,14
bradensmith_ind_2022_14,ind_2022_14,bradensmith_ind_2022,ind_2022,bradensmith,46794,t,ind,1,100.0,1,14,0,0,0,0,0,0,0,0,0,0,0,0,0,0,0,0,0,0,0,0,0,0,0,14,2022,14
jackanderson_nyg_2022_14,nyg_2022_14,jackanderson_nyg_2022,nyg_2022,jackanderson,60130,g,nyg,1,100.0,0,21,0,0,0,0,0,0,0,0,0,0,0,0,0,0,0,0,0,0,0,0,0,0,0,14,2022,14
joshandrews_no_2022_14,no_2022_14,joshandrews_no_2022,no_2022,joshandrews,9068,ol,no,1,100.0,1,20,0,0,0,0,0,0,0,0,0,0,0,0,0,0,0,0,0,0,0,0,0,0,0,14,2022,14
yodnycajuste_ne_2022_14,ne_2022_14,yodnycajuste_ne_2022,ne_2022,yodnycajuste,46297,t,ne,1,100.0,0,19,0,0,0,0,0,0,0,0,0,0,0,0,0,0,0,0,0,0,0,0,0,0,0,14,2022,14
jamesferentz_ne_2022_14,ne_2022_14,jamesferentz_ne_2022,ne_2022,jamesferentz,9258,ol,ne,1,100.0,0,19,0,0,0,0,0,0,0,0,0,0,0,0,0,0,0,0,0,0,0,0,0,0,0,14,2022,14
odayaboushi_lar_2022_14,lar_2022_14,odayaboushi_lar_2022,lar_2022,odayaboushi,7923,g,lar,1,100.0,0,26,0,0,0,0,0,0,0,0,0,0,0,0,0,0,0,0,0,0,0,0,0,0,0,14,2022,14
ajarcuri_lar_2022_14,lar_2022_14,ajarcuri_lar_2022,lar_2022,ajarcuri,44757,t,lar,1,100.0,0,26,0,0,0,0,0,0,0,0,0,0,0,0,0,0,0,0,0,0,0,0,0,0,0,14,2022,14
treypipkins_lac_2022_14,lac_2022_14,treypipkins_lac_2022,lac_2022,treypipkins,91462,t,lac,1,100.0,0,27,0,0,0,0,0,0,0,0,0,0,0,0,0,0,0,0,0,0,0,0,0,0,0,14,2022,14
davidbakhtiari_gb_2022_14,gb_2022_14,davidbakhtiari_gb_2022,gb_2022,davidbakhtiari,7891,t,gb,1,100.0,0,12,0,0,0,0,0,0,0,0,0,0,0,0,0,0,0,0,0,0,0,0,0,0,0,14,2022,14
larryborom_chi_2022_14,chi_2022_14,larryborom_chi_2022,chi_2022,larryborom,59879,t,chi,1,100.0,0,6,0,0,0,0,0,0,0,0,0,0,0,0,0,0,0,0,0,0,0,0,0,0,0,14,2022,14
spencerburford_sf_2022_14,sf_2022_14,spencerburford_sf_2022,sf_2022,spencerburford,81920,g,sf,1,100.0,0,28,0,0,0,0,0,0,0,0,0,0,0,0,0,0,0,0,0,0,0,0,0,0,0,14,2022,14
tommytremble_car_2022_14,car_2022_14,tommytremble_car_2022,car_2022,tommytremble,84025,te,car,1,74.0,0,5,0,0,0,0,0,0,0,0,0,0,0,0,0,0,0,0,0,0,0,0,0,0,0,14,2022,14
terronarmstead_mia_2022_14,mia_2022_14,terronarmstead_mia_2022,mia_2022,terronarmstead,7856,t,mia,1,100.0,0,17,0,0,0,0,0,0,0,0,0,0,0,0,0,0,0,0,0,0,0,0,0,0,0,14,2022,14
traiturner_was_2022_14,was_2022_14,traiturner_was_2022,was_2022,traiturner,8727,g,was,1,100.0,0,32,0,0,0,0,0,0,0,0,0,0,0,0,0,0,0,0,0,0,0,0,0,0,0,14,2022,14
diondawkins_buf_2022_14,buf_2022_14,diondawkins_buf_2022,buf_2022,diondawkins,11818,t,buf,1,100.0,0,4,0,0,0,0,0,0,0,0,0,0,0,0,0,0,0,0,0,0,0,0,0,0,0,14,2022,14
ianthomas_car_2022_14,car_2022_14,ianthomas_car_2022,car_2022,ianthomas,42130,te,car,1,84.2,0,5,0,0,0,0,0,0,0,0,0,0,0,0,0,0,0,0,0,0,0,0,0,0,0,14,2022,14
davidnjoku_cle_2022_14,cle_2022_14,davidnjoku_cle_2022,cle_2022,davidnjoku,11784,te,cle,1,45.3,0,8,0,0,0,0,0,0,0,0,0,0,0,0,0,0,0,0,0,0,0,0,0,0,0,14,2022,14
treymcbride_ari_2022_14,ari_2022_14,treymcbride_ari_2022,ari_2022,treymcbride,75916,te,ari,1,53.8,0,1,0,0,0,0,0,0,0,0,0,0,0,0,0,0,0,0,0,0,0,0,0,0,0,14,2022,14
saahdiqcharles_was_2022_14,was_2022_14,saahdiqcharles_was_2022,was_2022,saahdiqcharles,59820,g,was,1,100.0,0,32,0,0,0,0,0,0,0,0,0,0,0,0,0,0,0,0,0,0,0,0,0,0,0,14,2022,14
camerving_car_2022_14,car_2022_14,camerving_car_2022,car_2022,camerving,9452,t,car,1,100.0,0,5,0,0,0,0,0,0,0,0,0,0,0,0,0,0,0,0,0,0,0,0,0,0,0,14,2022,14
coreylinsley_lac_2022_14,lac_2022_14,coreylinsley_lac_2022,lac_2022,coreylinsley,8796,ol,lac,1,100.0,0,27,0,0,0,0,0,0,0,0,0,0,0,0,0,0,0,0,0,0,0,0,0,0,0,14,2022,14
maxxwilliams_ari_2022_14,ari_2022_14,maxxwilliams_ari_2022,ari_2022,maxxwilliams,9488,te,ari,1,82.4,0,1,0,0,0,0,0,0,0,0,0,0,0,0,0,0,0,0,0,0,0,0,0,0,0,14,2022,14
lawrencecager_nyg_2022_14,nyg_2022_14,lawrencecager_nyg_2022,nyg_2022,lawrencecager,34914,te,nyg,1,39.3,0,21,0,0,0,0,0,0,0,0,0,0,0,0,0,0,0,0,0,0,0,0,0,0,0,14,2022,14
mattnelson_det_2022_14,det_2022_14,mattnelson_det_2022,det_2022,mattnelson,48584,t,det,1,91.7,0,11,0,0,0,0,0,0,0,0,0,0,0,0,0,0,0,0,0,0,0,0,0,0,0,14,2022,14
stephensullivan_car_2022_14,car_2022_14,stephensullivan_car_2022,car_2022,stephensullivan,40411,te,car,1,73.3,0,5,0,0,0,0,0,0,0,0,0,0,0,0,0,0,0,0,0,0,0,0,0,0,0,14,2022,14
nickboyle_bal_2022_14,bal_2022_14,nickboyle_bal_2022,bal_2022,nickboyle,9604,te,bal,1,90.0,0,3,0,0,0,0,0,0,0,0,0,0,0,0,0,0,0,0,0,0,0,0,0,0,0,14,2022,14
koreycunningham_nyg_2022_14,nyg_2022_14,koreycunningham_nyg_2022,nyg_2022,koreycunningham,38555,t,nyg,1,100.0,0,21,0,0,0,0,0,0,0,0,0,0,0,0,0,0,0,0,0,0,0,0,0,0,0,14,2022,14
quintinmorris_buf_2022_14,buf_2022_14,quintinmorris_buf_2022,buf_2022,quintinmorris,61182,te,buf,1,44.4,0,4,0,0,0,0,0,0,0,0,0,0,0,0,0,0,0,0,0,0,0,0,0,0,0,14,2022,14
stephenanderson_ari_2022_14,ari_2022_14,stephenanderson_ari_2022,ari_2022,stephenanderson,11160,te,ari,1,66.7,0,1,0,0,0,0,0,0,0,0,0,0,0,0,0,0,0,0,0,0,0,0,0,0,0,14,2022,14
cameronbrate_tb_2022_14,tb_2022_14,cameronbrate_tb_2022,tb_2022,cameronbrate,9207,te,tb,1,20.0,0,30,0,0,0,0,0,0,0,0,0,0,0,0,0,0,0,0,0,0,0,0,0,0,0,14,2022,14
ojhoward_hou_2022_14,hou_2022_14,ojhoward_hou_2022,hou_2022,ojhoward,11774,te,hou,1,54.5,0,13,0,0,0,0,0,0,0,0,0,0,0,0,0,0,0,0,0,0,0,0,0,0,0,14,2022,14
juwanjohnson_no_2022_14,no_2022_14,juwanjohnson_no_2022,no_2022,juwanjohnson,28305,te,no,1,22.2,0,20,0,0,0,0,0,0,0,0,0,0,0,0,0,0,0,0,0,0,0,0,0,0,0,14,2022,14
hakeemadeniji_cin_2022_14,cin_2022_14,hakeemadeniji_cin_2022,cin_2022,hakeemadeniji,45419,t,cin,1,100.0,0,7,0,0,0,0,0,0,0,0,0,0,0,0,0,0,0,0,0,0,0,0,0,0,0,14,2022,14
rossdwelley_sf_2022_14,sf_2022_14,rossdwelley_sf_2022,sf_2022,rossdwelley,20994,te,sf,1,83.3,0,28,0,0,0,0,0,0,0,0,0,0,0,0,0,0,0,0,0,0,0,0,0,0,0,14,2022,14
cademays_car_2022_14,car_2022_14,cademays_car_2022,car_2022,cademays,81995,g,car,1,83.3,0,5,0,0,0,0,0,0,0,0,0,0,0,0,0,0,0,0,0,0,0,0,0,0,0,14,2022,14
nikolakalinic_ind_2022_14,ind_2022_14,nikolakalinic_ind_2022,ind_2022,nikolakalinic,156095,te,ind,1,83.3,0,14,0,0,0,0,0,0,0,0,0,0,0,0,0,0,0,0,0,0,0,0,0,0,0,14,2022,14
danfeeney_nyj_2022_14,nyj_2022_14,danfeeney_nyj_2022,nyj_2022,danfeeney,11826,g,nyj,1,100.0,0,22,0,0,0,0,0,0,0,0,0,0,0,0,0,0,0,0,0,0,0,0,0,0,0,14,2022,14
jeremyruckert_nyj_2022_14,nyj_2022_14,jeremyruckert_nyj_2022,nyj_2022,jeremyruckert,84029,te,nyj,1,66.7,0,22,0,0,0,0,0,0,0,0,0,0,0,0,0,0,0,0,0,0,0,0,0,0,0,14,2022,14
mikeremmers_nyj_2022_14,nyj_2022_14,mikeremmers_nyj_2022,nyj_2022,mikeremmers,7431,t,nyj,1,100.0,0,22,0,0,0,0,0,0,0,0,0,0,0,0,0,0,0,0,0,0,0,0,0,0,0,14,2022,14
germainifedi_atl_2022_14,atl_2022_14,germainifedi_atl_2022,atl_2022,germainifedi,10665,t,atl,1,100.0,0,2,0,0,0,0,0,0,0,0,0,0,0,0,0,0,0,0,0,0,0,0,0,0,0,14,2022,14
rogercarter_lar_2022_14,lar_2022_14,rogercarter_lar_2022,lar_2022,rogercarter,55200,te,lar,1,100.0,0,26,0,0,0,0,0,0,0,0,0,0,0,0,0,0,0,0,0,0,0,0,0,0,0,14,2022,14
nateherbig_nyj_2022_14,nyj_2022_14,nateherbig_nyj_2022,nyj_2022,nateherbig,28844,g,nyj,1,100.0,0,22,0,0,0,0,0,0,0,0,0,0,0,0,0,0,0,0,0,0,0,0,0,0,0,14,2022,14
lakentomlinson_nyj_2022_14,nyj_2022_14,lakentomlinson_nyj_2022,nyj_2022,lakentomlinson,9461,g,nyj,1,100.0,0,22,0,0,0,0,0,0,0,0,0,0,0,0,0,0,0,0,0,0,0,0,0,0,0,14,2022,14
andrewnorwell_was_2022_14,was_2022_14,andrewnorwell_was_2022,was_2022,andrewnorwell,9126,g,was,1,100.0,0,32,0,0,0,0,0,0,0,0,0,0,0,0,0,0,0,0,0,0,0,0,0,0,0,14,2022,14
corneliuslucas_was_2022_14,was_2022_14,corneliuslucas_was_2022,was_2022,corneliuslucas,9025,t,was,1,100.0,0,32,0,0,0,0,0,0,0,0,0,0,0,0,0,0,0,0,0,0,0,0,0,0,0,14,2022,14
duanebrown_nyj_2022_14,nyj_2022_14,duanebrown_nyj_2022,nyj_2022,duanebrown,4340,t,nyj,1,100.0,0,22,0,0,0,0,0,0,0,0,0,0,0,0,0,0,0,0,0,0,0,0,0,0,0,14,2022,14
charleslenojr_was_2022_14,was_2022_14,charleslenojr_was_2022,was_2022,charleslenojr,8880,t,was,1,100.0,0,32,0,0,0,0,0,0,0,0,0,0,0,0,0,0,0,0,0,0,0,0,0,0,0,14,2022,14
aaronbanks_sf_2022_14,sf_2022_14,aaronbanks_sf_2022,sf_2022,aaronbanks,59983,g,sf,1,100.0,1,28,0,0,0,0,0,0,0,0,0,0,0,0,0,0,0,0,0,0,0,0,0,0,0,14,2022,14
mikemcglinchey_sf_2022_14,sf_2022_14,mikemcglinchey_sf_2022,sf_2022,mikemcglinchey,46275,t,sf,1,100.0,0,28,0,0,0,0,0,0,0,0,0,0,0,0,0,0,0,0,0,0,0,0,0,0,0,14,2022,14
jakebrendel_sf_2022_14,sf_2022_14,jakebrendel_sf_2022,sf_2022,jakebrendel,11117,ol,sf,1,100.0,0,28,0,0,0,0,0,0,0,0,0,0,0,0,0,0,0,0,0,0,0,0,0,0,0,14,2022,14
danielbrunskill_sf_2022_14,sf_2022_14,danielbrunskill_sf_2022,sf_2022,danielbrunskill,34807,g,sf,1,100.0,0,28,0,0,0,0,0,0,0,0,0,0,0,0,0,0,0,0,0,0,0,0,0,0,0,14,2022,14
trentwilliams_sf_2022_14,sf_2022_14,trentwilliams_sf_2022,sf_2022,trentwilliams,5529,t,sf,1,100.0,0,28,0,0,0,0,0,0,0,0,0,0,0,0,0,0,0,0,0,0,0,0,0,0,0,14,2022,14
nickleverett_tb_2022_14,tb_2022_14,nickleverett_tb_2022,tb_2022,nickleverett,27699,g,tb,1,100.0,0,30,0,0,0,0,0,0,0,0,0,0,0,0,0,0,0,0,0,0,0,0,0,0,0,14,2022,14
roberthainsey_tb_2022_14,tb_2022_14,roberthainsey_tb_2022,tb_2022,roberthainsey,59980,ol,tb,1,100.0,0,30,0,0,0,0,0,0,0,0,0,0,0,0,0,0,0,0,0,0,0,0,0,0,0,14,2022,14
shaqmason_tb_2022_14,tb_2022_14,shaqmason_tb_2022,tb_2022,shaqmason,9564,g,tb,1,100.0,0,30,0,0,0,0,0,0,0,0,0,0,0,0,0,0,0,0,0,0,0,0,0,0,0,14,2022,14
joshwells_tb_2022_14,tb_2022_14,joshwells_tb_2022,tb_2022,joshwells,8968,t,tb,1,100.0,0,30,0,0,0,0,0,0,0,0,0,0,0,0,0,0,0,0,0,0,0,0,0,0,0,14,2022,14
donovansmith_tb_2022_14,tb_2022_14,donovansmith_tb_2022,tb_2022,donovansmith,9467,t,tb,1,100.0,0,30,0,0,0,0,0,0,0,0,0,0,0,0,0,0,0,0,0,0,0,0,0,0,0,14,2022,14
kayodeawosika_det_2022_14,det_2022_14,kayodeawosika_det_2022,det_2022,kayodeawosika,44909,g,det,1,100.0,0,11,0,0,0,0,0,0,0,0,0,0,0,0,0,0,0,0,0,0,0,0,0,0,0,14,2022,14
peneisewell_det_2022_14,det_2022_14,peneisewell_det_2022,det_2022,peneisewell,81788,t,det,1,100.0,0,11,0,0,0,0,0,0,0,0,0,0,0,0,0,0,0,0,0,0,0,0,0,0,0,14,2022,14
frankragnow_det_2022_14,det_2022_14,frankragnow_det_2022,det_2022,frankragnow,39137,ol,det,1,100.0,0,11,0,0,0,0,0,0,0,0,0,0,0,0,0,0,0,0,0,0,0,0,0,0,0,14,2022,14
jonahjackson_det_2022_14,det_2022_14,jonahjackson_det_2022,det_2022,jonahjackson,37070,g,det,1,100.0,0,11,0,0,0,0,0,0,0,0,0,0,0,0,0,0,0,0,0,0,0,0,0,0,0,14,2022,14
taylordecker_det_2022_14,det_2022_14,taylordecker_det_2022,det_2022,taylordecker,10650,t,det,1,100.0,0,11,0,0,0,0,0,0,0,0,0,0,0,0,0,0,0,0,0,0,0,0,0,0,0,14,2022,14
mitchmorse_buf_2022_14,buf_2022_14,mitchmorse_buf_2022,buf_2022,mitchmorse,9482,ol,buf,1,100.0,0,4,0,0,0,0,0,0,0,0,0,0,0,0,0,0,0,0,0,0,0,0,0,0,0,14,2022,14
willclapp_lac_2022_14,lac_2022_14,willclapp_lac_2022,lac_2022,willclapp,39386,ol,lac,1,100.0,0,27,0,0,0,0,0,0,0,0,0,0,0,0,0,0,0,0,0,0,0,0,0,0,0,14,2022,14
rodgersaffold_buf_2022_14,buf_2022_14,rodgersaffold_buf_2022,buf_2022,rodgersaffold,5558,g,buf,1,100.0,0,4,0,0,0,0,0,0,0,0,0,0,0,0,0,0,0,0,0,0,0,0,0,0,0,14,2022,14
ryanbates_buf_2022_14,buf_2022_14,ryanbates_buf_2022,buf_2022,ryanbates,28300,g,buf,1,100.0,0,4,0,0,0,0,0,0,0,0,0,0,0,0,0,0,0,0,0,0,0,0,0,0,0,14,2022,14
spencerbrown_buf_2022_14,buf_2022_14,spencerbrown_buf_2022,buf_2022,spencerbrown,42296,t,buf,1,100.0,0,4,0,0,0,0,0,0,0,0,0,0,0,0,0,0,0,0,0,0,0,0,0,0,0,14,2022,14
jamareesalyer_lac_2022_14,lac_2022_14,jamareesalyer_lac_2022,lac_2022,jamareesalyer,81656,t,lac,1,100.0,0,27,0,0,0,0,0,0,0,0,0,0,0,0,0,0,0,0,0,0,0,0,0,0,0,14,2022,14
fostersarell_lac_2022_14,lac_2022_14,fostersarell_lac_2022,lac_2022,fostersarell,52272,t,lac,1,100.0,0,27,0,0,0,0,0,0,0,0,0,0,0,0,0,0,0,0,0,0,0,0,0,0,0,14,2022,14
mattfeiler_lac_2022_14,lac_2022_14,mattfeiler_lac_2022,lac_2022,mattfeiler,9289,g,lac,1,100.0,0,27,0,0,0,0,0,0,0,0,0,0,0,0,0,0,0,0,0,0,0,0,0,0,0,14,2022,14
jordanmailata_phi_2022_14,phi_2022_14,jordanmailata_phi_2022,phi_2022,jordanmailata,66916,t,phi,1,100.0,0,24,0,0,0,0,0,0,0,0,0,0,0,0,0,0,0,0,0,0,0,0,0,0,0,14,2022,14
quentonnelson_ind_2022_14,ind_2022_14,quentonnelson_ind_2022,ind_2022,quentonnelson,12954,g,ind,1,100.0,0,14,0,0,0,0,0,0,0,0,0,0,0,0,0,0,0,0,0,0,0,0,0,0,0,14,2022,14
jonahwilliams_cin_2022_14,cin_2022_14,jonahwilliams_cin_2022,cin_2022,jonahwilliams,41651,t,cin,1,100.0,0,7,0,0,0,0,0,0,0,0,0,0,0,0,0,0,0,0,0,0,0,0,0,0,0,14,2022,14
tylerlinderbaum_bal_2022_14,bal_2022_14,tylerlinderbaum_bal_2022,bal_2022,tylerlinderbaum,82291,ol,bal,1,100.0,0,3,0,0,0,0,0,0,0,0,0,0,0,0,0,0,0,0,0,0,0,0,0,0,0,14,2022,14
tedkarras_cin_2022_14,cin_2022_14,tedkarras_cin_2022,cin_2022,tedkarras,10855,ol,cin,1,100.0,0,7,0,0,0,0,0,0,0,0,0,0,0,0,0,0,0,0,0,0,0,0,0,0,0,14,2022,14
ryankelly_ind_2022_14,ind_2022_14,ryankelly_ind_2022,ind_2022,ryankelly,10652,ol,ind,1,100.0,0,14,0,0,0,0,0,0,0,0,0,0,0,0,0,0,0,0,0,0,0,0,0,0,0,14,2022,14
bernhardraimann_ind_2022_14,ind_2022_14,bernhardraimann_ind_2022,ind_2022,bernhardraimann,77948,t,ind,1,100.0,0,14,0,0,0,0,0,0,0,0,0,0,0,0,0,0,0,0,0,0,0,0,0,0,0,14,2022,14
morganmoses_bal_2022_14,bal_2022_14,morganmoses_bal_2022,bal_2022,morganmoses,8701,t,bal,1,100.0,0,3,0,0,0,0,0,0,0,0,0,0,0,0,0,0,0,0,0,0,0,0,0,0,0,14,2022,14
willfries_ind_2022_14,ind_2022_14,willfries_ind_2022,ind_2022,willfries,41530,g,ind,1,100.0,0,14,0,0,0,0,0,0,0,0,0,0,0,0,0,0,0,0,0,0,0,0,0,0,0,14,2022,14
alexcappa_cin_2022_14,cin_2022_14,alexcappa_cin_2022,cin_2022,alexcappa,66578,g,cin,1,100.0,0,7,0,0,0,0,0,0,0,0,0,0,0,0,0,0,0,0,0,0,0,0,0,0,0,14,2022,14
kevinzeitler_bal_2022_14,bal_2022_14,kevinzeitler_bal_2022,bal_2022,kevinzeitler,7032,g,bal,1,100.0,1,3,0,0,0,0,0,0,0,0,0,0,0,0,0,0,0,0,0,0,0,0,0,0,0,14,2022,14
benpowers_bal_2022_14,bal_2022_14,benpowers_bal_2022,bal_2022,benpowers,41482,g,bal,1,100.0,0,3,0,0,0,0,0,0,0,0,0,0,0,0,0,0,0,0,0,0,0,0,0,0,0,14,2022,14
laelcollins_cin_2022_14,cin_2022_14,laelcollins_cin_2022,cin_2022,laelcollins,9719,t,cin,1,100.0,0,7,0,0,0,0,0,0,0,0,0,0,0,0,0,0,0,0,0,0,0,0,0,0,0,14,2022,14
cordellvolson_cin_2022_14,cin_2022_14,cordellvolson_cin_2022,cin_2022,cordellvolson,30614,g,cin,1,100.0,0,7,0,0,0,0,0,0,0,0,0,0,0,0,0,0,0,0,0,0,0,0,0,0,0,14,2022,14
davidquessenberry_buf_2022_14,buf_2022_14,davidquessenberry_buf_2022,buf_2022,davidquessenberry,7957,t,buf,1,100.0,0,4,0,0,0,0,0,0,0,0,0,0,0,0,0,0,0,0,0,0,0,0,0,0,0,14,2022,14
edingram_min_2022_14,min_2022_14,edingram_min_2022,min_2022,edingram,59819,g,min,1,100.0,0,18,0,0,0,0,0,0,0,0,0,0,0,0,0,0,0,0,0,0,0,0,0,0,0,14,2022,14
ezracleveland_min_2022_14,min_2022_14,ezracleveland_min_2022,min_2022,ezracleveland,41973,g,min,1,100.0,0,18,0,0,0,0,0,0,0,0,0,0,0,0,0,0,0,0,0,0,0,0,0,0,0,14,2022,14
brianoneill_min_2022_14,min_2022_14,brianoneill_min_2022,min_2022,brianoneill,46854,t,min,1,100.0,0,18,0,0,0,0,0,0,0,0,0,0,0,0,0,0,0,0,0,0,0,0,0,0,0,14,2022,14
blakebrandel_min_2022_14,min_2022_14,blakebrandel_min_2022,min_2022,blakebrandel,46282,t,min,1,100.0,0,18,0,0,0,0,0,0,0,0,0,0,0,0,0,0,0,0,0,0,0,0,0,0,0,14,2022,14
garrettbradbury_min_2022_14,min_2022_14,garrettbradbury_min_2022,min_2022,garrettbradbury,46013,ol,min,1,100.0,0,18,0,0,0,0,0,0,0,0,0,0,0,0,0,0,0,0,0,0,0,0,0,0,0,14,2022,14
abrahamlucas_sea_2022_14,sea_2022_14,abrahamlucas_sea_2022,sea_2022,abrahamlucas,60218,t,sea,1,100.0,0,29,0,0,0,0,0,0,0,0,0,0,0,0,0,0,0,0,0,0,0,0,0,0,0,14,2022,14
damienlewis_sea_2022_14,sea_2022_14,damienlewis_sea_2022,sea_2022,damienlewis,81532,g,sea,1,100.0,0,29,0,0,0,0,0,0,0,0,0,0,0,0,0,0,0,0,0,0,0,0,0,0,0,14,2022,14
charlescross_sea_2022_14,sea_2022_14,charlescross_sea_2022,sea_2022,charlescross,98401,t,sea,1,100.0,0,29,0,0,0,0,0,0,0,0,0,0,0,0,0,0,0,0,0,0,0,0,0,0,0,14,2022,14
zionjohnson_lac_2022_14,lac_2022_14,zionjohnson_lac_2022,lac_2022,zionjohnson,99681,g,lac,1,100.0,0,27,0,0,0,0,0,0,0,0,0,0,0,0,0,0,0,0,0,0,0,0,0,0,0,14,2022,14
austinblythe_sea_2022_14,sea_2022_14,austinblythe_sea_2022,sea_2022,austinblythe,10882,ol,sea,1,100.0,0,29,0,0,0,0,0,0,0,0,0,0,0,0,0,0,0,0,0,0,0,0,0,0,0,14,2022,14
isaacseumalo_phi_2022_14,phi_2022_14,isaacseumalo_phi_2022,phi_2022,isaacseumalo,10713,g,phi,1,100.0,1,24,0,0,0,0,0,0,0,0,0,0,0,0,0,0,0,0,0,0,0,0,0,0,0,14,2022,14
markglowinski_nyg_2022_14,nyg_2022_14,markglowinski_nyg_2022,nyg_2022,markglowinski,9567,g,nyg,1,100.0,0,21,0,0,0,0,0,0,0,0,0,0,0,0,0,0,0,0,0,0,0,0,0,0,0,14,2022,14
jonrunyan_gb_2022_14,gb_2022_14,jonrunyan_gb_2022,gb_2022,jonrunyan,36661,g,gb,1,100.0,0,12,0,0,0,0,0,0,0,0,0,0,0,0,0,0,0,0,0,0,0,0,0,0,0,14,2022,14
evanneal_nyg_2022_14,nyg_2022_14,evanneal_nyg_2022,nyg_2022,evanneal,99063,t,nyg,1,100.0,0,21,0,0,0,0,0,0,0,0,0,0,0,0,0,0,0,0,0,0,0,0,0,0,0,14,2022,14
nickgates_nyg_2022_14,nyg_2022_14,nickgates_nyg_2022,nyg_2022,nickgates,29476,ol,nyg,1,100.0,1,21,0,0,0,0,0,0,0,0,0,0,0,0,0,0,0,0,0,0,0,0,0,0,0,14,2022,14
elgtonjenkins_gb_2022_14,gb_2022_14,elgtonjenkins_gb_2022,gb_2022,elgtonjenkins,46298,t,gb,1,100.0,0,12,0,0,0,0,0,0,0,0,0,0,0,0,0,0,0,0,0,0,0,0,0,0,0,14,2022,14
tylerlarsen_was_2022_14,was_2022_14,tylerlarsen_was_2022,was_2022,tylerlarsen,9304,ol,was,1,100.0,0,32,0,0,0,0,0,0,0,0,0,0,0,0,0,0,0,0,0,0,0,0,0,0,0,14,2022,14
zachtom_gb_2022_14,gb_2022_14,zachtom_gb_2022,gb_2022,zachtom,55443,g,gb,1,100.0,0,12,0,0,0,0,0,0,0,0,0,0,0,0,0,0,0,0,0,0,0,0,0,0,0,14,2022,14
jonfeliciano_nyg_2022_14,nyg_2022_14,jonfeliciano_nyg_2022,nyg_2022,jonfeliciano,9561,ol,nyg,1,100.0,0,21,0,0,0,0,0,0,0,0,0,0,0,0,0,0,0,0,0,0,0,0,0,0,0,14,2022,14
joshmyers_gb_2022_14,gb_2022_14,joshmyers_gb_2022,gb_2022,joshmyers,59992,ol,gb,1,100.0,0,12,0,0,0,0,0,0,0,0,0,0,0,0,0,0,0,0,0,0,0,0,0,0,0,14,2022,14
andrewthomas_nyg_2022_14,nyg_2022_14,andrewthomas_nyg_2022,nyg_2022,andrewthomas,59701,t,nyg,1,100.0,0,21,0,0,0,0,0,0,0,0,0,0,0,0,0,0,0,0,0,0,0,0,0,0,0,14,2022,14
yoshnijman_gb_2022_14,gb_2022_14,yoshnijman_gb_2022,gb_2022,yoshnijman,60822,t,gb,1,100.0,0,12,0,0,0,0,0,0,0,0,0,0,0,0,0,0,0,0,0,0,0,0,0,0,0,14,2022,14
ajcann_hou_2022_14,hou_2022_14,ajcann_hou_2022,hou_2022,ajcann,9500,g,hou,1,100.0,0,13,0,0,0,0,0,0,0,0,0,0,0,0,0,0,0,0,0,0,0,0,0,0,0,14,2022,14
tytushoward_hou_2022_14,hou_2022_14,tytushoward_hou_2022,hou_2022,tytushoward,25472,t,hou,1,100.0,1,13,0,0,0,0,0,0,0,0,0,0,0,0,0,0,0,0,0,0,0,0,0,0,0,14,2022,14
tylerbiadasz_dal_2022_14,dal_2022_14,tylerbiadasz_dal_2022,dal_2022,tylerbiadasz,41178,ol,dal,1,100.0,0,9,0,0,0,0,0,0,0,0,0,0,0,0,0,0,0,0,0,0,0,0,0,0,0,14,2022,14
terencesteele_dal_2022_14,dal_2022_14,terencesteele_dal_2022,dal_2022,terencesteele,39461,t,dal,1,100.0,0,9,0,0,0,0,0,0,0,0,0,0,0,0,0,0,0,0,0,0,0,0,0,0,0,14,2022,14
jamesdaniels_pit_2022_14,pit_2022_14,jamesdaniels_pit_2022,pit_2022,jamesdaniels,45576,g,pit,1,100.0,0,25,0,0,0,0,0,0,0,0,0,0,0,0,0,0,0,0,0,0,0,0,0,0,0,14,2022,14
danmoorejr_pit_2022_14,pit_2022_14,danmoorejr_pit_2022,pit_2022,danmoorejr,60120,t,pit,1,100.0,0,25,0,0,0,0,0,0,0,0,0,0,0,0,0,0,0,0,0,0,0,0,0,0,0,14,2022,14
laremytunsil_hou_2022_14,hou_2022_14,laremytunsil_hou_2022,hou_2022,laremytunsil,10647,t,hou,1,100.0,0,13,0,0,0,0,0,0,0,0,0,0,0,0,0,0,0,0,0,0,0,0,0,0,0,14,2022,14
masoncole_pit_2022_14,pit_2022_14,masoncole_pit_2022,pit_2022,masoncole,45547,ol,pit,1,100.0,1,25,0,0,0,0,0,0,0,0,0,0,0,0,0,0,0,0,0,0,0,0,0,0,0,14,2022,14
kevindotson_pit_2022_14,pit_2022_14,kevindotson_pit_2022,pit_2022,kevindotson,46735,g,pit,1,100.0,0,25,0,0,0,0,0,0,0,0,0,0,0,0,0,0,0,0,0,0,0,0,0,0,0,14,2022,14
scottquessenberry_hou_2022_14,hou_2022_14,scottquessenberry_hou_2022,hou_2022,scottquessenberry,23918,ol,hou,1,100.0,0,13,0,0,0,0,0,0,0,0,0,0,0,0,0,0,0,0,0,0,0,0,0,0,0,14,2022,14
zackmartin_dal_2022_14,dal_2022_14,zackmartin_dal_2022,dal_2022,zackmartin,8651,g,dal,1,100.0,0,9,0,0,0,0,0,0,0,0,0,0,0,0,0,0,0,0,0,0,0,0,0,0,0,14,2022,14
mattskura_lar_2022_14,lar_2022_14,mattskura_lar_2022,lar_2022,mattskura,11102,g,lar,1,100.0,0,26,0,0,0,0,0,0,0,0,0,0,0,0,0,0,0,0,0,0,0,0,0,0,0,14,2022,14
chukwumaokorafor_pit_2022_14,pit_2022_14,chukwumaokorafor_pit_2022,pit_2022,chukwumaokorafor,46302,t,pit,1,100.0,0,25,0,0,0,0,0,0,0,0,0,0,0,0,0,0,0,0,0,0,0,0,0,0,0,14,2022,14
brianallen_lar_2022_14,lar_2022_14,brianallen_lar_2022,lar_2022,brianallen,46104,ol,lar,1,100.0,0,26,0,0,0,0,0,0,0,0,0,0,0,0,0,0,0,0,0,0,0,0,0,0,0,14,2022,14
jasonkelce_phi_2022_14,phi_2022_14,jasonkelce_phi_2022,phi_2022,jasonkelce,6343,ol,phi,1,100.0,0,24,0,0,0,0,0,0,0,0,0,0,0,0,0,0,0,0,0,0,0,0,0,0,0,14,2022,14
robhavenstein_lar_2022_14,lar_2022_14,robhavenstein_lar_2022,lar_2022,robhavenstein,9490,t,lar,1,100.0,0,26,0,0,0,0,0,0,0,0,0,0,0,0,0,0,0,0,0,0,0,0,0,0,0,14,2022,14
lanejohnson_phi_2022_14,phi_2022_14,lanejohnson_phi_2022,phi_2022,lanejohnson,7786,t,phi,1,100.0,1,24,0,0,0,0,0,0,0,0,0,0,0,0,0,0,0,0,0,0,0,0,0,0,0,14,2022,14
colemanshelton_lar_2022_14,lar_2022_14,colemanshelton_lar_2022,lar_2022,colemanshelton,39316,ol,lar,1,100.0,0,26,0,0,0,0,0,0,0,0,0,0,0,0,0,0,0,0,0,0,0,0,0,0,0,14,2022,14
tynsekhe_lar_2022_14,lar_2022_14,tynsekhe_lar_2022,lar_2022,tynsekhe,7636,t,lar,1,100.0,0,26,0,0,0,0,0,0,0,0,0,0,0,0,0,0,0,0,0,0,0,0,0,0,0,14,2022,14
landondickerson_phi_2022_14,phi_2022_14,landondickerson_phi_2022,phi_2022,landondickerson,41712,g,phi,1,100.0,1,24,0,0,0,0,0,0,0,0,0,0,0,0,0,0,0,0,0,0,0,0,0,0,0,14,2022,14
joelbitonio_cle_2022_14,cle_2022_14,joelbitonio_cle_2022,cle_2022,joelbitonio,8670,g,cle,1,100.0,0,8,0,0,0,0,0,0,0,0,0,0,0,0,0,0,0,0,0,0,0,0,0,0,0,14,2022,14
hjaltefroholdt_cle_2022_14,cle_2022_14,hjaltefroholdt_cle_2022,cle_2022,hjaltefroholdt,44959,g,cle,1,100.0,0,8,0,0,0,0,0,0,0,0,0,0,0,0,0,0,0,0,0,0,0,0,0,0,0,14,2022,14
jackconklin_cle_2022_14,cle_2022_14,jackconklin_cle_2022,cle_2022,jackconklin,10642,t,cle,1,100.0,0,8,0,0,0,0,0,0,0,0,0,0,0,0,0,0,0,0,0,0,0,0,0,0,0,14,2022,14
connormcgovern_dal_2022_14,dal_2022_14,connormcgovern_dal_2022,dal_2022,connormcgovern,41714,g,dal,1,100.0,0,9,0,0,0,0,0,0,0,0,0,0,0,0,0,0,0,0,0,0,0,0,0,0,0,14,2022,14
koltonmiller_lv_2022_14,lv_2022_14,koltonmiller_lv_2022,lv_2022,koltonmiller,47013,t,lv,1,100.0,0,23,0,0,0,0,0,0,0,0,0,0,0,0,0,0,0,0,0,0,0,0,0,0,0,14,2022,14
alexbars_lv_2022_14,lv_2022_14,alexbars_lv_2022,lv_2022,alexbars,47018,g,lv,1,100.0,0,23,0,0,0,0,0,0,0,0,0,0,0,0,0,0,0,0,0,0,0,0,0,0,0,14,2022,14
andrejames_lv_2022_14,lv_2022_14,andrejames_lv_2022,lv_2022,andrejames,47058,ol,lv,1,100.0,0,23,0,0,0,0,0,0,0,0,0,0,0,0,0,0,0,0,0,0,0,0,0,0,0,14,2022,14
jermaineeluemunor_lv_2022_14,lv_2022_14,jermaineeluemunor_lv_2022,lv_2022,jermaineeluemunor,11914,t,lv,1,100.0,0,23,0,0,0,0,0,0,0,0,0,0,0,0,0,0,0,0,0,0,0,0,0,0,0,14,2022,14
dylanparham_lv_2022_14,lv_2022_14,dylanparham_lv_2022,lv_2022,dylanparham,60953,g,lv,1,100.0,0,23,0,0,0,0,0,0,0,0,0,0,0,0,0,0,0,0,0,0,0,0,0,0,0,14,2022,14
jedrickwillsjr_cle_2022_14,cle_2022_14,jedrickwillsjr_cle_2022,cle_2022,jedrickwillsjr,58467,t,cle,1,100.0,0,8,0,0,0,0,0,0,0,0,0,0,0,0,0,0,0,0,0,0,0,0,0,0,0,14,2022,14
georgefant_nyj_2022_14,nyj_2022_14,georgefant_nyj_2022,nyj_2022,georgefant,11282,t,nyj,1,100.0,0,22,0,0,0,0,0,0,0,0,0,0,0,0,0,0,0,0,0,0,0,0,0,0,0,14,2022,14
wyattteller_cle_2022_14,cle_2022_14,wyattteller_cle_2022,cle_2022,wyattteller,46131,g,cle,1,100.0,0,8,0,0,0,0,0,0,0,0,0,0,0,0,0,0,0,0,0,0,0,0,0,0,0,14,2022,14
cesarruiz_no_2022_14,no_2022_14,cesarruiz_no_2022,no_2022,cesarruiz,59857,g,no,1,100.0,0,20,0,0,0,0,0,0,0,0,0,0,0,0,0,0,0,0,0,0,0,0,0,0,0,14,2022,14
ryanramczyk_no_2022_14,no_2022_14,ryanramczyk_no_2022,no_2022,ryanramczyk,11787,t,no,1,100.0,0,20,0,0,0,0,0,0,0,0,0,0,0,0,0,0,0,0,0,0,0,0,0,0,0,14,2022,14
andruspeat_no_2022_14,no_2022_14,andruspeat_no_2022,no_2022,andruspeat,9446,g,no,1,100.0,0,20,0,0,0,0,0,0,0,0,0,0,0,0,0,0,0,0,0,0,0,0,0,0,0,14,2022,14
calvinthrockmorton_no_2022_14,no_2022_14,calvinthrockmorton_no_2022,no_2022,calvinthrockmorton,28238,g,no,1,100.0,0,20,0,0,0,0,0,0,0,0,0,0,0,0,0,0,0,0,0,0,0,0,0,0,0,14,2022,14
jameshurst_no_2022_14,no_2022_14,jameshurst_no_2022,no_2022,jameshurst,9001,t,no,1,100.0,0,20,0,0,0,0,0,0,0,0,0,0,0,0,0,0,0,0,0,0,0,0,0,0,0,14,2022,14
tylersmith_dal_2022_14,dal_2022_14,tylersmith_dal_2022,dal_2022,tylersmith,98385,t,dal,1,100.0,0,9,0,0,0,0,0,0,0,0,0,0,0,0,0,0,0,0,0,0,0,0,0,0,0,14,2022,14
jawaantaylor_jax_2022_14,jax_2022_14,jawaantaylor_jax_2022,jax_2022,jawaantaylor,41665,t,jax,1,100.0,0,15,0,0,0,0,0,0,0,0,0,0,0,0,0,0,0,0,0,0,0,0,0,0,0,14,2022,14
lukefortner_jax_2022_14,jax_2022_14,lukefortner_jax_2022,jax_2022,lukefortner,42028,ol,jax,1,100.0,0,15,0,0,0,0,0,0,0,0,0,0,0,0,0,0,0,0,0,0,0,0,0,0,0,14,2022,14
treysmith_kc_2022_14,kc_2022_14,treysmith_kc_2022,kc_2022,treysmith,62960,g,kc,1,100.0,0,16,0,0,0,0,0,0,0,0,0,0,0,0,0,0,0,0,0,0,0,0,0,0,0,14,2022,14
andrewwylie_kc_2022_14,kc_2022_14,andrewwylie_kc_2022,kc_2022,andrewwylie,12333,t,kc,1,100.0,0,16,0,0,0,0,0,0,0,0,0,0,0,0,0,0,0,0,0,0,0,0,0,0,0,14,2022,14
orlandobrownjr_kc_2022_14,kc_2022_14,orlandobrownjr_kc_2022,kc_2022,orlandobrownjr,46227,t,kc,1,100.0,0,16,0,0,0,0,0,0,0,0,0,0,0,0,0,0,0,0,0,0,0,0,0,0,0,14,2022,14
nicholaspetitfrere_ten_2022_14,ten_2022_14,nicholaspetitfrere_ten_2022,ten_2022,nicholaspetitfrere,82003,t,ten,1,100.0,0,31,0,0,0,0,0,0,0,0,0,0,0,0,0,0,0,0,0,0,0,0,0,0,0,14,2022,14
aaronbrewer_ten_2022_14,ten_2022_14,aaronbrewer_ten_2022,ten_2022,aaronbrewer,46014,g,ten,1,100.0,0,31,0,0,0,0,0,0,0,0,0,0,0,0,0,0,0,0,0,0,0,0,0,0,0,14,2022,14
nickallegretti_kc_2022_14,kc_2022_14,nickallegretti_kc_2022,kc_2022,nickallegretti,39268,g,kc,1,100.0,1,16,0,0,0,0,0,0,0,0,0,0,0,0,0,0,0,0,0,0,0,0,0,0,0,14,2022,14
creedhumphrey_kc_2022_14,kc_2022_14,creedhumphrey_kc_2022,kc_2022,creedhumphrey,59996,ol,kc,1,100.0,0,16,0,0,0,0,0,0,0,0,0,0,0,0,0,0,0,0,0,0,0,0,0,0,0,14,2022,14
michaelonwenu_ne_2022_14,ne_2022_14,michaelonwenu_ne_2022,ne_2022,michaelonwenu,27357,g,ne,1,100.0,0,19,0,0,0,0,0,0,0,0,0,0,0,0,0,0,0,0,0,0,0,0,0,0,0,14,2022,14
davidandrews_ne_2022_14,ne_2022_14,davidandrews_ne_2022,ne_2022,davidandrews,9948,ol,ne,1,100.0,1,19,0,0,0,0,0,0,0,0,0,0,0,0,0,0,0,0,0,0,0,0,0,0,0,14,2022,14
colestrange_ne_2022_14,ne_2022_14,colestrange_ne_2022,ne_2022,colestrange,22976,g,ne,1,100.0,1,19,0,0,0,0,0,0,0,0,0,0,0,0,0,0,0,0,0,0,0,0,0,0,0,14,2022,14
kalebmcgary_atl_2022_14,atl_2022_14,kalebmcgary_atl_2022,atl_2022,kalebmcgary,46912,t,atl,1,100.0,0,2,0,0,0,0,0,0,0,0,0,0,0,0,0,0,0,0,0,0,0,0,0,0,0,14,2022,14
colbygossett_atl_2022_14,atl_2022_14,colbygossett_atl_2022,atl_2022,colbygossett,46673,g,atl,1,100.0,0,2,0,0,0,0,0,0,0,0,0,0,0,0,0,0,0,0,0,0,0,0,0,0,0,14,2022,14
chrislindstrom_atl_2022_14,atl_2022_14,chrislindstrom_atl_2022,atl_2022,chrislindstrom,46692,g,atl,1,100.0,0,2,0,0,0,0,0,0,0,0,0,0,0,0,0,0,0,0,0,0,0,0,0,0,0,14,2022,14
conormcdermott_ne_2022_14,ne_2022_14,conormcdermott_ne_2022,ne_2022,conormcdermott,11966,t,ne,1,100.0,0,19,0,0,0,0,0,0,0,0,0,0,0,0,0,0,0,0,0,0,0,0,0,0,0,14,2022,14
jakematthews_atl_2022_14,atl_2022_14,jakematthews_atl_2022,atl_2022,jakematthews,8641,t,atl,1,100.0,0,2,0,0,0,0,0,0,0,0,0,0,0,0,0,0,0,0,0,0,0,0,0,0,0,14,2022,14
trentbrown_ne_2022_14,ne_2022_14,trentbrown_ne_2022,ne_2022,trentbrown,9677,t,ne,1,100.0,0,19,0,0,0,0,0,0,0,0,0,0,0,0,0,0,0,0,0,0,0,0,0,0,0,14,2022,14
drewdalman_atl_2022_14,atl_2022_14,drewdalman_atl_2022,atl_2022,drewdalman,52270,ol,atl,1,100.0,0,2,0,0,0,0,0,0,0,0,0,0,0,0,0,0,0,0,0,0,0,0,0,0,0,14,2022,14
cameronfleming_den_2022_14,den_2022_14,cameronfleming_den_2022,den_2022,cameronfleming,8775,t,den,1,100.0,0,10,0,0,0,0,0,0,0,0,0,0,0,0,0,0,0,0,0,0,0,0,0,0,0,14,2022,14
calvinanderson_den_2022_14,den_2022_14,calvinanderson_den_2022,den_2022,calvinanderson,46247,t,den,1,100.0,0,10,0,0,0,0,0,0,0,0,0,0,0,0,0,0,0,0,0,0,0,0,0,0,0,14,2022,14
grahamglasgow_den_2022_14,den_2022_14,grahamglasgow_den_2022,den_2022,grahamglasgow,10729,g,den,1,100.0,0,10,0,0,0,0,0,0,0,0,0,0,0,0,0,0,0,0,0,0,0,0,0,0,0,14,2022,14
quinnmeinerz_den_2022_14,den_2022_14,quinnmeinerz_den_2022,den_2022,quinnmeinerz,112915,g,den,1,100.0,0,10,0,0,0,0,0,0,0,0,0,0,0,0,0,0,0,0,0,0,0,0,0,0,0,14,2022,14
daltonrisner_den_2022_14,den_2022_14,daltonrisner_den_2022,den_2022,daltonrisner,47008,g,den,1,100.0,0,10,0,0,0,0,0,0,0,0,0,0,0,0,0,0,0,0,0,0,0,0,0,0,0,14,2022,14
sammustipher_chi_2022_14,chi_2022_14,sammustipher_chi_2022,chi_2022,sammustipher,13026,ol,chi,1,100.0,1,6,0,0,0,0,0,0,0,0,0,0,0,0,0,0,0,0,0,0,0,0,0,0,0,14,2022,14
brandonscherff_jax_2022_14,jax_2022_14,brandonscherff_jax_2022,jax_2022,brandonscherff,9438,g,jax,1,100.0,0,15,0,0,0,0,0,0,0,0,0,0,0,0,0,0,0,0,0,0,0,0,0,0,0,14,2022,14
codywhitehair_chi_2022_14,chi_2022_14,codywhitehair_chi_2022,chi_2022,codywhitehair,10690,g,chi,1,100.0,0,6,0,0,0,0,0,0,0,0,0,0,0,0,0,0,0,0,0,0,0,0,0,0,0,14,2022,14
braxtonjones_chi_2022_14,chi_2022_14,braxtonjones_chi_2022,chi_2022,braxtonjones,60092,t,chi,1,100.0,0,6,0,0,0,0,0,0,0,0,0,0,0,0,0,0,0,0,0,0,0,0,0,0,0,14,2022,14
tylershatley_jax_2022_14,jax_2022_14,tylershatley_jax_2022,jax_2022,tylershatley,9257,g,jax,1,100.0,0,15,0,0,0,0,0,0,0,0,0,0,0,0,0,0,0,0,0,0,0,0,0,0,0,14,2022,14
tevenjenkins_chi_2022_14,chi_2022_14,tevenjenkins_chi_2022,chi_2022,tevenjenkins,41534,g,chi,1,100.0,0,6,0,0,0,0,0,0,0,0,0,0,0,0,0,0,0,0,0,0,0,0,0,0,0,14,2022,14
camrobinson_jax_2022_14,jax_2022_14,camrobinson_jax_2022,jax_2022,camrobinson,11789,t,jax,1,100.0,0,15,0,0,0,0,0,0,0,0,0,0,0,0,0,0,0,0,0,0,0,0,0,0,0,14,2022,14
wesschweitzer_was_2022_14,was_2022_14,wesschweitzer_was_2022,was_2022,wesschweitzer,10829,ol,was,1,100.0,0,32,0,0,0,0,0,0,0,0,0,0,0,0,0,0,0,0,0,0,0,0,0,0,0,14,2022,14
denniskelly_ind_2022_14,ind_2022_14,denniskelly_ind_2022,ind_2022,denniskelly,7146,t,ind,1,100.0,0,14,0,0,0,0,0,0,0,0,0,0,0,0,0,0,0,0,0,0,0,0,0,0,0,14,2022,14
brandonshell_mia_2022_14,mia_2022_14,brandonshell_mia_2022,mia_2022,brandonshell,10792,t,mia,1,100.0,0,17,0,0,0,0,0,0,0,0,0,0,0,0,0,0,0,0,0,0,0,0,0,0,0,14,2022,14
roberthunt_mia_2022_14,mia_2022_14,roberthunt_mia_2022,mia_2022,roberthunt,46139,g,mia,1,100.0,0,17,0,0,0,0,0,0,0,0,0,0,0,0,0,0,0,0,0,0,0,0,0,0,0,14,2022,14
robertjones_mia_2022_14,mia_2022_14,robertjones_mia_2022,mia_2022,robertjones,100786,g,mia,1,100.0,0,17,0,0,0,0,0,0,0,0,0,0,0,0,0,0,0,0,0,0,0,0,0,0,0,14,2022,14
connorwilliams_mia_2022_14,mia_2022_14,connorwilliams_mia_2022,mia_2022,connorwilliams,46216,ol,mia,1,100.0,0,17,0,0,0,0,0,0,0,0,0,0,0,0,0,0,0,0,0,0,0,0,0,0,0,14,2022,14
greglittle_mia_2022_14,mia_2022_14,greglittle_mia_2022,mia_2022,greglittle,46254,t,mia,1,100.0,0,17,0,0,0,0,0,0,0,0,0,0,0,0,0,0,0,0,0,0,0,0,0,0,0,14,2022,14
benjones_ten_2022_14,ten_2022_14,benjones_ten_2022,ten_2022,benjones,7099,ol,ten,1,100.0,0,31,0,0,0,0,0,0,0,0,0,0,0,0,0,0,0,0,0,0,0,0,0,0,0,14,2022,14
dennisdaley_ten_2022_14,ten_2022_14,dennisdaley_ten_2022,ten_2022,dennisdaley,60063,t,ten,1,100.0,0,31,0,0,0,0,0,0,0,0,0,0,0,0,0,0,0,0,0,0,0,0,0,0,0,14,2022,14
natedavis_ten_2022_14,ten_2022_14,natedavis_ten_2022,ten_2022,natedavis,46808,g,ten,1,100.0,0,31,0,0,0,0,0,0,0,0,0,0,0,0,0,0,0,0,0,0,0,0,0,0,0,14,2022,14
rileyreiff_chi_2022_14,chi_2022_14,rileyreiff_chi_2022,chi_2022,rileyreiff,7029,t,chi,1,100.0,0,6,0,0,0,0,0,0,0,0,0,0,0,0,0,0,0,0,0,0,0,0,0,0,0,14,2022,14
patrickmekari_bal_2022_14,bal_2022_14,patrickmekari_bal_2022,bal_2022,patrickmekari,46219,t,bal,1,100.0,0,3,0,0,0,0,0,0,0,0,0,0,0,0,0,0,0,0,0,0,0,0,0,0,0,14,2022,14
johnbates_was_2022_14,was_2022_14,johnbates_was_2022,was_2022,johnbates,42275,te,was,1,84.4,0,32,0,0,0,0,0,0,0,0,0,0,0,0,0,0,0,0,0,0,0,0,0,0,0,14,2022,14
gabejackson_sea_2022_14,sea_2022_14,gabejackson_sea_2022,sea_2022,gabejackson,8716,g,sea,1,100.0,0,29,0,0,0,0,0,0,0,0,0,0,0,0,0,0,0,0,0,0,0,0,0,0,0,14,2022,14
kenyongreen_hou_2022_14,hou_2022_14,kenyongreen_hou_2022,hou_2022,kenyongreen,99052,g,hou,1,100.0,0,13,0,0,0,0,0,0,0,0,0,0,0,0,0,0,0,0,0,0,0,0,0,0,0,14,2022,14
georgekittle_sf_2022_14,sf_2022_14,georgekittle_sf_2022,sf_2022,georgekittle,11901,te,sf,1,44.4,0,28,0,0,0,0,0,0,0,0,0,0,0,0,0,0,0,0,0,0,0,0,0,0,0,14,2022,14
zachgentry_pit_2022_14,pit_2022_14,zachgentry_pit_2022,pit_2022,zachgentry,36049,te,pit,1,75.0,0,25,0,0,0,0,0,0,0,0,0,0,0,0,0,0,0,0,0,0,0,0,0,0,0,14,2022,14
tylerhigbee_lar_2022_14,lar_2022_14,tylerhigbee_lar_2022,lar_2022,tylerhigbee,10744,te,lar,1,63.0,0,26,0,0,0,0,0,0,0,0,0,0,0,0,0,0,0,0,0,0,0,0,0,0,0,14,2022,14
samuelcosmi_was_2022_14,was_2022_14,samuelcosmi_was_2022,was_2022,samuelcosmi,60114,t,was,1,100.0,0,32,0,0,0,0,0,0,0,0,0,0,0,0,0,0,0,0,0,0,0,0,0,0,0,14,2022,14
danielfaalele_bal_2022_14,bal_2022_14,danielfaalele_bal_2022,bal_2022,danielfaalele,81734,t,bal,1,100.0,0,3,0,0,0,0,0,0,0,0,0,0,0,0,0,0,0,0,0,0,0,0,0,0,0,14,2022,14
fostermoreau_lv_2022_14,lv_2022_14,fostermoreau_lv_2022,lv_2022,fostermoreau,47043,te,lv,1,58.2,0,23,0,0,0,0,0,0,0,0,0,0,0,0,0,0,0,0,0,0,0,0,0,0,0,14,2022,14
pharaohbrown_cle_2022_14,cle_2022_14,pharaohbrown_cle_2022,cle_2022,pharaohbrown,12247,te,cle,1,77.5,0,8,0,0,0,0,0,0,0,0,0,0,0,0,0,0,0,0,0,0,0,0,0,0,0,14,2022,14
danielbellinger_nyg_2022_14,nyg_2022_14,danielbellinger_nyg_2022,nyg_2022,danielbellinger,84041,te,nyg,1,46.9,0,21,0,0,0,0,0,0,0,0,0,0,0,0,0,0,0,0,0,0,0,0,0,0,0,14,2022,14
parkerhesse_atl_2022_14,atl_2022_14,parkerhesse_atl_2022,atl_2022,parkerhesse,48369,te,atl,1,85.3,0,2,0,0,0,0,0,0,0,0,0,0,0,0,0,0,0,0,0,0,0,0,0,0,0,14,2022,14
justinmccray_hou_2022_14,hou_2022_14,justinmccray_hou_2022,hou_2022,justinmccray,9234,g,hou,1,100.0,0,13,0,0,0,0,0,0,0,0,0,0,0,0,0,0,0,0,0,0,0,0,0,0,0,14,2022,14
philhaynes_sea_2022_14,sea_2022_14,philhaynes_sea_2022,sea_2022,philhaynes,29244,g,sea,1,100.0,0,29,0,0,0,0,0,0,0,0,0,0,0,0,0,0,0,0,0,0,0,0,0,0,0,14,2022,14
dawsonknox_buf_2022_14,buf_2022_14,dawsonknox_buf_2022,buf_2022,dawsonknox,35883,te,buf,1,44.4,0,4,0,0,0,0,0,0,0,0,0,0,0,0,0,0,0,0,0,0,0,0,0,0,0,14,2022,14
adamtrautman_no_2022_14,no_2022_14,adamtrautman_no_2022,no_2022,adamtrautman,109795,te,no,1,60.9,0,20,0,0,0,0,0,0,0,0,0,0,0,0,0,0,0,0,0,0,0,0,0,0,0,14,2022,14
teaganquitoriano_hou_2022_14,hou_2022_14,teaganquitoriano_hou_2022,hou_2022,teaganquitoriano,84036,te,hou,1,54.3,1,13,0,0,0,0,0,0,0,0,0,0,0,0,0,0,0,0,0,0,0,0,0,0,0,14,2022,14
mitchellwilcox_cin_2022_14,cin_2022_14,mitchellwilcox_cin_2022,cin_2022,mitchellwilcox,47234,te,cin,1,48.1,0,7,0,0,0,0,0,0,0,0,0,0,0,0,0,0,0,0,0,0,0,0,0,0,0,14,2022,14
jakeferguson_dal_2022_14,dal_2022_14,jakeferguson_dal_2022,dal_2022,jakeferguson,61081,te,dal,1,78.1,0,9,0,0,0,0,0,0,0,0,0,0,0,0,0,0,0,0,0,0,0,0,0,0,0,14,2022,14
mattpryor_ind_2022_14,ind_2022_14,mattpryor_ind_2022,ind_2022,mattpryor,46647,t,ind,1,100.0,0,14,0,0,0,0,0,0,0,0,0,0,0,0,0,0,0,0,0,0,0,0,0,0,0,14,2022,14
colekmet_chi_2022_14,chi_2022_14,colekmet_chi_2022,chi_2022,colekmet,60995,te,chi,1,46.2,0,6,0,0,0,0,0,0,0,0,0,0,0,0,0,0,0,0,0,0,0,0,0,0,0,14,2022,14
tjhockenson_min_2022_14,min_2022_14,tjhockenson_min_2022,min_2022,tjhockenson,40912,te,min,1,39.3,0,18,0,0,0,0,0,0,0,0,0,0,0,0,0,0,0,0,0,0,0,0,0,0,0,14,2022,14
coleturner_was_2022_14,was_2022_14,coleturner_was_2022,was_2022,coleturner,84330,te,was,1,95.8,0,32,0,0,0,0,0,0,0,0,0,0,0,0,0,0,0,0,0,0,0,0,0,0,0,14,2022,14
brockwright_det_2022_14,det_2022_14,brockwright_det_2022,det_2022,brockwright,60994,te,det,1,65.7,0,11,0,0,0,0,0,0,0,0,0,0,0,0,0,0,0,0,0,0,0,0,0,0,0,14,2022,14
jackstoll_phi_2022_14,phi_2022_14,jackstoll_phi_2022,phi_2022,jackstoll,42058,te,phi,1,42.6,0,24,0,0,0,0,0,0,0,0,0,0,0,0,0,0,0,0,0,0,0,0,0,0,0,14,2022,14
tylerconklin_nyj_2022_14,nyj_2022_14,tylerconklin_nyj_2022,nyj_2022,tylerconklin,47124,te,nyj,1,37.7,0,22,0,0,0,0,0,0,0,0,0,0,0,0,0,0,0,0,0,0,0,0,0,0,0,14,2022,14
noahfant_sea_2022_14,sea_2022_14,noahfant_sea_2022,sea_2022,noahfant,42388,te,sea,1,48.9,0,29,0,0,0,0,0,0,0,0,0,0,0,0,0,0,0,0,0,0,0,0,0,0,0,14,2022,14
mycolepruitt_atl_2022_14,atl_2022_14,mycolepruitt_atl_2022,atl_2022,mycolepruitt,9576,te,atl,1,81.5,0,2,0,0,0,0,0,0,0,0,0,0,0,0,0,0,0,0,0,0,0,0,0,0,0,14,2022,14
moaliecox_ind_2022_14,ind_2022_14,moaliecox_ind_2022,ind_2022,moaliecox,12078,te,ind,1,67.7,0,14,0,0,0,0,0,0,0,0,0,0,0,0,0,0,0,0,0,0,0,0,0,0,0,14,2022,14
erictomlinson_den_2022_14,den_2022_14,erictomlinson_den_2022,den_2022,erictomlinson,9786,te,den,1,77.8,0,10,0,0,0,0,0,0,0,0,0,0,0,0,0,0,0,0,0,0,0,0,0,0,0,14,2022,14
loganthomas_was_2022_14,was_2022_14,loganthomas_was_2022,was_2022,loganthomas,8755,te,was,1,41.7,0,32,0,0,0,0,0,0,0,0,0,0,0,0,0,0,0,0,0,0,0,0,0,0,0,14,2022,14
kylengranson_ind_2022_14,ind_2022_14,kylengranson_ind_2022,ind_2022,kylengranson,40630,te,ind,1,46.3,0,14,0,0,0,0,0,0,0,0,0,0,0,0,0,0,0,0,0,0,0,0,0,0,0,14,2022,14
jasonpeters_dal_2022_14,dal_2022_14,jasonpeters_dal_2022,dal_2022,jasonpeters,2148,g,dal,1,100.0,0,9,0,0,0,0,0,0,0,0,0,0,0,0,0,0,0,0,0,0,0,0,0,0,0,14,2022,14
chrishubbard_cle_2022_14,cle_2022_14,chrishubbard_cle_2022,cle_2022,chrishubbard,8051,t,cle,1,100.0,0,8,0,0,0,0,0,0,0,0,0,0,0,0,0,0,0,0,0,0,0,0,0,0,0,14,2022,14
nickmartin_was_2022_14,was_2022_14,nickmartin_was_2022,was_2022,nickmartin,10684,ol,was,1,100.0,0,32,0,0,0,0,0,0,0,0,0,0,0,0,0,0,0,0,0,0,0,0,0,0,0,14,2022,14
grantcalcaterra_phi_2022_14,phi_2022_14,grantcalcaterra_phi_2022,phi_2022,grantcalcaterra,60997,te,phi,1,67.9,0,24,0,0,0,0,0,0,0,0,0,0,0,0,0,0,0,0,0,0,0,0,0,0,0,14,2022,14
marcedeslewis_gb_2022_14,gb_2022_14,marcedeslewis_gb_2022,gb_2022,marcedeslewis,2973,te,gb,1,67.9,0,12,0,0,0,0,0,0,0,0,0,0,0,0,0,0,0,0,0,0,0,0,0,0,0,14,2022,14
daltonschultz_dal_2022_14,dal_2022_14,daltonschultz_dal_2022,dal_2022,daltonschultz,47304,te,dal,1,38.8,0,9,0,0,0,0,0,0,0,0,0,0,0,0,0,0,0,0,0,0,0,0,0,0,0,14,2022,14
patfreiermuth_pit_2022_14,pit_2022_14,patfreiermuth_pit_2022,pit_2022,patfreiermuth,84085,te,pit,1,52.8,0,25,0,0,0,0,0,0,0,0,0,0,0,0,0,0,0,0,0,0,0,0,0,0,0,14,2022,14
harrisonbryant_cle_2022_14,cle_2022_14,harrisonbryant_cle_2022,cle_2022,harrisonbryant,26394,te,cle,1,52.8,0,8,0,0,0,0,0,0,0,0,0,0,0,0,0,0,0,0,0,0,0,0,0,0,0,14,2022,14
johnnymundt_min_2022_14,min_2022_14,johnnymundt_min_2022,min_2022,johnnymundt,12206,te,min,1,75.0,0,18,0,0,0,0,0,0,0,0,0,0,0,0,0,0,0,0,0,0,0,0,0,0,0,14,2022,14
bobbyhart_buf_2022_14,buf_2022_14,bobbyhart_buf_2022,buf_2022,bobbyhart,9659,g,buf,1,94.7,0,4,0,0,0,0,0,0,0,0,0,0,0,0,0,0,0,0,0,0,0,0,0,0,0,14,2022,14
cjuzomah_nyj_2022_14,nyj_2022_14,cjuzomah_nyj_2022,nyj_2022,cjuzomah,9590,te,nyj,1,46.2,0,22,0,0,0,0,0,0,0,0,0,0,0,0,0,0,0,0,0,0,0,0,0,0,0,14,2022,14
tremckitty_lac_2022_14,lac_2022_14,tremckitty_lac_2022,lac_2022,tremckitty,60896,te,lac,1,72.0,0,27,0,0,0,0,0,0,0,0,0,0,0,0,0,0,0,0,0,0,0,0,0,0,0,14,2022,14
tommysweeney_buf_2022_14,buf_2022_14,tommysweeney_buf_2022,buf_2022,tommysweeney,47216,te,buf,1,77.3,0,4,0,0,0,0,0,0,0,0,0,0,0,0,0,0,0,0,0,0,0,0,0,0,0,14,2022,14
josholiver_bal_2022_14,bal_2022_14,josholiver_bal_2022,bal_2022,josholiver,47083,te,bal,1,70.8,0,3,0,0,0,0,0,0,0,0,0,0,0,0,0,0,0,0,0,0,0,0,0,0,0,14,2022,14
traviskelce_kc_2022_14,kc_2022_14,traviskelce_kc_2022,kc_2022,traviskelce,7844,te,kc,1,37.8,0,16,0,0,0,0,0,0,0,0,0,0,0,0,0,0,0,0,0,0,0,0,0,0,0,14,2022,14
cadeotton_tb_2022_14,tb_2022_14,cadeotton_tb_2022,tb_2022,cadeotton,61071,te,tb,1,25.8,0,30,0,0,0,0,0,0,0,0,0,0,0,0,0,0,0,0,0,0,0,0,0,0,0,14,2022,14
markandrews_bal_2022_14,bal_2022_14,markandrews_bal_2022,bal_2022,markandrews,47436,te,bal,1,26.2,0,3,0,0,0,0,0,0,0,0,0,0,0,0,0,0,0,0,0,0,0,0,0,0,0,14,2022,14
roberttonyan_gb_2022_14,gb_2022_14,roberttonyan_gb_2022,gb_2022,roberttonyan,12193,te,gb,1,47.1,0,12,0,0,0,0,0,0,0,0,0,0,0,0,0,0,0,0,0,0,0,0,0,0,0,14,2022,14
gregdulcich_den_2022_14,den_2022_14,gregdulcich_den_2022,den_2022,gregdulcich,84068,te,den,1,42.1,0,10,0,0,0,0,0,0,0,0,0,0,0,0,0,0,0,0,0,0,0,0,0,0,0,14,2022,14
ericsaubert_den_2022_14,den_2022_14,ericsaubert_den_2022,den_2022,ericsaubert,11929,te,den,1,57.7,0,10,0,0,0,0,0,0,0,0,0,0,0,0,0,0,0,0,0,0,0,0,0,0,0,14,2022,14
tylerkroft_sf_2022_14,sf_2022_14,tylerkroft_sf_2022,sf_2022,tylerkroft,9518,te,sf,1,65.2,0,28,0,0,0,0,0,0,0,0,0,0,0,0,0,0,0,0,0,0,0,0,0,0,0,14,2022,14
nickvannett_nyg_2022_14,nyg_2022_14,nickvannett_nyg_2022,nyg_2022,nickvannett,10728,te,nyg,1,50.0,0,21,0,0,0,0,0,0,0,0,0,0,0,0,0,0,0,0,0,0,0,0,0,0,0,14,2022,14
andredillard_phi_2022_14,phi_2022_14,andredillard_phi_2022,phi_2022,andredillard,29250,t,phi,1,100.0,0,24,0,0,0,0,0,0,0,0,0,0,0,0,0,0,0,0,0,0,0,0,0,0,0,14,2022,14
geoffswaim_ten_2022_14,ten_2022_14,geoffswaim_ten_2022,ten_2022,geoffswaim,9679,te,ten,1,75.0,0,31,0,0,0,0,0,0,0,0,0,0,0,0,0,0,0,0,0,0,0,0,0,0,0,14,2022,14
hunterhenry_ne_2022_14,ne_2022_14,hunterhenry_ne_2022,ne_2022,hunterhenry,10669,te,ne,1,31.9,0,19,0,0,0,0,0,0,0,0,0,0,0,0,0,0,0,0,0,0,0,0,0,0,0,14,2022,14
willdissly_sea_2022_14,sea_2022_14,willdissly_sea_2022,sea_2022,willdissly,30762,te,sea,1,42.9,0,29,0,0,0,0,0,0,0,0,0,0,0,0,0,0,0,0,0,0,0,0,0,0,0,14,2022,14
noahgray_kc_2022_14,kc_2022_14,noahgray_kc_2022,kc_2022,noahgray,60878,te,kc,1,43.8,0,16,0,0,0,0,0,0,0,0,0,0,0,0,0,0,0,0,0,0,0,0,0,0,0,14,2022,14
colbyparkinson_sea_2022_14,sea_2022_14,colbyparkinson_sea_2022,sea_2022,colbyparkinson,52266,te,sea,1,54.2,0,29,0,0,0,0,0,0,0,0,0,0,0,0,0,0,0,0,0,0,0,0,0,0,0,14,2022,14
durhamsmythe_mia_2022_14,mia_2022_14,durhamsmythe_mia_2022,mia_2022,durhamsmythe,47257,te,mia,1,48.1,0,17,0,0,0,0,0,0,0,0,0,0,0,0,0,0,0,0,0,0,0,0,0,0,0,14,2022,14
chigoziemokonkwo_ten_2022_14,ten_2022_14,chigoziemokonkwo_ten_2022,ten_2022,chigoziemokonkwo,84000,te,ten,1,37.5,0,31,0,0,0,0,0,0,0,0,0,0,0,0,0,0,0,0,0,0,0,0,0,0,0,14,2022,14
peytonhendershot_dal_2022_14,dal_2022_14,peytonhendershot_dal_2022,dal_2022,peytonhendershot,60915,te,dal,1,80.0,0,9,0,0,0,0,0,0,0,0,0,0,0,0,0,0,0,0,0,0,0,0,0,0,0,14,2022,14
camjurgens_phi_2022_14,phi_2022_14,camjurgens_phi_2022,phi_2022,camjurgens,84014,ol,phi,1,100.0,0,24,0,0,0,0,0,0,0,0,0,0,0,0,0,0,0,0,0,0,0,0,0,0,0,14,2022,14
kokieft_tb_2022_14,tb_2022_14,kokieft_tb_2022,tb_2022,kokieft,41372,te,tb,1,73.3,0,30,0,0,0,0,0,0,0,0,0,0,0,0,0,0,0,0,0,0,0,0,0,0,0,14,2022,14
trevorpenning_no_2022_14,no_2022_14,trevorpenning_no_2022,no_2022,trevorpenning,59963,t,no,1,100.0,0,20,0,0,0,0,0,0,0,0,0,0,0,0,0,0,0,0,0,0,0,0,0,0,0,14,2022,14
dillonradunz_ten_2022_14,ten_2022_14,dillonradunz_ten_2022,ten_2022,dillonradunz,30551,g,ten,1,100.0,0,31,0,0,0,0,0,0,0,0,0,0,0,0,0,0,0,0,0,0,0,0,0,0,0,14,2022,14
devinasiasi_cin_2022_14,cin_2022_14,devinasiasi_cin_2022,cin_2022,devinasiasi,40294,te,cin,1,55.6,0,7,0,0,0,0,0,0,0,0,0,0,0,0,0,0,0,0,0,0,0,0,0,0,0,14,2022,14
seanmckeon_dal_2022_14,dal_2022_14,seanmckeon_dal_2022,dal_2022,seanmckeon,42266,te,dal,1,100.0,0,9,0,0,0,0,0,0,0,0,0,0,0,0,0,0,0,0,0,0,0,0,0,0,0,14,2022,14
coreylevin_ten_2022_14,ten_2022_14,coreylevin_ten_2022,ten_2022,coreylevin,11972,ol,ten,1,100.0,0,31,0,0,0,0,0,0,0,0,0,0,0,0,0,0,0,0,0,0,0,0,0,0,0,14,2022,14
evanengram_jax_2022_14,jax_2022_14,evanengram_jax_2022,jax_2022,evanengram,11778,te,jax,1,23.3,0,15,0,0,0,0,0,0,0,0,0,0,0,0,0,0,0,0,0,0,0,0,0,0,0,14,2022,14
leravenclark_ten_2022_14,ten_2022_14,leravenclark_ten_2022,ten_2022,leravenclark,10716,t,ten,1,100.0,0,31,0,0,0,0,0,0,0,0,0,0,0,0,0,0,0,0,0,0,0,0,0,0,0,14,2022,14
alexleatherwood_chi_2022_14,chi_2022_14,alexleatherwood_chi_2022,chi_2022,alexleatherwood,58468,t,chi,1,100.0,0,6,0,0,0,0,0,0,0,0,0,0,0,0,0,0,0,0,0,0,0,0,0,0,0,14,2022,14
jamesmitchell_det_2022_14,det_2022_14,jamesmitchell_det_2022,det_2022,jamesmitchell,77885,te,det,1,45.5,0,11,0,0,0,0,0,0,0,0,0,0,0,0,0,0,0,0,0,0,0,0,0,0,0,14,2022,14
brevinjordan_hou_2022_14,hou_2022_14,brevinjordan_hou_2022,hou_2022,brevinjordan,77887,te,hou,1,41.7,0,13,0,0,0,0,0,0,0,0,0,0,0,0,0,0,0,0,0,0,0,0,0,0,0,14,2022,14
ryangriffin_chi_2022_14,chi_2022_14,ryangriffin_chi_2022,chi_2022,ryangriffin,7982,te,chi,1,62.5,0,6,0,0,0,0,0,0,0,0,0,0,0,0,0,0,0,0,0,0,0,0,0,0,0,14,2022,14
shanezylstra_det_2022_14,det_2022_14,shanezylstra_det_2022,det_2022,shanezylstra,143786,te,det,1,43.5,0,11,0,0,0,0,0,0,0,0,0,0,0,0,0,0,0,0,0,0,0,0,0,0,0,14,2022,14
connorheyward_pit_2022_14,pit_2022_14,connorheyward_pit_2022,pit_2022,connorheyward,57301,te,pit,1,64.3,0,25,0,0,0,0,0,0,0,0,0,0,0,0,0,0,0,0,0,0,0,0,0,0,0,14,2022,14
jordanakins_hou_2022_14,hou_2022_14,jordanakins_hou_2022,hou_2022,jordanakins,47050,te,hou,1,26.5,0,13,0,0,0,0,0,0,0,0,0,0,0,0,0,0,0,0,0,0,0,0,0,0,0,14,2022,14
chrismanhertz_jax_2022_14,jax_2022_14,chrismanhertz_jax_2022,jax_2022,chrismanhertz,10211,te,jax,1,60.0,0,15,0,0,0,0,0,0,0,0,0,0,0,0,0,0,0,0,0,0,0,0,0,0,0,14,2022,14
jackdriscoll_phi_2022_14,phi_2022_14,jackdriscoll_phi_2022,phi_2022,jackdriscoll,27064,t,phi,1,100.0,0,24,0,0,0,0,0,0,0,0,0,0,0,0,0,0,0,0,0,0,0,0,0,0,0,14,2022,14
geraldeverett_lac_2022_14,lac_2022_14,geraldeverett_lac_2022,lac_2022,geraldeverett,11799,te,lac,1,18.2,0,27,0,0,0,0,0,0,0,0,0,0,0,0,0,0,0,0,0,0,0,0,0,0,0,14,2022,14
kevinrader_ten_2022_14,ten_2022_14,kevinrader_ten_2022,ten_2022,kevinrader,30887,te,ten,1,80.0,0,31,0,0,0,0,0,0,0,0,0,0,0,0,0,0,0,0,0,0,0,0,0,0,0,14,2022,14
brendenjaimes_lac_2022_14,lac_2022_14,brendenjaimes_lac_2022,lac_2022,brendenjaimes,59909,g,lac,1,100.0,0,27,0,0,0,0,0,0,0,0,0,0,0,0,0,0,0,0,0,0,0,0,0,0,0,14,2022,14
trentscott_pit_2022_14,pit_2022_14,trentscott_pit_2022,pit_2022,trentscott,24481,t,pit,1,100.0,0,25,0,0,0,0,0,0,0,0,0,0,0,0,0,0,0,0,0,0,0,0,0,0,0,14,2022,14
jonnusmith_ne_2022_14,ne_2022_14,jonnusmith_ne_2022,ne_2022,jonnusmith,11855,te,ne,1,41.2,0,19,0,0,0,0,0,0,0,0,0,0,0,0,0,0,0,0,0,0,0,0,0,0,0,14,2022,14
taysomhill_no_2022_14,no_2022_14,taysomhill_no_2022,no_2022,taysomhill,12112,te,no,1,26.9,0,20,0,0,0,0,0,0,0,0,0,0,0,0,0,0,0,0,0,0,0,0,0,0,0,14,2022,14
tylerdavis_gb_2022_14,gb_2022_14,tylerdavis_gb_2022,gb_2022,tylerdavis,47743,te,gb,1,100.0,0,12,0,0,0,0,0,0,0,0,0,0,0,0,0,0,0,0,0,0,0,0,0,0,0,14,2022,14
chrismyarick_nyg_2022_14,nyg_2022_14,chrismyarick_nyg_2022,nyg_2022,chrismyarick,47358,te,nyg,1,75.0,0,21,0,0,0,0,0,0,0,0,0,0,0,0,0,0,0,0,0,0,0,0,0,0,0,14,2022,14
richardrodgers_lac_2022_14,lac_2022_14,richardrodgers_lac_2022,lac_2022,richardrodgers,8733,te,lac,1,100.0,0,27,0,0,0,0,0,0,0,0,0,0,0,0,0,0,0,0,0,0,0,0,0,0,0,14,2022,14
kylerudolph_tb_2022_14,tb_2022_14,kylerudolph_tb_2022,tb_2022,kylerudolph,6195,te,tb,1,55.6,0,30,0,0,0,0,0,0,0,0,0,0,0,0,0,0,0,0,0,0,0,0,0,0,0,14,2022,14
lucaskrull_no_2022_14,no_2022_14,lucaskrull_no_2022,no_2022,lucaskrull,83962,te,no,1,50.0,0,20,0,0,0,0,0,0,0,0,0,0,0,0,0,0,0,0,0,0,0,0,0,0,0,14,2022,14
austinhooper_ten_2022_14,ten_2022_14,austinhooper_ten_2022,ten_2022,austinhooper,10715,te,ten,1,18.5,0,31,0,0,0,0,0,0,0,0,0,0,0,0,0,0,0,0,0,0,0,0,0,0,0,14,2022,14
danskipper_det_2022_14,det_2022_14,danskipper_det_2022,det_2022,danskipper,12307,g,det,1,100.0,0,11,0,0,0,0,0,0,0,0,0,0,0,0,0,0,0,0,0,0,0,0,0,0,0,14,2022,14
josiahdeguara_gb_2022_14,gb_2022_14,josiahdeguara_gb_2022,gb_2022,josiahdeguara,47034,te,gb,1,40.0,0,12,0,0,0,0,0,0,0,0,0,0,0,0,0,0,0,0,0,0,0,0,0,0,0,14,2022,14
blakehance_jax_2022_14,jax_2022_14,blakehance_jax_2022,jax_2022,blakehance,46301,g,jax,1,100.0,0,15,0,0,0,0,0,0,0,0,0,0,0,0,0,0,0,0,0,0,0,0,0,0,0,14,2022,14
walkerlittle_jax_2022_14,jax_2022_14,walkerlittle_jax_2022,jax_2022,walkerlittle,52287,t,jax,1,100.0,0,15,0,0,0,0,0,0,0,0,0,0,0,0,0,0,0,0,0,0,0,0,0,0,0,14,2022,14
colevanlanen_jax_2022_14,jax_2022_14,colevanlanen_jax_2022,jax_2022,colevanlanen,41583,g,jax,1,100.0,0,15,0,0,0,0,0,0,0,0,0,0,0,0,0,0,0,0,0,0,0,0,0,0,0,14,2022,14
charliewoerner_sf_2022_14,sf_2022_14,charliewoerner_sf_2022,sf_2022,charliewoerner,42257,te,sf,1,100.0,0,28,0,0,0,0,0,0,0,0,0,0,0,0,0,0,0,0,0,0,0,0,0,0,0,14,2022,14
brycenhopkins_lar_2022_14,lar_2022_14,brycenhopkins_lar_2022,lar_2022,brycenhopkins,47338,te,lar,1,30.0,0,26,0,0,0,0,0,0,0,0,0,0,0,0,0,0,0,0,0,0,0,0,0,0,0,14,2022,14
aviantecollins_dal_2022_14,dal_2022_14,aviantecollins_dal_2022,dal_2022,aviantecollins,12049,t,dal,1,100.0,0,9,0,0,0,0,0,0,0,0,0,0,0,0,0,0,0,0,0,0,0,0,0,0,0,14,2022,14
jacobhollister_lv_2022_14,lv_2022_14,jacobhollister_lv_2022,lv_2022,jacobhollister,12051,te,lv,1,50.0,0,23,0,0,0,0,0,0,0,0,0,0,0,0,0,0,0,0,0,0,0,0,0,0,0,14,2022,14
jameshudson_cle_2022_14,cle_2022_14,jameshudson_cle_2022,cle_2022,jameshudson,59854,t,cle,1,100.0,0,8,0,0,0,0,0,0,0,0,0,0,0,0,0,0,0,0,0,0,0,0,0,0,0,14,2022,14
charlieheck_hou_2022_14,hou_2022_14,charlieheck_hou_2022,hou_2022,charlieheck,36501,t,hou,1,100.0,0,13,0,0,0,0,0,0,0,0,0,0,0,0,0,0,0,0,0,0,0,0,0,0,0,14,2022,14
thayermunford_lv_2022_14,lv_2022_14,thayermunford_lv_2022,lv_2022,thayermunford,59994,t,lv,1,100.0,0,23,0,0,0,0,0,0,0,0,0,0,0,0,0,0,0,0,0,0,0,0,0,0,0,14,2022,14
stonesmartt_lac_2022_14,lac_2022_14,stonesmartt_lac_2022,lac_2022,stonesmartt,60492,te,lac,1,18.8,0,27,0,0,0,0,0,0,0,0,0,0,0,0,0,0,0,0,0,0,0,0,0,0,0,14,2022,14
jelaniwoods_ind_2022_14,ind_2022_14,jelaniwoods_ind_2022,ind_2022,jelaniwoods,60509,te,ind,1,20.0,0,14,0,0,0,0,0,0,0,0,0,0,0,0,0,0,0,0,0,0,0,0,0,0,0,14,2022,14
jaylonmoore_sf_2022_14,sf_2022_14,jaylonmoore_sf_2022,sf_2022,jaylonmoore,43678,t,sf,1,100.0,0,28,0,0,0,0,0,0,0,0,0,0,0,0,0,0,0,0,0,0,0,0,0,0,0,14,2022,14
lukefarrell_jax_2022_14,jax_2022_14,lukefarrell_jax_2022,jax_2022,lukefarrell,42353,te,jax,1,50.0,0,15,0,0,0,0,0,0,0,0,0,0,0,0,0,0,0,0,0,0,0,0,0,0,0,14,2022,14
drewforbes_cle_2022_14,cle_2022_14,drewforbes_cle_2022,cle_2022,drewforbes,28671,g,cle,1,100.0,0,8,0,0,0,0,0,0,0,0,0,0,0,0,0,0,0,0,0,0,0,0,0,0,0,14,2022,14
isaiahlikely_bal_2022_14,bal_2022_14,isaiahlikely_bal_2022,bal_2022,isaiahlikely,83955,te,bal,1,15.8,0,3,0,0,0,0,0,0,0,0,0,0,0,0,0,0,0,0,0,0,0,0,0,0,0,14,2022,14
joshball_dal_2022_14,dal_2022_14,joshball_dal_2022,dal_2022,joshball,40733,t,dal,1,100.0,0,9,0,0,0,0,0,0,0,0,0,0,0,0,0,0,0,0,0,0,0,0,0,0,0,14,2022,14
joefortson_kc_2022_14,kc_2022_14,joefortson_kc_2022,kc_2022,joefortson,94384,te,kc,1,30.0,0,16,0,0,0,0,0,0,0,0,0,0,0,0,0,0,0,0,0,0,0,0,0,0,0,14,2022,14
danarnold_jax_2022_14,jax_2022_14,danarnold_jax_2022,jax_2022,danarnold,51842,te,jax,1,25.0,0,15,0,0,0,0,0,0,0,0,0,0,0,0,0,0,0,0,0,0,0,0,0,0,0,14,2022,14
anthonyfirkser_atl_2022_14,atl_2022_14,anthonyfirkser_atl_2022,atl_2022,anthonyfirkser,51837,te,atl,1,14.3,0,2,0,0,0,0,0,0,0,0,0,0,0,0,0,0,0,0,0,0,0,0,0,0,0,14,2022,14
michaelschofieldiii_chi_2022_14,chi_2022_14,michaelschofieldiii_chi_2022,chi_2022,michaelschofieldiii,8730,g,chi,1,100.0,0,6,0,0,0,0,0,0,0,0,0,0,0,0,0,0,0,0,0,0,0,0,0,0,0,14,2022,14
trevonwesco_chi_2022_14,chi_2022_14,trevonwesco_chi_2022,chi_2022,trevonwesco,42018,te,chi,1,100.0,0,6,0,0,0,0,0,0,0,0,0,0,0,0,0,0,0,0,0,0,0,0,0,0,0,14,2022,14
tyrephillips_nyg_2022_14,nyg_2022_14,tyrephillips_nyg_2022,nyg_2022,tyrephillips,59874,t,nyg,1,100.0,0,21,0,0,0,0,0,0,0,0,0,0,0,0,0,0,0,0,0,0,0,0,0,0,0,14,2022,14
justinmurray_buf_2022_14,buf_2022_14,justinmurray_buf_2022,buf_2022,justinmurray,11022,t,buf,1,100.0,0,4,0,0,0,0,0,0,0,0,0,0,0,0,0,0,0,0,0,0,0,0,0,0,0,14,2022,14
cameronsutton_pit_2022_14,pit_2022_14,cameronsutton_pit_2022,pit_2022,cameronsutton,11850,cb,pit,1,100.0,0,25,0,0,0,0,0,0,0,0,0,0,0,0,0,0,0,0,0,0,0,0,0,0,0,14,2022,14
lucasniang_kc_2022_14,kc_2022_14,lucasniang_kc_2022,kc_2022,lucasniang,47004,t,kc,1,100.0,0,16,0,0,0,0,0,0,0,0,0,0,0,0,0,0,0,0,0,0,0,0,0,0,0,14,2022,14
oliudoh_min_2022_14,min_2022_14,oliudoh_min_2022,min_2022,oliudoh,28394,t,min,1,100.0,0,18,0,0,0,0,0,0,0,0,0,0,0,0,0,0,0,0,0,0,0,0,0,0,0,14,2022,14
dannypinter_ind_2022_14,ind_2022_14,dannypinter_ind_2022,ind_2022,dannypinter,47339,g,ind,1,100.0,0,14,0,0,0,0,0,0,0,0,0,0,0,0,0,0,0,0,0,0,0,0,0,0,0,14,2022,14
tyreejackson_phi_2022_14,phi_2022_14,tyreejackson_phi_2022,phi_2022,tyreejackson,46481,te,phi,1,12.5,0,24,0,0,0,0,0,0,0,0,0,0,0,0,0,0,0,0,0,0,0,0,0,0,0,14,2022,14
mikegesicki_mia_2022_14,mia_2022_14,mikegesicki_mia_2022,mia_2022,mikegesicki,47153,te,mia,1,11.1,0,17,0,0,0,0,0,0,0,0,0,0,0,0,0,0,0,0,0,0,0,0,0,0,0,14,2022,14
deaneleonard_lac_2022_14,lac_2022_14,deaneleonard_lac_2022,lac_2022,deaneleonard,124140,cb,lac,1,100.0,0,27,0,0,0,0,0,0,0,0,0,0,0,0,0,0,0,0,0,0,0,0,0,0,0,14,2022,14
jasirtaylor_lac_2022_14,lac_2022_14,jasirtaylor_lac_2022,lac_2022,jasirtaylor,55426,cb,lac,1,100.0,0,27,0,0,0,0,0,0,0,0,0,0,0,0,0,0,0,0,0,0,0,0,0,0,0,14,2022,14
