p_id,unique_team_id,player_team_id,team_id_impute,player,numeric_id,position,team_name,player_game_count,attempts,avoided_tackles,breakaway_attempts,breakaway_percent,breakaway_yards,declined_penalties,designed_yards,drops,elu_recv_mtf,elu_rush_mtf,elu_yco,elusive_rating,explosive,first_downs,franchise_id,fumbles,gap_attempts,grades_hands_fumble,grades_offense,grades_offense_penalty,grades_pass,grades_pass_block,grades_pass_route,grades_run,grades_run_block,longest,penalties,rec_yards,receptions,routes,run_plays,scramble_yards,scrambles,targets,total_touches,touchdowns,yards,yards_after_contact,yco_attempt,ypa,yprr,zone_attempts,week,year,plyr_number
melvingordoniii_den_2022_14,den_2022_14,melvingordoniii_den_2022,den_2022,melvingordoniii,9448,hb,den,1,8,2,0,0,0,0,0,0,0,0,0,0,0,0,0,0,0,0,0,0,0,0,0,0,0,0,0,0,0,0,0,0,0,0,0,0,0,0,0,0,0,0,14,2022,14
joemixon_cin_2022_14,cin_2022_14,joemixon_cin_2022,cin_2022,joemixon,11803,hb,cin,1,7,0,0,0,0,0,0,0,0,0,0,0,0,0,0,0,0,0,0,0,0,0,0,0,0,0,0,0,0,0,0,0,0,0,0,0,0,0,0,0,0,0,14,2022,14
trestanebner_chi_2022_14,chi_2022_14,trestanebner_chi_2022,chi_2022,trestanebner,57159,hb,chi,1,7,0,0,0,0,0,0,0,0,0,0,0,0,0,0,0,0,0,0,0,0,0,0,0,0,0,0,0,0,0,0,0,0,0,0,0,0,0,0,0,0,0,14,2022,14
davismills_hou_2022_14,hou_2022_14,davismills_hou_2022,hou_2022,davismills,52269,qb,hou,1,3,0,0,0,0,0,0,0,0,0,0,0,0,0,0,0,0,0,0,0,0,0,0,0,0,0,0,0,0,0,0,0,0,0,0,0,0,0,0,0,0,0,14,2022,14
kenenwangwu_min_2022_14,min_2022_14,kenenwangwu_min_2022,min_2022,kenenwangwu,40547,hb,min,1,4,0,0,0,0,0,0,0,0,0,0,0,0,0,0,0,0,0,0,0,0,0,0,0,0,0,0,0,0,0,0,0,0,0,0,0,0,0,0,0,0,0,14,2022,14
jaredgoff_det_2022_14,det_2022_14,jaredgoff_det_2022,det_2022,jaredgoff,10635,qb,det,1,4,0,0,0,0,0,0,0,0,0,0,0,0,0,0,0,0,0,0,0,0,0,0,0,0,0,0,0,0,0,0,0,0,0,0,0,0,0,0,0,0,0,14,2022,14
coltmccoy_ari_2022_14,ari_2022_14,coltmccoy_ari_2022,ari_2022,coltmccoy,5609,qb,ari,1,1,0,0,0,0,0,0,0,0,0,0,0,0,0,0,0,0,0,0,0,0,0,0,0,0,0,0,0,0,0,0,0,0,0,0,0,0,0,0,0,0,0,14,2022,14
zachwilson_nyj_2022_14,nyj_2022_14,zachwilson_nyj_2022,nyj_2022,zachwilson,82096,qb,nyj,1,0,1,0,0,0,0,0,0,0,0,0,0,0,0,0,0,0,0,0,0,0,0,0,0,0,0,0,0,0,0,0,0,0,0,0,0,0,0,0,0,0,0,14,2022,14
darrellhenderson_lar_2022_14,lar_2022_14,darrellhenderson_lar_2022,lar_2022,darrellhenderson,41193,hb,lar,1,2,0,0,0,0,0,0,0,0,0,0,0,0,0,0,0,0,0,0,0,0,0,0,0,0,0,0,0,0,0,0,0,0,0,0,0,0,0,0,0,0,0,14,2022,14
bakermayfield_car_2022_14,car_2022_14,bakermayfield_car_2022,car_2022,bakermayfield,46518,qb,car,1,0,0,0,0,0,0,0,0,0,0,0,0,0,0,0,0,0,0,0,0,0,0,0,0,0,0,0,0,0,0,0,0,0,0,0,0,0,0,0,0,0,0,14,2022,14
sonymichel_lac_2022_14,lac_2022_14,sonymichel_lac_2022,lac_2022,sonymichel,27589,hb,lac,1,1,0,0,0,0,0,0,0,0,0,0,0,0,0,0,0,0,0,0,0,0,0,0,0,0,0,0,0,0,0,0,0,0,0,0,0,0,0,0,0,0,0,14,2022,14
rondalemoore_ari_2022_14,ari_2022_14,rondalemoore_ari_2022,ari_2022,rondalemoore,62890,wr,ari,1,1,0,0,0,0,0,0,0,0,0,0,0,0,0,0,0,0,0,0,0,0,0,0,0,0,0,0,0,0,0,0,0,0,0,0,0,0,0,0,0,0,0,14,2022,14
chrismoore_hou_2022_14,hou_2022_14,chrismoore_hou_2022,hou_2022,chrismoore,10741,wr,hou,1,1,0,0,0,0,0,0,0,0,0,0,0,0,0,0,0,0,0,0,0,0,0,0,0,0,0,0,0,0,0,0,0,0,0,0,0,0,0,0,0,0,0,14,2022,14
davidjohnson_no_2022_14,no_2022_14,davidjohnson_no_2022,no_2022,davidjohnson,9519,hb,no,1,1,0,0,0,0,0,0,0,0,0,0,0,0,0,0,0,0,0,0,0,0,0,0,0,0,0,0,0,0,0,0,0,0,0,0,0,0,0,0,0,0,0,14,2022,14
jahandotson_was_2022_14,was_2022_14,jahandotson_was_2022,was_2022,jahandotson,84375,wr,was,1,1,0,0,0,0,0,0,0,0,0,0,0,0,0,0,0,0,0,0,0,0,0,0,0,0,0,0,0,0,0,0,0,0,0,0,0,0,0,0,0,0,0,14,2022,14
denzelmims_nyj_2022_14,nyj_2022_14,denzelmims_nyj_2022,nyj_2022,denzelmims,47800,wr,nyj,1,1,0,0,0,0,0,0,0,0,0,0,0,0,0,0,0,0,0,0,0,0,0,0,0,0,0,0,0,0,0,0,0,0,0,0,0,0,0,0,0,0,0,14,2022,14
patrickricard_bal_2022_14,bal_2022_14,patrickricard_bal_2022,bal_2022,patrickricard,48862,fb,bal,1,1,0,0,0,0,0,0,0,0,0,0,0,0,0,0,0,0,0,0,0,0,0,0,0,0,0,0,0,0,0,0,0,0,0,0,0,0,0,0,0,0,0,14,2022,14
olamidezaccheaus_atl_2022_14,atl_2022_14,olamidezaccheaus_atl_2022,atl_2022,olamidezaccheaus,44920,wr,atl,1,1,1,0,0,0,0,0,0,0,0,0,0,0,0,0,0,0,0,0,0,0,0,0,0,0,0,0,0,0,0,0,0,0,0,0,0,0,0,0,0,0,0,14,2022,14
diontaejohnson_pit_2022_14,pit_2022_14,diontaejohnson_pit_2022,pit_2022,diontaejohnson,33441,wr,pit,1,1,0,0,0,0,0,0,0,0,0,0,0,0,0,0,0,0,0,0,0,0,0,0,0,0,0,0,0,0,0,0,0,0,0,0,0,0,0,0,0,0,0,14,2022,14
tracemcsorley_ari_2022_14,ari_2022_14,tracemcsorley_ari_2022,ari_2022,tracemcsorley,32819,qb,ari,1,1,0,0,0,0,0,0,0,0,0,0,0,0,0,0,0,0,0,0,0,0,0,0,0,0,0,0,0,0,0,0,0,0,0,0,0,0,0,0,0,0,0,14,2022,14
zanderhorvath_lac_2022_14,lac_2022_14,zanderhorvath_lac_2022,lac_2022,zanderhorvath,57384,fb,lac,1,1,0,0,0,0,0,0,0,0,0,0,0,0,0,0,0,0,0,0,0,0,0,0,0,0,0,0,0,0,0,0,0,0,0,0,0,0,0,0,0,0,0,14,2022,14
jamesconner_ari_2022_14,ari_2022_14,jamesconner_ari_2022,ari_2022,jamesconner,11860,hb,ari,1,25,5,2,0,0,0,0,0,0,0,0,0,0,0,0,0,0,0,0,0,0,0,0,0,0,0,0,0,0,0,0,0,0,0,0,0,0,0,0,0,0,0,14,2022,14
dontaforeman_car_2022_14,car_2022_14,dontaforeman_car_2022,car_2022,dontaforeman,11844,hb,car,1,24,4,2,0,0,0,0,0,0,0,0,0,0,0,0,0,0,0,0,0,0,0,0,0,0,0,0,0,0,0,0,0,0,0,0,0,0,0,0,0,0,0,14,2022,14
chubahubbard_car_2022_14,car_2022_14,chubahubbard_car_2022,car_2022,chubahubbard,57373,hb,car,1,17,2,0,0,0,0,0,0,0,0,0,0,0,0,0,0,0,0,0,0,0,0,0,0,0,0,0,0,0,0,0,0,0,0,0,0,0,0,0,0,0,0,14,2022,14
jamycalhasty_jax_2022_14,jax_2022_14,jamycalhasty_jax_2022,jax_2022,jamycalhasty,25582,hb,jax,1,12,4,0,0,0,0,0,0,0,0,0,0,0,0,0,0,0,0,0,0,0,0,0,0,0,0,0,0,0,0,0,0,0,0,0,0,0,0,0,0,0,0,14,2022,14
kylermurray_ari_2022_14,ari_2022_14,kylermurray_ari_2022,ari_2022,kylermurray,38334,qb,ari,1,4,0,1,0,0,0,0,0,0,0,0,0,0,0,0,0,0,0,0,0,0,0,0,0,0,0,0,0,0,0,0,0,0,0,0,0,0,0,0,0,0,0,14,2022,14
michaelcarter_nyj_2022_14,nyj_2022_14,michaelcarter_nyj_2022,nyj_2022,michaelcarter,57337,hb,nyj,1,6,0,0,0,0,0,0,0,0,0,0,0,0,0,0,0,0,0,0,0,0,0,0,0,0,0,0,0,0,0,0,0,0,0,0,0,0,0,0,0,0,0,14,2022,14
skylarthompson_mia_2022_14,mia_2022_14,skylarthompson_mia_2022,mia_2022,skylarthompson,60417,qb,mia,1,4,0,0,0,0,0,0,0,0,0,0,0,0,0,0,0,0,0,0,0,0,0,0,0,0,0,0,0,0,0,0,0,0,0,0,0,0,0,0,0,0,0,14,2022,14
anthonymcfarlandjr_pit_2022_14,pit_2022_14,anthonymcfarlandjr_pit_2022,pit_2022,anthonymcfarlandjr,57289,hb,pit,1,6,2,0,0,0,0,0,0,0,0,0,0,0,0,0,0,0,0,0,0,0,0,0,0,0,0,0,0,0,0,0,0,0,0,0,0,0,0,0,0,0,0,14,2022,14
mylesgaskin_mia_2022_14,mia_2022_14,mylesgaskin_mia_2022,mia_2022,mylesgaskin,45914,hb,mia,1,6,3,0,0,0,0,0,0,0,0,0,0,0,0,0,0,0,0,0,0,0,0,0,0,0,0,0,0,0,0,0,0,0,0,0,0,0,0,0,0,0,0,14,2022,14
damienharris_ne_2022_14,ne_2022_14,damienharris_ne_2022,ne_2022,damienharris,35134,hb,ne,1,5,0,0,0,0,0,0,0,0,0,0,0,0,0,0,0,0,0,0,0,0,0,0,0,0,0,0,0,0,0,0,0,0,0,0,0,0,0,0,0,0,0,14,2022,14
garybrightwell_nyg_2022_14,nyg_2022_14,garybrightwell_nyg_2022,nyg_2022,garybrightwell,57133,hb,nyg,1,5,0,1,0,0,0,0,0,0,0,0,0,0,0,0,0,0,0,0,0,0,0,0,0,0,0,0,0,0,0,0,0,0,0,0,0,0,0,0,0,0,0,14,2022,14
ronaldjones_kc_2022_14,kc_2022_14,ronaldjones_kc_2022,kc_2022,ronaldjones,34001,hb,kc,1,4,0,0,0,0,0,0,0,0,0,0,0,0,0,0,0,0,0,0,0,0,0,0,0,0,0,0,0,0,0,0,0,0,0,0,0,0,0,0,0,0,0,14,2022,14
keshawnvaughn_tb_2022_14,tb_2022_14,keshawnvaughn_tb_2022,tb_2022,keshawnvaughn,45866,hb,tb,1,4,0,0,0,0,0,0,0,0,0,0,0,0,0,0,0,0,0,0,0,0,0,0,0,0,0,0,0,0,0,0,0,0,0,0,0,0,0,0,0,0,0,14,2022,14
samdarnold_car_2022_14,car_2022_14,samdarnold_car_2022,car_2022,samdarnold,29048,qb,car,1,2,0,0,0,0,0,0,0,0,0,0,0,0,0,0,0,0,0,0,0,0,0,0,0,0,0,0,0,0,0,0,0,0,0,0,0,0,0,0,0,0,0,14,2022,14
jacobybrissett_cle_2022_14,cle_2022_14,jacobybrissett_cle_2022,cle_2022,jacobybrissett,10725,qb,cle,1,0,1,0,0,0,0,0,0,0,0,0,0,0,0,0,0,0,0,0,0,0,0,0,0,0,0,0,0,0,0,0,0,0,0,0,0,0,0,0,0,0,0,14,2022,14
keaontayingram_ari_2022_14,ari_2022_14,keaontayingram_ari_2022,ari_2022,keaontayingram,77761,hb,ari,1,2,1,0,0,0,0,0,0,0,0,0,0,0,0,0,0,0,0,0,0,0,0,0,0,0,0,0,0,0,0,0,0,0,0,0,0,0,0,0,0,0,0,14,2022,14
derekcarr_lv_2022_14,lv_2022_14,derekcarr_lv_2022,lv_2022,derekcarr,8671,qb,lv,1,0,0,0,0,0,0,0,0,0,0,0,0,0,0,0,0,0,0,0,0,0,0,0,0,0,0,0,0,0,0,0,0,0,0,0,0,0,0,0,0,0,0,14,2022,14
mattbreida_nyg_2022_14,nyg_2022_14,mattbreida_nyg_2022,nyg_2022,mattbreida,12271,hb,nyg,1,2,0,0,0,0,0,0,0,0,0,0,0,0,0,0,0,0,0,0,0,0,0,0,0,0,0,0,0,0,0,0,0,0,0,0,0,0,0,0,0,0,0,14,2022,14
isaiahmckenzie_buf_2022_14,buf_2022_14,isaiahmckenzie_buf_2022,buf_2022,isaiahmckenzie,11927,wr,buf,1,2,1,0,0,0,0,0,0,0,0,0,0,0,0,0,0,0,0,0,0,0,0,0,0,0,0,0,0,0,0,0,0,0,0,0,0,0,0,0,0,0,0,14,2022,14
dakprescott_dal_2022_14,dal_2022_14,dakprescott_dal_2022,dal_2022,dakprescott,10769,qb,dal,1,1,2,0,0,0,0,0,0,0,0,0,0,0,0,0,0,0,0,0,0,0,0,0,0,0,0,0,0,0,0,0,0,0,0,0,0,0,0,0,0,0,0,14,2022,14
braxtonberrios_nyj_2022_14,nyj_2022_14,braxtonberrios_nyj_2022,nyj_2022,braxtonberrios,47961,wr,nyj,1,2,0,0,0,0,0,0,0,0,0,0,0,0,0,0,0,0,0,0,0,0,0,0,0,0,0,0,0,0,0,0,0,0,0,0,0,0,0,0,0,0,0,14,2022,14
isaiahspiller_lac_2022_14,lac_2022_14,isaiahspiller_lac_2022,lac_2022,isaiahspiller,99146,hb,lac,1,2,0,0,0,0,0,0,0,0,0,0,0,0,0,0,0,0,0,0,0,0,0,0,0,0,0,0,0,0,0,0,0,0,0,0,0,0,0,0,0,0,0,14,2022,14
travishomer_sea_2022_14,sea_2022_14,travishomer_sea_2022,sea_2022,travishomer,45859,hb,sea,1,2,0,0,0,0,0,0,0,0,0,0,0,0,0,0,0,0,0,0,0,0,0,0,0,0,0,0,0,0,0,0,0,0,0,0,0,0,0,0,0,0,0,14,2022,14
garrettwilson_nyj_2022_14,nyj_2022_14,garrettwilson_nyj_2022,nyj_2022,garrettwilson,97405,wr,nyj,1,1,0,0,0,0,0,0,0,0,0,0,0,0,0,0,0,0,0,0,0,0,0,0,0,0,0,0,0,0,0,0,0,0,0,0,0,0,0,0,0,0,0,14,2022,14
juliojones_tb_2022_14,tb_2022_14,juliojones_tb_2022,tb_2022,juliojones,6158,wr,tb,1,1,0,1,0,0,0,0,0,0,0,0,0,0,0,0,0,0,0,0,0,0,0,0,0,0,0,0,0,0,0,0,0,0,0,0,0,0,0,0,0,0,0,14,2022,14
christiankirk_jax_2022_14,jax_2022_14,christiankirk_jax_2022,jax_2022,christiankirk,47546,wr,jax,1,1,0,0,0,0,0,0,0,0,0,0,0,0,0,0,0,0,0,0,0,0,0,0,0,0,0,0,0,0,0,0,0,0,0,0,0,0,0,0,0,0,0,14,2022,14
terrymclaurin_was_2022_14,was_2022_14,terrymclaurin_was_2022,was_2022,terrymclaurin,48229,wr,was,1,1,0,0,0,0,0,0,0,0,0,0,0,0,0,0,0,0,0,0,0,0,0,0,0,0,0,0,0,0,0,0,0,0,0,0,0,0,0,0,0,0,0,14,2022,14
kendallhinton_den_2022_14,den_2022_14,kendallhinton_den_2022,den_2022,kendallhinton,34045,wr,den,1,1,0,0,0,0,0,0,0,0,0,0,0,0,0,0,0,0,0,0,0,0,0,0,0,0,0,0,0,0,0,0,0,0,0,0,0,0,0,0,0,0,0,14,2022,14
kjosborn_min_2022_14,min_2022_14,kjosborn_min_2022,min_2022,kjosborn,23503,wr,min,1,1,1,0,0,0,0,0,0,0,0,0,0,0,0,0,0,0,0,0,0,0,0,0,0,0,0,0,0,0,0,0,0,0,0,0,0,0,0,0,0,0,0,14,2022,14
kendrickbourne_ne_2022_14,ne_2022_14,kendrickbourne_ne_2022,ne_2022,kendrickbourne,12270,wr,ne,1,1,1,0,0,0,0,0,0,0,0,0,0,0,0,0,0,0,0,0,0,0,0,0,0,0,0,0,0,0,0,0,0,0,0,0,0,0,0,0,0,0,0,14,2022,14
tyreekhill_mia_2022_14,mia_2022_14,tyreekhill_mia_2022,mia_2022,tyreekhill,10799,wr,mia,1,1,0,0,0,0,0,0,0,0,0,0,0,0,0,0,0,0,0,0,0,0,0,0,0,0,0,0,0,0,0,0,0,0,0,0,0,0,0,0,0,0,0,14,2022,14
laviskashenaultjr_car_2022_14,car_2022_14,laviskashenaultjr_car_2022,car_2022,laviskashenaultjr,61220,wr,car,1,1,0,0,0,0,0,0,0,0,0,0,0,0,0,0,0,0,0,0,0,0,0,0,0,0,0,0,0,0,0,0,0,0,0,0,0,0,0,0,0,0,0,14,2022,14
brandincooks_hou_2022_14,hou_2022_14,brandincooks_hou_2022,hou_2022,brandincooks,8655,wr,hou,1,1,0,0,0,0,0,0,0,0,0,0,0,0,0,0,0,0,0,0,0,0,0,0,0,0,0,0,0,0,0,0,0,0,0,0,0,0,0,0,0,0,0,14,2022,14
marquisegoodwin_sea_2022_14,sea_2022_14,marquisegoodwin_sea_2022,sea_2022,marquisegoodwin,7859,wr,sea,1,1,0,0,0,0,0,0,0,0,0,0,0,0,0,0,0,0,0,0,0,0,0,0,0,0,0,0,0,0,0,0,0,0,0,0,0,0,0,0,0,0,0,14,2022,14
joshjacobs_lv_2022_14,lv_2022_14,joshjacobs_lv_2022,lv_2022,joshjacobs,45953,hb,lv,1,26,12,1,0,0,0,0,0,0,0,0,0,0,0,0,0,0,0,0,0,0,0,0,0,0,0,0,0,0,0,0,0,0,0,0,0,0,0,0,0,0,0,14,2022,14
brianrobinsonjr_was_2022_14,was_2022_14,brianrobinsonjr_was_2022,was_2022,brianrobinsonjr,57120,hb,was,1,21,3,1,0,0,0,0,0,0,0,0,0,0,0,0,0,0,0,0,0,0,0,0,0,0,0,0,0,0,0,0,0,0,0,0,0,0,0,0,0,0,0,14,2022,14
samajeperine_cin_2022_14,cin_2022_14,samajeperine_cin_2022,cin_2022,samajeperine,11869,hb,cin,1,21,6,0,0,0,0,0,0,0,0,0,0,0,0,0,0,0,0,0,0,0,0,0,0,0,0,0,0,0,0,0,0,0,0,0,0,0,0,0,0,0,0,14,2022,14
jonathantaylor_ind_2022_14,ind_2022_14,jonathantaylor_ind_2022,ind_2022,jonathantaylor,57488,hb,ind,1,21,3,1,0,0,0,0,0,0,0,0,0,0,0,0,0,0,0,0,0,0,0,0,0,0,0,0,0,0,0,0,0,0,0,0,0,0,0,0,0,0,0,14,2022,14
dalvincook_min_2022_14,min_2022_14,dalvincook_min_2022,min_2022,dalvincook,11796,hb,min,1,20,2,1,0,0,0,0,0,0,0,0,0,0,0,0,0,0,0,0,0,0,0,0,0,0,0,0,0,0,0,0,0,0,0,0,0,0,0,0,0,0,0,14,2022,14
dameonpierce_hou_2022_14,hou_2022_14,dameonpierce_hou_2022,hou_2022,dameonpierce,83659,hb,hou,1,18,6,0,0,0,0,0,0,0,0,0,0,0,0,0,0,0,0,0,0,0,0,0,0,0,0,0,0,0,0,0,0,0,0,0,0,0,0,0,0,0,0,14,2022,14
ajdillon_gb_2022_14,gb_2022_14,ajdillon_gb_2022,gb_2022,ajdillon,57165,hb,gb,1,18,0,2,0,0,0,0,0,0,0,0,0,0,0,0,0,0,0,0,0,0,0,0,0,0,0,0,0,0,0,0,0,0,0,0,0,0,0,0,0,0,0,14,2022,14
saquonbarkley_nyg_2022_14,nyg_2022_14,saquonbarkley_nyg_2022,nyg_2022,saquonbarkley,45791,hb,nyg,1,18,2,1,0,0,0,0,0,0,0,0,0,0,0,0,0,0,0,0,0,0,0,0,0,0,0,0,0,0,0,0,0,0,0,0,0,0,0,0,0,0,0,14,2022,14
lataviusmurray_den_2022_14,den_2022_14,lataviusmurray_den_2022,den_2022,lataviusmurray,7962,hb,den,1,17,1,0,0,0,0,0,0,0,0,0,0,0,0,0,0,0,0,0,0,0,0,0,0,0,0,0,0,0,0,0,0,0,0,0,0,0,0,0,0,0,0,14,2022,14
ezekielelliott_dal_2022_14,dal_2022_14,ezekielelliott_dal_2022,dal_2022,ezekielelliott,10638,hb,dal,1,17,0,1,0,0,0,0,0,0,0,0,0,0,0,0,0,0,0,0,0,0,0,0,0,0,0,0,0,0,0,0,0,0,0,0,0,0,0,0,0,0,0,14,2022,14
nickchubb_cle_2022_14,cle_2022_14,nickchubb_cle_2022,cle_2022,nickchubb,45783,hb,cle,1,17,3,2,0,0,0,0,0,0,0,0,0,0,0,0,0,0,0,0,0,0,0,0,0,0,0,0,0,0,0,0,0,0,0,0,0,0,0,0,0,0,0,14,2022,14
najeeharris_pit_2022_14,pit_2022_14,najeeharris_pit_2022,pit_2022,najeeharris,57121,hb,pit,1,17,4,0,0,0,0,0,0,0,0,0,0,0,0,0,0,0,0,0,0,0,0,0,0,0,0,0,0,0,0,0,0,0,0,0,0,0,0,0,0,0,0,14,2022,14
christianmccaffrey_sf_2022_14,sf_2022_14,christianmccaffrey_sf_2022,sf_2022,christianmccaffrey,11763,hb,sf,1,17,0,1,0,0,0,0,0,0,0,0,0,0,0,0,0,0,0,0,0,0,0,0,0,0,0,0,0,0,0,0,0,0,0,0,0,0,0,0,0,0,0,14,2022,14
camakers_lar_2022_14,lar_2022_14,camakers_lar_2022,lar_2022,camakers,57206,hb,lar,1,17,5,0,0,0,0,0,0,0,0,0,0,0,0,0,0,0,0,0,0,0,0,0,0,0,0,0,0,0,0,0,0,0,0,0,0,0,0,0,0,0,0,14,2022,14
zonovanknight_nyj_2022_14,nyj_2022_14,zonovanknight_nyj_2022,nyj_2022,zonovanknight,97432,hb,nyj,1,15,4,1,0,0,0,0,0,0,0,0,0,0,0,0,0,0,0,0,0,0,0,0,0,0,0,0,0,0,0,0,0,0,0,0,0,0,0,0,0,0,0,14,2022,14
jamescook_buf_2022_14,buf_2022_14,jamescook_buf_2022,buf_2022,jamescook,83666,hb,buf,1,14,3,1,0,0,0,0,0,0,0,0,0,0,0,0,0,0,0,0,0,0,0,0,0,0,0,0,0,0,0,0,0,0,0,0,0,0,0,0,0,0,0,14,2022,14
dandreswift_det_2022_14,det_2022_14,dandreswift_det_2022,det_2022,dandreswift,57212,hb,det,1,14,2,0,0,0,0,0,0,0,0,0,0,0,0,0,0,0,0,0,0,0,0,0,0,0,0,0,0,0,0,0,0,0,0,0,0,0,0,0,0,0,0,14,2022,14
davidmontgomery_chi_2022_14,chi_2022_14,davidmontgomery_chi_2022,chi_2022,davidmontgomery,45719,hb,chi,1,14,3,0,0,0,0,0,0,0,0,0,0,0,0,0,0,0,0,0,0,0,0,0,0,0,0,0,0,0,0,0,0,0,0,0,0,0,0,0,0,0,0,14,2022,14
isiahpacheco_kc_2022_14,kc_2022_14,isiahpacheco_kc_2022,kc_2022,isiahpacheco,83747,hb,kc,1,14,2,1,0,0,0,0,0,0,0,0,0,0,0,0,0,0,0,0,0,0,0,0,0,0,0,0,0,0,0,0,0,0,0,0,0,0,0,0,0,0,0,14,2022,14
travisetienne_jax_2022_14,jax_2022_14,travisetienne_jax_2022,jax_2022,travisetienne,57185,hb,jax,1,13,1,0,0,0,0,0,0,0,0,0,0,0,0,0,0,0,0,0,0,0,0,0,0,0,0,0,0,0,0,0,0,0,0,0,0,0,0,0,0,0,0,14,2022,14
devinsingletary_buf_2022_14,buf_2022_14,devinsingletary_buf_2022,buf_2022,devinsingletary,40485,hb,buf,1,13,1,0,0,0,0,0,0,0,0,0,0,0,0,0,0,0,0,0,0,0,0,0,0,0,0,0,0,0,0,0,0,0,0,0,0,0,0,0,0,0,0,14,2022,14
tonypollard_dal_2022_14,dal_2022_14,tonypollard_dal_2022,dal_2022,tonypollard,27126,hb,dal,1,12,4,3,0,0,0,0,0,0,0,0,0,0,0,0,0,0,0,0,0,0,0,0,0,0,0,0,0,0,0,0,0,0,0,0,0,0,0,0,0,0,0,14,2022,14
danieljones_nyg_2022_14,nyg_2022_14,danieljones_nyg_2022,nyg_2022,danieljones,39395,qb,nyg,1,7,3,0,0,0,0,0,0,0,0,0,0,0,0,0,0,0,0,0,0,0,0,0,0,0,0,0,0,0,0,0,0,0,0,0,0,0,0,0,0,0,0,14,2022,14
alvinkamara_no_2022_14,no_2022_14,alvinkamara_no_2022,no_2022,alvinkamara,11822,hb,no,1,12,1,0,0,0,0,0,0,0,0,0,0,0,0,0,0,0,0,0,0,0,0,0,0,0,0,0,0,0,0,0,0,0,0,0,0,0,0,0,0,0,0,14,2022,14
derrickhenry_ten_2022_14,ten_2022_14,derrickhenry_ten_2022,ten_2022,derrickhenry,10679,hb,ten,1,11,0,0,0,0,0,0,0,0,0,0,0,0,0,0,0,0,0,0,0,0,0,0,0,0,0,0,0,0,0,0,0,0,0,0,0,0,0,0,0,0,0,14,2022,14
joeburrow_cin_2022_14,cin_2022_14,joeburrow_cin_2022,cin_2022,joeburrow,28022,qb,cin,1,7,2,1,0,0,0,0,0,0,0,0,0,0,0,0,0,0,0,0,0,0,0,0,0,0,0,0,0,0,0,0,0,0,0,0,0,0,0,0,0,0,0,14,2022,14
cordarrellepatterson_atl_2022_14,atl_2022_14,cordarrellepatterson_atl_2022,atl_2022,cordarrellepatterson,7810,hb,atl,1,11,2,1,0,0,0,0,0,0,0,0,0,0,0,0,0,0,0,0,0,0,0,0,0,0,0,0,0,0,0,0,0,0,0,0,0,0,0,0,0,0,0,14,2022,14
jamaalwilliams_det_2022_14,det_2022_14,jamaalwilliams_det_2022,det_2022,jamaalwilliams,11889,hb,det,1,11,3,0,0,0,0,0,0,0,0,0,0,0,0,0,0,0,0,0,0,0,0,0,0,0,0,0,0,0,0,0,0,0,0,0,0,0,0,0,0,0,0,14,2022,14
tylerallgeier_atl_2022_14,atl_2022_14,tylerallgeier_atl_2022,atl_2022,tylerallgeier,83639,hb,atl,1,10,1,1,0,0,0,0,0,0,0,0,0,0,0,0,0,0,0,0,0,0,0,0,0,0,0,0,0,0,0,0,0,0,0,0,0,0,0,0,0,0,0,14,2022,14
leonardfournette_tb_2022_14,tb_2022_14,leonardfournette_tb_2022,tb_2022,leonardfournette,11759,hb,tb,1,10,1,0,0,0,0,0,0,0,0,0,0,0,0,0,0,0,0,0,0,0,0,0,0,0,0,0,0,0,0,0,0,0,0,0,0,0,0,0,0,0,0,14,2022,14
austinekeler_lac_2022_14,lac_2022_14,austinekeler_lac_2022,lac_2022,austinekeler,12164,hb,lac,1,10,4,0,0,0,0,0,0,0,0,0,0,0,0,0,0,0,0,0,0,0,0,0,0,0,0,0,0,0,0,0,0,0,0,0,0,0,0,0,0,0,0,14,2022,14
milessanders_phi_2022_14,phi_2022_14,milessanders_phi_2022,phi_2022,milessanders,40555,hb,phi,1,10,2,0,0,0,0,0,0,0,0,0,0,0,0,0,0,0,0,0,0,0,0,0,0,0,0,0,0,0,0,0,0,0,0,0,0,0,0,0,0,0,0,14,2022,14
tylerhuntley_bal_2022_14,bal_2022_14,tylerhuntley_bal_2022,bal_2022,tylerhuntley,46448,qb,bal,1,5,1,0,0,0,0,0,0,0,0,0,0,0,0,0,0,0,0,0,0,0,0,0,0,0,0,0,0,0,0,0,0,0,0,0,0,0,0,0,0,0,0,14,2022,14
deejaydallas_sea_2022_14,sea_2022_14,deejaydallas_sea_2022,sea_2022,deejaydallas,55632,hb,sea,1,10,1,0,0,0,0,0,0,0,0,0,0,0,0,0,0,0,0,0,0,0,0,0,0,0,0,0,0,0,0,0,0,0,0,0,0,0,0,0,0,0,0,14,2022,14
rhamondrestevenson_ne_2022_14,ne_2022_14,rhamondrestevenson_ne_2022,ne_2022,rhamondrestevenson,98689,hb,ne,1,10,5,1,0,0,0,0,0,0,0,0,0,0,0,0,0,0,0,0,0,0,0,0,0,0,0,0,0,0,0,0,0,0,0,0,0,0,0,0,0,0,0,14,2022,14
kareemhunt_cle_2022_14,cle_2022_14,kareemhunt_cle_2022,cle_2022,kareemhunt,11841,hb,cle,1,9,4,1,0,0,0,0,0,0,0,0,0,0,0,0,0,0,0,0,0,0,0,0,0,0,0,0,0,0,0,0,0,0,0,0,0,0,0,0,0,0,0,14,2022,14
rachaadwhite_tb_2022_14,tb_2022_14,rachaadwhite_tb_2022,tb_2022,rachaadwhite,131633,hb,tb,1,9,1,0,0,0,0,0,0,0,0,0,0,0,0,0,0,0,0,0,0,0,0,0,0,0,0,0,0,0,0,0,0,0,0,0,0,0,0,0,0,0,0,14,2022,14
aaronjones_gb_2022_14,gb_2022_14,aaronjones_gb_2022,gb_2022,aaronjones,11937,hb,gb,1,9,2,0,0,0,0,0,0,0,0,0,0,0,0,0,0,0,0,0,0,0,0,0,0,0,0,0,0,0,0,0,0,0,0,0,0,0,0,0,0,0,0,14,2022,14
antoniogibson_was_2022_14,was_2022_14,antoniogibson_was_2022,was_2022,antoniogibson,78050,hb,was,1,9,1,0,0,0,0,0,0,0,0,0,0,0,0,0,0,0,0,0,0,0,0,0,0,0,0,0,0,0,0,0,0,0,0,0,0,0,0,0,0,0,0,14,2022,14
jerickmckinnon_kc_2022_14,kc_2022_14,jerickmckinnon_kc_2022,kc_2022,jerickmckinnon,8731,hb,kc,1,8,0,0,0,0,0,0,0,0,0,0,0,0,0,0,0,0,0,0,0,0,0,0,0,0,0,0,0,0,0,0,0,0,0,0,0,0,0,0,0,0,0,14,2022,14
jordanmason_sf_2022_14,sf_2022_14,jordanmason_sf_2022,sf_2022,jordanmason,62946,hb,sf,1,8,2,1,0,0,0,0,0,0,0,0,0,0,0,0,0,0,0,0,0,0,0,0,0,0,0,0,0,0,0,0,0,0,0,0,0,0,0,0,0,0,0,14,2022,14
joshallen_buf_2022_14,buf_2022_14,joshallen_buf_2022,buf_2022,joshallen,46601,qb,buf,1,6,0,0,0,0,0,0,0,0,0,0,0,0,0,0,0,0,0,0,0,0,0,0,0,0,0,0,0,0,0,0,0,0,0,0,0,0,0,0,0,0,0,14,2022,14
tonyjonesjr_sea_2022_14,sea_2022_14,tonyjonesjr_sea_2022,sea_2022,tonyjonesjr,40498,hb,sea,1,7,1,0,0,0,0,0,0,0,0,0,0,0,0,0,0,0,0,0,0,0,0,0,0,0,0,0,0,0,0,0,0,0,0,0,0,0,0,0,0,0,0,14,2022,14
raheemmostert_mia_2022_14,mia_2022_14,raheemmostert_mia_2022,mia_2022,raheemmostert,9783,hb,mia,1,7,0,0,0,0,0,0,0,0,0,0,0,0,0,0,0,0,0,0,0,0,0,0,0,0,0,0,0,0,0,0,0,0,0,0,0,0,0,0,0,0,0,14,2022,14
markingramii_no_2022_14,no_2022_14,markingramii_no_2022,no_2022,markingramii,6180,hb,no,1,7,5,0,0,0,0,0,0,0,0,0,0,0,0,0,0,0,0,0,0,0,0,0,0,0,0,0,0,0,0,0,0,0,0,0,0,0,0,0,0,0,0,14,2022,14
kenyandrake_bal_2022_14,bal_2022_14,kenyandrake_bal_2022,bal_2022,kenyandrake,10707,hb,bal,1,7,0,0,0,0,0,0,0,0,0,0,0,0,0,0,0,0,0,0,0,0,0,0,0,0,0,0,0,0,0,0,0,0,0,0,0,0,0,0,0,0,0,14,2022,14
deshaunwatson_cle_2022_14,cle_2022_14,deshaunwatson_cle_2022,cle_2022,deshaunwatson,11767,qb,cle,1,6,0,0,0,0,0,0,0,0,0,0,0,0,0,0,0,0,0,0,0,0,0,0,0,0,0,0,0,0,0,0,0,0,0,0,0,0,0,0,0,0,0,14,2022,14
kennypickett_pit_2022_14,pit_2022_14,kennypickett_pit_2022,pit_2022,kennypickett,60515,qb,pit,1,4,0,0,0,0,0,0,0,0,0,0,0,0,0,0,0,0,0,0,0,0,0,0,0,0,0,0,0,0,0,0,0,0,0,0,0,0,0,0,0,0,0,14,2022,14
joshuakelley_lac_2022_14,lac_2022_14,joshuakelley_lac_2022,lac_2022,joshuakelley,13750,hb,lac,1,7,0,0,0,0,0,0,0,0,0,0,0,0,0,0,0,0,0,0,0,0,0,0,0,0,0,0,0,0,0,0,0,0,0,0,0,0,0,0,0,0,0,14,2022,14
bennysnelljr_pit_2022_14,pit_2022_14,bennysnelljr_pit_2022,pit_2022,bennysnelljr,45954,hb,pit,1,6,2,0,0,0,0,0,0,0,0,0,0,0,0,0,0,0,0,0,0,0,0,0,0,0,0,0,0,0,0,0,0,0,0,0,0,0,0,0,0,0,0,14,2022,14
justinfields_chi_2022_14,chi_2022_14,justinfields_chi_2022,chi_2022,justinfields,82118,qb,chi,1,3,1,0,0,0,0,0,0,0,0,0,0,0,0,0,0,0,0,0,0,0,0,0,0,0,0,0,0,0,0,0,0,0,0,0,0,0,0,0,0,0,0,14,2022,14
mikeboone_den_2022_14,den_2022_14,mikeboone_den_2022,den_2022,mikeboone,31615,hb,den,1,6,2,0,0,0,0,0,0,0,0,0,0,0,0,0,0,0,0,0,0,0,0,0,0,0,0,0,0,0,0,0,0,0,0,0,0,0,0,0,0,0,0,14,2022,14
gusedwards_bal_2022_14,bal_2022_14,gusedwards_bal_2022,bal_2022,gusedwards,46027,hb,bal,1,6,1,0,0,0,0,0,0,0,0,0,0,0,0,0,0,0,0,0,0,0,0,0,0,0,0,0,0,0,0,0,0,0,0,0,0,0,0,0,0,0,0,14,2022,14
bostonscott_phi_2022_14,phi_2022_14,bostonscott_phi_2022,phi_2022,bostonscott,39462,hb,phi,1,6,0,0,0,0,0,0,0,0,0,0,0,0,0,0,0,0,0,0,0,0,0,0,0,0,0,0,0,0,0,0,0,0,0,0,0,0,0,0,0,0,0,14,2022,14
johnwolford_lar_2022_14,lar_2022_14,johnwolford_lar_2022,lar_2022,johnwolford,46454,qb,lar,1,0,0,0,0,0,0,0,0,0,0,0,0,0,0,0,0,0,0,0,0,0,0,0,0,0,0,0,0,0,0,0,0,0,0,0,0,0,0,0,0,0,0,14,2022,14
juliuschestnut_ten_2022_14,ten_2022_14,juliuschestnut_ten_2022,ten_2022,juliuschestnut,109239,hb,ten,1,5,1,0,0,0,0,0,0,0,0,0,0,0,0,0,0,0,0,0,0,0,0,0,0,0,0,0,0,0,0,0,0,0,0,0,0,0,0,0,0,0,0,14,2022,14
jalenhurts_phi_2022_14,phi_2022_14,jalenhurts_phi_2022,phi_2022,jalenhurts,40291,qb,phi,1,5,0,0,0,0,0,0,0,0,0,0,0,0,0,0,0,0,0,0,0,0,0,0,0,0,0,0,0,0,0,0,0,0,0,0,0,0,0,0,0,0,0,14,2022,14
justinherbert_lac_2022_14,lac_2022_14,justinherbert_lac_2022,lac_2022,justinherbert,28237,qb,lac,1,2,0,0,0,0,0,0,0,0,0,0,0,0,0,0,0,0,0,0,0,0,0,0,0,0,0,0,0,0,0,0,0,0,0,0,0,0,0,0,0,0,0,14,2022,14
deebosamuel_sf_2022_14,sf_2022_14,deebosamuel_sf_2022,sf_2022,deebosamuel,48274,wr,sf,1,4,2,0,0,0,0,0,0,0,0,0,0,0,0,0,0,0,0,0,0,0,0,0,0,0,0,0,0,0,0,0,0,0,0,0,0,0,0,0,0,0,0,14,2022,14
tutuatwell_lar_2022_14,lar_2022_14,tutuatwell_lar_2022,lar_2022,tutuatwell,77965,wr,lar,1,4,0,0,0,0,0,0,0,0,0,0,0,0,0,0,0,0,0,0,0,0,0,0,0,0,0,0,0,0,0,0,0,0,0,0,0,0,0,0,0,0,0,14,2022,14
calebhuntley_atl_2022_14,atl_2022_14,calebhuntley_atl_2022,atl_2022,calebhuntley,57156,hb,atl,1,4,0,0,0,0,0,0,0,0,0,0,0,0,0,0,0,0,0,0,0,0,0,0,0,0,0,0,0,0,0,0,0,0,0,0,0,0,0,0,0,0,0,14,2022,14
trevorlawrence_jax_2022_14,jax_2022_14,trevorlawrence_jax_2022,jax_2022,trevorlawrence,77632,qb,jax,1,1,0,0,0,0,0,0,0,0,0,0,0,0,0,0,0,0,0,0,0,0,0,0,0,0,0,0,0,0,0,0,0,0,0,0,0,0,0,0,0,0,0,14,2022,14
jamesrobinson_nyj_2022_14,nyj_2022_14,jamesrobinson_nyj_2022,nyj_2022,jamesrobinson,22425,hb,nyj,1,4,0,0,0,0,0,0,0,0,0,0,0,0,0,0,0,0,0,0,0,0,0,0,0,0,0,0,0,0,0,0,0,0,0,0,0,0,0,0,0,0,0,14,2022,14
brockpurdy_sf_2022_14,sf_2022_14,brockpurdy_sf_2022,sf_2022,brockpurdy,77672,qb,sf,1,4,0,0,0,0,0,0,0,0,0,0,0,0,0,0,0,0,0,0,0,0,0,0,0,0,0,0,0,0,0,0,0,0,0,0,0,0,0,0,0,0,0,14,2022,14
kirkcousins_min_2022_14,min_2022_14,kirkcousins_min_2022,min_2022,kirkcousins,7102,qb,min,1,2,1,0,0,0,0,0,0,0,0,0,0,0,0,0,0,0,0,0,0,0,0,0,0,0,0,0,0,0,0,0,0,0,0,0,0,0,0,0,0,0,0,14,2022,14
malikdavis_dal_2022_14,dal_2022_14,malikdavis_dal_2022,dal_2022,malikdavis,57196,hb,dal,1,3,0,1,0,0,0,0,0,0,0,0,0,0,0,0,0,0,0,0,0,0,0,0,0,0,0,0,0,0,0,0,0,0,0,0,0,0,0,0,0,0,0,14,2022,14
ryantannehill_ten_2022_14,ten_2022_14,ryantannehill_ten_2022,ten_2022,ryantannehill,7014,qb,ten,1,0,0,0,0,0,0,0,0,0,0,0,0,0,0,0,0,0,0,0,0,0,0,0,0,0,0,0,0,0,0,0,0,0,0,0,0,0,0,0,0,0,0,14,2022,14
kyrenwilliams_lar_2022_14,lar_2022_14,kyrenwilliams_lar_2022,lar_2022,kyrenwilliams,97118,hb,lar,1,3,1,0,0,0,0,0,0,0,0,0,0,0,0,0,0,0,0,0,0,0,0,0,0,0,0,0,0,0,0,0,0,0,0,0,0,0,0,0,0,0,0,14,2022,14
jeromeford_cle_2022_14,cle_2022_14,jeromeford_cle_2022,cle_2022,jeromeford,83601,hb,cle,1,3,1,0,0,0,0,0,0,0,0,0,0,0,0,0,0,0,0,0,0,0,0,0,0,0,0,0,0,0,0,0,0,0,0,0,0,0,0,0,0,0,0,14,2022,14
brandonpowell_lar_2022_14,lar_2022_14,brandonpowell_lar_2022,lar_2022,brandonpowell,48036,wr,lar,1,3,0,2,0,0,0,0,0,0,0,0,0,0,0,0,0,0,0,0,0,0,0,0,0,0,0,0,0,0,0,0,0,0,0,0,0,0,0,0,0,0,0,14,2022,14
mattryan_ind_2022_14,ind_2022_14,mattryan_ind_2022,ind_2022,mattryan,4317,qb,ind,1,3,0,0,0,0,0,0,0,0,0,0,0,0,0,0,0,0,0,0,0,0,0,0,0,0,0,0,0,0,0,0,0,0,0,0,0,0,0,0,0,0,0,14,2022,14
zackmoss_ind_2022_14,ind_2022_14,zackmoss_ind_2022,ind_2022,zackmoss,40341,hb,ind,1,3,0,0,0,0,0,0,0,0,0,0,0,0,0,0,0,0,0,0,0,0,0,0,0,0,0,0,0,0,0,0,0,0,0,0,0,0,0,0,0,0,0,14,2022,14
kennethgainwell_phi_2022_14,phi_2022_14,kennethgainwell_phi_2022,phi_2022,kennethgainwell,77737,hb,phi,1,3,0,0,0,0,0,0,0,0,0,0,0,0,0,0,0,0,0,0,0,0,0,0,0,0,0,0,0,0,0,0,0,0,0,0,0,0,0,0,0,0,0,14,2022,14
kennethwalkeriii_sea_2022_14,sea_2022_14,kennethwalkeriii_sea_2022,sea_2022,kennethwalkeriii,97199,hb,sea,1,3,2,1,0,0,0,0,0,0,0,0,0,0,0,0,0,0,0,0,0,0,0,0,0,0,0,0,0,0,0,0,0,0,0,0,0,0,0,0,0,0,0,14,2022,14
darryntonevans_chi_2022_14,chi_2022_14,darryntonevans_chi_2022,chi_2022,darryntonevans,40692,hb,chi,1,3,0,1,0,0,0,0,0,0,0,0,0,0,0,0,0,0,0,0,0,0,0,0,0,0,0,0,0,0,0,0,0,0,0,0,0,0,0,0,0,0,0,14,2022,14
marcusmariota_atl_2022_14,atl_2022_14,marcusmariota_atl_2022,atl_2022,marcusmariota,9435,qb,atl,1,3,0,0,0,0,0,0,0,0,0,0,0,0,0,0,0,0,0,0,0,0,0,0,0,0,0,0,0,0,0,0,0,0,0,0,0,0,0,0,0,0,0,14,2022,14
alexandermattison_min_2022_14,min_2022_14,alexandermattison_min_2022,min_2022,alexandermattison,45817,hb,min,1,3,1,0,0,0,0,0,0,0,0,0,0,0,0,0,0,0,0,0,0,0,0,0,0,0,0,0,0,0,0,0,0,0,0,0,0,0,0,0,0,0,0,14,2022,14
macjones_ne_2022_14,ne_2022_14,macjones_ne_2022,ne_2022,macjones,60323,qb,ne,1,2,0,0,0,0,0,0,0,0,0,0,0,0,0,0,0,0,0,0,0,0,0,0,0,0,0,0,0,0,0,0,0,0,0,0,0,0,0,0,0,0,0,14,2022,14
stevensims_pit_2022_14,pit_2022_14,stevensims_pit_2022,pit_2022,stevensims,48341,wr,pit,1,3,0,0,0,0,0,0,0,0,0,0,0,0,0,0,0,0,0,0,0,0,0,0,0,0,0,0,0,0,0,0,0,0,0,0,0,0,0,0,0,0,0,14,2022,14
mikewhite_nyj_2022_14,nyj_2022_14,mikewhite_nyj_2022,nyj_2022,mikewhite,46453,qb,nyj,1,2,0,0,0,0,0,0,0,0,0,0,0,0,0,0,0,0,0,0,0,0,0,0,0,0,0,0,0,0,0,0,0,0,0,0,0,0,0,0,0,0,0,14,2022,14
aaronrodgers_gb_2022_14,gb_2022_14,aaronrodgers_gb_2022,gb_2022,aaronrodgers,2241,qb,gb,1,2,0,0,0,0,0,0,0,0,0,0,0,0,0,0,0,0,0,0,0,0,0,0,0,0,0,0,0,0,0,0,0,0,0,0,0,0,0,0,0,0,0,14,2022,14
taylorheinicke_was_2022_14,was_2022_14,taylorheinicke_was_2022,was_2022,taylorheinicke,9896,qb,was,1,1,0,0,0,0,0,0,0,0,0,0,0,0,0,0,0,0,0,0,0,0,0,0,0,0,0,0,0,0,0,0,0,0,0,0,0,0,0,0,0,0,0,14,2022,14
russellwilson_den_2022_14,den_2022_14,russellwilson_den_2022,den_2022,russellwilson,7077,qb,den,1,0,0,0,0,0,0,0,0,0,0,0,0,0,0,0,0,0,0,0,0,0,0,0,0,0,0,0,0,0,0,0,0,0,0,0,0,0,0,0,0,0,0,14,2022,14
genosmith_sea_2022_14,sea_2022_14,genosmith_sea_2022,sea_2022,genosmith,7820,qb,sea,1,1,0,0,0,0,0,0,0,0,0,0,0,0,0,0,0,0,0,0,0,0,0,0,0,0,0,0,0,0,0,0,0,0,0,0,0,0,0,0,0,0,0,14,2022,14
natesudfeld_det_2022_14,det_2022_14,natesudfeld_det_2022,det_2022,natesudfeld,10821,qb,det,1,2,0,0,0,0,0,0,0,0,0,0,0,0,0,0,0,0,0,0,0,0,0,0,0,0,0,0,0,0,0,0,0,0,0,0,0,0,0,0,0,0,0,14,2022,14
patrickmahomes_kc_2022_14,kc_2022_14,patrickmahomes_kc_2022,kc_2022,patrickmahomes,11765,qb,kc,1,0,0,0,0,0,0,0,0,0,0,0,0,0,0,0,0,0,0,0,0,0,0,0,0,0,0,0,0,0,0,0,0,0,0,0,0,0,0,0,0,0,0,14,2022,14
curtissamuel_was_2022_14,was_2022_14,curtissamuel_was_2022,was_2022,curtissamuel,11795,wr,was,1,2,0,1,0,0,0,0,0,0,0,0,0,0,0,0,0,0,0,0,0,0,0,0,0,0,0,0,0,0,0,0,0,0,0,0,0,0,0,0,0,0,0,14,2022,14
marlonmack_den_2022_14,den_2022_14,marlonmack_den_2022,den_2022,marlonmack,11898,hb,den,1,2,1,0,0,0,0,0,0,0,0,0,0,0,0,0,0,0,0,0,0,0,0,0,0,0,0,0,0,0,0,0,0,0,0,0,0,0,0,0,0,0,0,14,2022,14
dareogunbowale_hou_2022_14,hou_2022_14,dareogunbowale_hou_2022,hou_2022,dareogunbowale,12329,hb,hou,1,2,1,0,0,0,0,0,0,0,0,0,0,0,0,0,0,0,0,0,0,0,0,0,0,0,0,0,0,0,0,0,0,0,0,0,0,0,0,0,0,0,0,14,2022,14
kyleallen_hou_2022_14,hou_2022_14,kyleallen_hou_2022,hou_2022,kyleallen,26152,qb,hou,1,2,0,0,0,0,0,0,0,0,0,0,0,0,0,0,0,0,0,0,0,0,0,0,0,0,0,0,0,0,0,0,0,0,0,0,0,0,0,0,0,0,0,14,2022,14
devinduvernay_bal_2022_14,bal_2022_14,devinduvernay_bal_2022,bal_2022,devinduvernay,40006,wr,bal,1,2,0,0,0,0,0,0,0,0,0,0,0,0,0,0,0,0,0,0,0,0,0,0,0,0,0,0,0,0,0,0,0,0,0,0,0,0,0,0,0,0,0,14,2022,14
nyheimhines_buf_2022_14,buf_2022_14,nyheimhines_buf_2022,buf_2022,nyheimhines,48103,hb,buf,1,2,0,0,0,0,0,0,0,0,0,0,0,0,0,0,0,0,0,0,0,0,0,0,0,0,0,0,0,0,0,0,0,0,0,0,0,0,0,0,0,0,0,14,2022,14
deonjackson_ind_2022_14,ind_2022_14,deonjackson_ind_2022,ind_2022,deonjackson,57189,hb,ind,1,2,0,0,0,0,0,0,0,0,0,0,0,0,0,0,0,0,0,0,0,0,0,0,0,0,0,0,0,0,0,0,0,0,0,0,0,0,0,0,0,0,0,14,2022,14
justinjefferson_min_2022_14,min_2022_14,justinjefferson_min_2022,min_2022,justinjefferson,61398,wr,min,1,1,0,0,0,0,0,0,0,0,0,0,0,0,0,0,0,0,0,0,0,0,0,0,0,0,0,0,0,0,0,0,0,0,0,0,0,0,0,0,0,0,0,14,2022,14
ceedeelamb_dal_2022_14,dal_2022_14,ceedeelamb_dal_2022,dal_2022,ceedeelamb,61570,wr,dal,1,2,1,0,0,0,0,0,0,0,0,0,0,0,0,0,0,0,0,0,0,0,0,0,0,0,0,0,0,0,0,0,0,0,0,0,0,0,0,0,0,0,0,14,2022,14
zamirwhite_lv_2022_14,lv_2022_14,zamirwhite_lv_2022,lv_2022,zamirwhite,83665,hb,lv,1,2,0,0,0,0,0,0,0,0,0,0,0,0,0,0,0,0,0,0,0,0,0,0,0,0,0,0,0,0,0,0,0,0,0,0,0,0,0,0,0,0,0,14,2022,14
gunnerolszewski_pit_2022_14,pit_2022_14,gunnerolszewski_pit_2022,pit_2022,gunnerolszewski,95015,wr,pit,1,2,0,0,0,0,0,0,0,0,0,0,0,0,0,0,0,0,0,0,0,0,0,0,0,0,0,0,0,0,0,0,0,0,0,0,0,0,0,0,0,0,0,14,2022,14
lamarjackson_bal_2022_14,bal_2022_14,lamarjackson_bal_2022,bal_2022,lamarjackson,46416,qb,bal,1,0,0,0,0,0,0,0,0,0,0,0,0,0,0,0,0,0,0,0,0,0,0,0,0,0,0,0,0,0,0,0,0,0,0,0,0,0,0,0,0,0,0,14,2022,14
justicehill_bal_2022_14,bal_2022_14,justicehill_bal_2022,bal_2022,justicehill,45865,hb,bal,1,1,0,0,0,0,0,0,0,0,0,0,0,0,0,0,0,0,0,0,0,0,0,0,0,0,0,0,0,0,0,0,0,0,0,0,0,0,0,0,0,0,0,14,2022,14
malikwillis_ten_2022_14,ten_2022_14,malikwillis_ten_2022,ten_2022,malikwillis,60341,qb,ten,1,1,1,0,0,0,0,0,0,0,0,0,0,0,0,0,0,0,0,0,0,0,0,0,0,0,0,0,0,0,0,0,0,0,0,0,0,0,0,0,0,0,0,14,2022,14
trayveonwilliams_cin_2022_14,cin_2022_14,trayveonwilliams_cin_2022,cin_2022,trayveonwilliams,45775,hb,cin,1,1,0,0,0,0,0,0,0,0,0,0,0,0,0,0,0,0,0,0,0,0,0,0,0,0,0,0,0,0,0,0,0,0,0,0,0,0,0,0,0,0,0,14,2022,14
kevinharris_ne_2022_14,ne_2022_14,kevinharris_ne_2022,ne_2022,kevinharris,99141,hb,ne,1,1,0,0,0,0,0,0,0,0,0,0,0,0,0,0,0,0,0,0,0,0,0,0,0,0,0,0,0,0,0,0,0,0,0,0,0,0,0,0,0,0,0,14,2022,14
snoopconner_jax_2022_14,jax_2022_14,snoopconner_jax_2022,jax_2022,snoopconner,99163,hb,jax,1,1,0,0,0,0,0,0,0,0,0,0,0,0,0,0,0,0,0,0,0,0,0,0,0,0,0,0,0,0,0,0,0,0,0,0,0,0,0,0,0,0,0,14,2022,14
jalenreagor_min_2022_14,min_2022_14,jalenreagor_min_2022,min_2022,jalenreagor,61697,wr,min,1,1,1,0,0,0,0,0,0,0,0,0,0,0,0,0,0,0,0,0,0,0,0,0,0,0,0,0,0,0,0,0,0,0,0,0,0,0,0,0,0,0,0,14,2022,14
tyjohnson_nyj_2022_14,nyj_2022_14,tyjohnson_nyj_2022,nyj_2022,tyjohnson,45769,hb,nyj,1,1,0,0,0,0,0,0,0,0,0,0,0,0,0,0,0,0,0,0,0,0,0,0,0,0,0,0,0,0,0,0,0,0,0,0,0,0,0,0,0,0,0,14,2022,14
rashidshaheed_no_2022_14,no_2022_14,rashidshaheed_no_2022,no_2022,rashidshaheed,63707,wr,no,1,1,1,0,0,0,0,0,0,0,0,0,0,0,0,0,0,0,0,0,0,0,0,0,0,0,0,0,0,0,0,0,0,0,0,0,0,0,0,0,0,0,0,14,2022,14
montrellwashington_den_2022_14,den_2022_14,montrellwashington_den_2022,den_2022,montrellwashington,64310,wr,den,1,1,1,0,0,0,0,0,0,0,0,0,0,0,0,0,0,0,0,0,0,0,0,0,0,0,0,0,0,0,0,0,0,0,0,0,0,0,0,0,0,0,0,14,2022,14
christianwatson_gb_2022_14,gb_2022_14,christianwatson_gb_2022,gb_2022,christianwatson,66581,wr,gb,1,1,0,1,0,0,0,0,0,0,0,0,0,0,0,0,0,0,0,0,0,0,0,0,0,0,0,0,0,0,0,0,0,0,0,0,0,0,0,0,0,0,0,14,2022,14
dontrellhilliard_ten_2022_14,ten_2022_14,dontrellhilliard_ten_2022,ten_2022,dontrellhilliard,45691,hb,ten,1,1,0,0,0,0,0,0,0,0,0,0,0,0,0,0,0,0,0,0,0,0,0,0,0,0,0,0,0,0,0,0,0,0,0,0,0,0,0,0,0,0,0,14,2022,14
velusjonesjr_chi_2022_14,chi_2022_14,velusjonesjr_chi_2022,chi_2022,velusjonesjr,40573,wr,chi,1,1,0,0,0,0,0,0,0,0,0,0,0,0,0,0,0,0,0,0,0,0,0,0,0,0,0,0,0,0,0,0,0,0,0,0,0,0,0,0,0,0,0,14,2022,14
patricktaylorjr_gb_2022_14,gb_2022_14,patricktaylorjr_gb_2022,gb_2022,patricktaylorjr,40448,hb,gb,1,1,0,0,0,0,0,0,0,0,0,0,0,0,0,0,0,0,0,0,0,0,0,0,0,0,0,0,0,0,0,0,0,0,0,0,0,0,0,0,0,0,0,14,2022,14
adamprentice_no_2022_14,no_2022_14,adamprentice_no_2022,no_2022,adamprentice,35639,fb,no,1,1,0,0,0,0,0,0,0,0,0,0,0,0,0,0,0,0,0,0,0,0,0,0,0,0,0,0,0,0,0,0,0,0,0,0,0,0,0,0,0,0,0,14,2022,14
bryceperkins_lar_2022_14,lar_2022_14,bryceperkins_lar_2022,lar_2022,bryceperkins,35299,qb,lar,1,0,0,0,0,0,0,0,0,0,0,0,0,0,0,0,0,0,0,0,0,0,0,0,0,0,0,0,0,0,0,0,0,0,0,0,0,0,0,0,0,0,0,14,2022,14
justinjackson_det_2022_14,det_2022_14,justinjackson_det_2022,det_2022,justinjackson,29539,hb,det,1,1,0,0,0,0,0,0,0,0,0,0,0,0,0,0,0,0,0,0,0,0,0,0,0,0,0,0,0,0,0,0,0,0,0,0,0,0,0,0,0,0,0,14,2022,14
jeffwilsonjr_mia_2022_14,mia_2022_14,jeffwilsonjr_mia_2022,mia_2022,jeffwilsonjr,29413,hb,mia,1,1,1,0,0,0,0,0,0,0,0,0,0,0,0,0,0,0,0,0,0,0,0,0,0,0,0,0,0,0,0,0,0,0,0,0,0,0,0,0,0,0,0,14,2022,14
trenttaylor_cin_2022_14,cin_2022_14,trenttaylor_cin_2022,cin_2022,trenttaylor,11932,wr,cin,1,1,0,0,0,0,0,0,0,0,0,0,0,0,0,0,0,0,0,0,0,0,0,0,0,0,0,0,0,0,0,0,0,0,0,0,0,0,0,0,0,0,0,14,2022,14
kylejuszczyk_sf_2022_14,sf_2022_14,kylejuszczyk_sf_2022,sf_2022,kylejuszczyk,7912,fb,sf,1,1,0,0,0,0,0,0,0,0,0,0,0,0,0,0,0,0,0,0,0,0,0,0,0,0,0,0,0,0,0,0,0,0,0,0,0,0,0,0,0,0,0,14,2022,14
jamalagnew_jax_2022_14,jax_2022_14,jamalagnew_jax_2022,jax_2022,jamalagnew,11920,wr,jax,1,1,1,0,0,0,0,0,0,0,0,0,0,0,0,0,0,0,0,0,0,0,0,0,0,0,0,0,0,0,0,0,0,0,0,0,0,0,0,0,0,0,0,14,2022,14
kalifraymond_det_2022_14,det_2022_14,kalifraymond_det_2022,det_2022,kalifraymond,11028,wr,det,1,1,2,0,0,0,0,0,0,0,0,0,0,0,0,0,0,0,0,0,0,0,0,0,0,0,0,0,0,0,0,0,0,0,0,0,0,0,0,0,0,0,0,14,2022,14
elijahmoore_nyj_2022_14,nyj_2022_14,elijahmoore_nyj_2022,nyj_2022,elijahmoore,84302,wr,nyj,1,1,2,0,0,0,0,0,0,0,0,0,0,0,0,0,0,0,0,0,0,0,0,0,0,0,0,0,0,0,0,0,0,0,0,0,0,0,0,0,0,0,0,14,2022,14
amonrastbrown_det_2022_14,det_2022_14,amonrastbrown_det_2022,det_2022,amonrastbrown,84470,wr,det,1,1,0,0,0,0,0,0,0,0,0,0,0,0,0,0,0,0,0,0,0,0,0,0,0,0,0,0,0,0,0,0,0,0,0,0,0,0,0,0,0,0,0,14,2022,14
andydalton_no_2022_14,no_2022_14,andydalton_no_2022,no_2022,andydalton,6187,qb,no,1,0,0,0,0,0,0,0,0,0,0,0,0,0,0,0,0,0,0,0,0,0,0,0,0,0,0,0,0,0,0,0,0,0,0,0,0,0,0,0,0,0,0,14,2022,14
skyymoore_kc_2022_14,kc_2022_14,skyymoore_kc_2022,kc_2022,skyymoore,97116,wr,kc,1,1,0,0,0,0,0,0,0,0,0,0,0,0,0,0,0,0,0,0,0,0,0,0,0,0,0,0,0,0,0,0,0,0,0,0,0,0,0,0,0,0,0,14,2022,14
derekwatt_pit_2022_14,pit_2022_14,derekwatt_pit_2022,pit_2022,derekwatt,10832,fb,pit,1,1,0,0,0,0,0,0,0,0,0,0,0,0,0,0,0,0,0,0,0,0,0,0,0,0,0,0,0,0,0,0,0,0,0,0,0,0,0,0,0,0,0,14,2022,14
jonathanwilliams_was_2022_14,was_2022_14,jonathanwilliams_was_2022,was_2022,jonathanwilliams,10790,hb,was,1,1,0,0,0,0,0,0,0,0,0,0,0,0,0,0,0,0,0,0,0,0,0,0,0,0,0,0,0,0,0,0,0,0,0,0,0,0,0,0,0,0,0,14,2022,14
tombrady_tb_2022_14,tb_2022_14,tombrady_tb_2022,tb_2022,tombrady,698,qb,tb,1,1,0,0,0,0,0,0,0,0,0,0,0,0,0,0,0,0,0,0,0,0,0,0,0,0,0,0,0,0,0,0,0,0,0,0,0,0,0,0,0,0,0,14,2022,14
ameerabdullah_lv_2022_14,lv_2022_14,ameerabdullah_lv_2022,lv_2022,ameerabdullah,9487,hb,lv,1,1,0,0,0,0,0,0,0,0,0,0,0,0,0,0,0,0,0,0,0,0,0,0,0,0,0,0,0,0,0,0,0,0,0,0,0,0,0,0,0,0,0,14,2022,14
jasoncabinda_det_2022_14,det_2022_14,jasoncabinda_det_2022,det_2022,jasoncabinda,50714,fb,det,1,1,0,0,0,0,0,0,0,0,0,0,0,0,0,0,0,0,0,0,0,0,0,0,0,0,0,0,0,0,0,0,0,0,0,0,0,0,0,0,0,0,0,14,2022,14
jaylenwarren_pit_2022_14,pit_2022_14,jaylenwarren_pit_2022,pit_2022,jaylenwarren,98692,hb,pit,1,1,1,0,0,0,0,0,0,0,0,0,0,0,0,0,0,0,0,0,0,0,0,0,0,0,0,0,0,0,0,0,0,0,0,0,0,0,0,0,0,0,0,14,2022,14
equanimeousstbrown_chi_2022_14,chi_2022_14,equanimeousstbrown_chi_2022,chi_2022,equanimeousstbrown,47967,wr,chi,1,0,0,0,0,0,0,0,0,0,0,0,0,0,0,0,0,0,0,0,0,0,0,0,0,0,0,0,0,0,0,0,0,0,0,0,0,0,0,0,0,0,0,14,2022,14
parriscampbell_ind_2022_14,ind_2022_14,parriscampbell_ind_2022,ind_2022,parriscampbell,47940,wr,ind,1,1,0,0,0,0,0,0,0,0,0,0,0,0,0,0,0,0,0,0,0,0,0,0,0,0,0,0,0,0,0,0,0,0,0,0,0,0,0,0,0,0,0,14,2022,14
